-- phpMyAdmin SQL Dump
-- version 4.9.0.1
-- https://www.phpmyadmin.net/
--
-- Хост: 127.0.0.1
-- Время создания: Окт 09 2019 г., 12:33
-- Версия сервера: 10.1.34-MariaDB
-- Версия PHP: 5.6.37

SET SQL_MODE = "NO_AUTO_VALUE_ON_ZERO";
SET AUTOCOMMIT = 0;
START TRANSACTION;
SET time_zone = "+00:00";


/*!40101 SET @OLD_CHARACTER_SET_CLIENT=@@CHARACTER_SET_CLIENT */;
/*!40101 SET @OLD_CHARACTER_SET_RESULTS=@@CHARACTER_SET_RESULTS */;
/*!40101 SET @OLD_COLLATION_CONNECTION=@@COLLATION_CONNECTION */;
/*!40101 SET NAMES utf8mb4 */;

--
-- База данных: `elibrary`
--

-- --------------------------------------------------------

--
-- Структура таблицы `authors`
--

CREATE TABLE `authors` (
  `id` int(11) NOT NULL,
  `fio` varchar(255) NOT NULL,
  `post` text NOT NULL,
  `articles_count` int(11) NOT NULL,
  `citation_count` int(11) NOT NULL,
  `hirsch_index` int(11) NOT NULL
) ENGINE=InnoDB DEFAULT CHARSET=utf8;

--
-- Дамп данных таблицы `authors`
--

INSERT INTO `authors` (`id`, `fio`, `post`, `articles_count`, `citation_count`, `hirsch_index`) VALUES
(3305, 'Кусраев Анатолий Георгиевич', 'администрация', 220, 1405, 10),
(8620, 'Джусоева Нонна Анатольевна', 'Факультет математики и информационных технологий, кафедра алгебры и геометрии', 17, 15, 2),
(8622, 'Койбаев Владимир Амурханович', 'кафедра алгебры и геометрии, отдел теории операторов', 60, 168, 5),
(20321, 'Синицын Евгений Валентинович', 'Институт «Высшая школа экономики и менеджмента», Департамент менеджмента, Кафедра Финансовый менеджмент', 74, 457, 11),
(72268, 'Осипов Юрий Михайлович', 'Экономический факультет', 475, 3502, 14),
(74287, 'Фидарова Рима Японовна', 'Северо-Осетинский институт гуманитарных и социальных исследований им. В.И. Абаева - филиал Федерального государственного бюджетного учреждения науки Федерального научного центра \"Владикавказский научный центр Российской академии наук\"', 132, 168, 7),
(75329, 'Колесников Юрий Семенович', '', 91, 1719, 22),
(103859, 'Заалишвили Владислав Борисович', 'геофизический институт - филиал', 749, 3701, 28),
(115663, 'Нестеров Алексей Сергеевич', 'медицинский факультет, кафедра инфекционных и кожно-венерических болезней', 101, 247, 6),
(118404, 'Хабаева Зинаида Григорьевна', 'Факультет химии, биологии и биотехнологии', 15, 85, 2),
(129004, 'Бубнов Вячеслав Анатольевич', 'кафедра финансы и бухгалтерский учет', 50, 197, 6),
(129009, 'Федотов Дмитрий Юрьевич', 'Институт мировой экономики и международных отношений, Кафедра торгового и таможенного дела', 124, 1402, 16),
(129056, 'Чигорина Татьяна Михайловна', 'кафедра органической химии', 48, 46, 3),
(132186, 'Неёлова Ольга Владимировна', 'Факультет химии, биологии и биотехнологии, кафедра общей и неорганической химии', 73, 108, 4),
(132187, 'Кубалова Людмила Муратовна', 'Факультет химии, биологии и биотехнологии', 55, 113, 5),
(175738, 'Артёменко Дмитрий Анатольевич', 'высшая школа бизнеса, кафедра государственных, муниципальных финансов и финансового инжиниринга', 100, 1318, 26),
(175745, 'Артеменко Галина Анатольевна', 'Высшая школа бизнеса, Кафедра государственных, муниципальных финансов и финансового инжиниринга', 30, 290, 8),
(179214, 'Леонтьева Юлия Владимировна', 'институт высшая школа экономики и менеджмента', 68, 470, 9),
(179982, 'Гуриева Светлана Дзахотовна', 'Факультет психологии', 133, 742, 15),
(211888, 'Гуриева Лира Константиновна', 'кафедра менеджмент', 224, 1678, 26),
(230686, 'Максимов Дмитрий Владимирович', '', 2, 0, 0),
(255071, 'Агузарова Лариса Асланбековна', 'Экономический факультет', 92, 776, 19),
(272455, 'Белогуров Анатолий Юльевич', 'Школа бизнеса и международных компетенций, Кафедра педагогики и психологии', 206, 1136, 17),
(272630, 'Беломытцева Ольга Святославовна', 'Институт экономики и менеджмента, кафедра финансов и учета', 42, 265, 8),
(280877, 'Бубнова Юлия Борисовна', 'Институт управления и финансов, Кафедра банковского дела и ценных бумаг', 13, 25, 3),
(281271, 'Буевич Анжелика Петровна', '', 70, 74, 3),
(287564, 'Вертакова Юлия Владимировна', 'Курский филиал', 561, 7282, 43),
(298743, 'Гогицаева Ольга Урузбековна', 'центр социального и гуманитарного образования', 214, 822, 19),
(303886, 'Гринкевич Лариса Сергеевна', 'экономический факультет', 137, 937, 14),
(309197, 'Дегтярева Ирина Викторовна', 'ИНЭК, кафедра экономической теории', 143, 742, 14),
(311699, 'Дзидзоев Валерий Дударович', 'кафедра политологии', 138, 992, 6),
(311760, 'Цуциева Залина Борисовна', 'Факультет географии и геоэкологии', 18, 17, 2),
(325363, 'Засеева Галина Михайловна', 'факультет иностранных языков, кафедра немецкого языка', 8, 5, 2),
(326640, 'Зембатова Лариса Тамерлановна', 'Педагогический факультет, кафедра начального и дошкольного образования', 43, 107, 5),
(330803, 'Иевлев Олег Павлович', 'Деканат Информационных технологий', 21, 15, 2),
(338012, 'Каратаева Галина Евгеньевна', 'Институт экономики и управления', 69, 488, 8),
(346963, 'Койбаев Борис Георгиевич', 'кафедра новой, новейшей истории и исторической политологии', 175, 293, 9),
(346997, 'Кокаева Ирина Юрьевна', 'Педагогический факультет, кафедра начального и дошкольного образования', 146, 502, 13),
(351470, 'Корноухова Инна Ивановна', 'биологический факультет', 3, 10, 1),
(354718, 'Кочисов Валерий Константинович', 'Педагогический факультет, кафедра педагогигики и психологии', 122, 470, 12),
(355370, 'Кравчук Оксана Сергеевна', 'Факультет русской филологии, кафедра русской и зарубежной литературы', 7, 9, 1),
(358439, 'Кудзоева Анжела Федоровна', 'Факультет осетинской филологии', 31, 31, 3),
(364459, 'Лазутина Дарья Васильевна', 'Институты, Финансово-экономический институт', 26, 36, 2),
(368067, 'Линец Сергей Иванович', 'Кафедра исторических и социально-философских дисциплин, востоковедения и теологии', 70, 427, 11),
(373811, 'Майбуров Игорь Анатольевич', 'Институт «Высшая школа экономики и менеджмента», Департамент финансов, Кафедра финансового и налогового менеджмента', 242, 3983, 28),
(375465, 'Малиева Залина Колумбовна', 'Педагогический факультет, кафедра педагогигики и психологии', 54, 235, 8),
(383114, 'Мещерякова Анжела Валерьевна', 'Институт сервиса, туризма и дизайна (филиал) СКФУ в г. Пятигорске', 25, 20, 2),
(397413, 'Новоселов Константин Викторович', 'Департамент налоговой политики и таможенно-тарифного регулирования', 93, 338, 8),
(399715, 'Оказова Зарина Петровна', 'Факультет географии и геоэкологии, кафедра геоэкологии и устойчивого развития', 241, 441, 10),
(400133, 'Олисаева Алиса Васильевна', 'кафедра бухгалтерского учета и налогообложения,', 69, 416, 11),
(403604, 'Панарина Елена Владимировна', 'кафедра всеобщей и отечественной истории', 54, 108, 4),
(408746, 'Пинская Миляуша Рашитовна', 'Департамент налоговой политики и таможенно-тарифного регулирования', 221, 3866, 22),
(424908, 'Рыкун Галина Николаевна', 'филиал Пятигорск, кафедра истории, философии и педагогики', 44, 76, 4),
(433942, 'Серебрякова Елена Дмитриевна', 'Обучающиеся, Студенты', 1, 0, 0),
(437483, 'Скрыльникова Наталья Александровна', 'институт экономики и менеджмента, кафедра экономики', 28, 126, 6),
(440982, 'Сомова Инна Юрьевна', 'преподавательский состав', 33, 31, 3),
(451000, 'Тимошкина Наталья Викторовна', 'Педагогический факультет, кафедра начального и дошкольного образования', 60, 234, 9),
(452391, 'Токарева Гузель Фарисовна', 'кафедра экономической теории', 79, 423, 14),
(454883, 'Туаева Лариса Ахсарбековна', 'кафедра русской и осетинской филологии', 74, 118, 7),
(459070, 'Ушмаева Ксения Алексеевна', 'педагогический факультет', 45, 153, 6),
(467681, 'Хосроева Наталья Ильинична', 'факультет экономики и управления, кафедра менеджмента ', 42, 124, 6),
(472307, 'Черкасова Оксана Васильевна', 'Экономический факультет, Кафедра менеджмента', 41, 33, 3),
(473568, 'Черчесова Сусанна Константиновна', 'Факультет химии, биологии и биотехнологии, кафедра зоологии', 68, 141, 5),
(473780, 'Чехоева Ирма Александровна', 'Экономический факультет, Кафедра истории', 3, 3, 1),
(489643, 'Януш Сергей Владимирович', 'Центр управления учебным процессом, Кафедра философии и истории', 79, 477, 14),
(497832, 'Колиева Ирина Геннадьевна', 'факультет иностранных языков, кафедра немецкого языка', 18, 6, 1),
(511999, 'Дзахова Вероника Тамбиевна', 'факультет иностранных языков, кафедра немецкого языка', 28, 38, 4),
(513183, 'Аникеев Алексей Алексеевич', 'Институт повышения квалификации научно-педагогических кадров', 107, 552, 12),
(518541, 'Бекоев Владимир Исламович', '', 30, 9, 2),
(540375, 'Гетманцева Варвара Владимировна', 'кафедра ХМКТШИ', 162, 1180, 20),
(543075, 'Агузарова Фатима Савкуевна', 'Экономический факультет', 77, 931, 22),
(557786, 'Рубаева Эльма Муратовна', '', 24, 14, 2),
(558641, 'Отиева Рузана Гургеновна', 'факультет иностранных языков, кафедра немецкого языка', 9, 14, 1),
(562634, 'Карташев Андрей Владимирович', 'Кафедра общественного здоровья, организации здравоохранения и медицинской информатики', 64, 167, 5),
(580752, 'Айдарова Нелли Георгиевна', 'кафедра гражданского права', 22, 4, 1),
(593264, 'Бочкарева Зоя Васильевна', '', 13, 214, 4),
(596021, 'Гусова Альбина Дударбековна', 'психолого-педагогический факультет', 68, 62, 4),
(614699, 'Вишневский Валентин Павлович', 'отдел финансово-экономических проблем использования производственного потенциала', 69, 1537, 14),
(619889, 'Королева Людмила Павловна', 'экономический факультет, кафедра теоретической экономики и экономической безопасности', 121, 731, 13),
(622925, 'Понкратов Вадим Витальевич', 'Департамент общественных финансов, Центр финансовой политики', 110, 1376, 23),
(643026, 'Багаутдинова Инна Валерьевна', 'кафедра экономической теории', 28, 132, 6),
(667016, 'Останин Владимир Анатольевич', 'кафедра экономической теории и мировой экономики', 172, 1015, 17),
(667052, 'Галазова Светлана Сергеевна', 'Факультет управления, кафедра экономики и предпринимательства', 127, 766, 16),
(671206, 'Тебиева Деляра Иосифовна', 'Факультет географии и геоэкологии, кафедра физической и социально-экономической географии', 71, 117, 6),
(686725, 'Чихтисов Руслан Авданович', 'факультет социологии и социальной работы', 55, 13, 2),
(689717, 'Рахматулаева Татьяна Гамзатовна', 'Факультет иностранных языков', 19, 3, 1),
(691188, 'Альпидовская Марина Леонидовна', 'Департамент экономической теории', 201, 1354, 21),
(696851, 'Хубулова Светлана Алексеевна', 'Исторический факультет, кафедра новейшей отечественной истории', 131, 344, 9),
(704571, 'Цхададзе Нелли Викторовна', 'кафедра \"Экономическая теория\"', 206, 456, 9),
(706449, 'Шалина Ольга Игоревна', 'кафедра экономической теории', 73, 315, 10),
(708608, 'Махаматова Саида Таировна', 'кафедра экономическая теория', 33, 49, 5),
(710985, 'Гринкевич Анастасия Михайловна', 'Институт экономики и менеджмента, кафедра экономики', 52, 299, 6),
(714686, 'Дзотцоева Анжела Аслановна', 'Юридический факультет', 21, 10, 1),
(714688, 'Дзобелова Валентина Батразовна', 'кафедра бухгалтерского учета и налогообложения', 94, 559, 12),
(716626, 'Татуев Арсен Азидович', 'кафедра конституционного и административного права', 178, 2216, 30),
(728524, 'Касаева Татьяна Викторовна', 'Саратовский социально-экономический институт', 66, 224, 7),
(740500, 'Чайко Наталья Николаевна', 'факультет иностранных языков, кафедра немецкого языка', 23, 0, 0),
(749109, 'Озарнов Руслан Владиславович', 'Департамент мировой экономики и мировых финансов', 9, 7, 1),
(755609, 'Делиева Лариса Михайловна', 'Юридический факультет, Кафедра иностранных языков', 6, 1, 0),
(761696, 'Меняйлов Александр Александрович', 'Институт сервиса, туризма и дизайна (филиал) СКФУ в г. Пятигорске, Школа Кавказского гостеприимства, Кафедра туризма и гостиничного дела', 64, 248, 9),
(765105, 'Ядренникова Елена Викторовна', 'Институт «Высшая школа экономики и менеджмента», Департамент финансов, Кафедра финансового и налогового менеджмента', 33, 397, 6),
(765678, 'Тавасиев Владимир Хасанович', 'кафедра геоэкологии и землеустройства', 55, 454, 15),
(768391, 'Бирагова Фатима Ростиславовна', 'Факультет иностранных языков', 8, 11, 2),
(768652, 'Яблочников Сергей Леонтьевич', 'кафедра математики и информационных технологий управления', 312, 1464, 24),
(768820, 'Батагова Людмила Хазретовна', 'Исторический факультет, кафедра российской истории и кавказоведения', 24, 22, 2),
(768881, 'Баннова Кристина Алексеевна', 'Институты, Финансово-экономический институт, Кафедра экономики и финансов', 100, 556, 12),
(770839, 'Газдарова Аза Хадзбатровна', 'Факультет осетинской филологии', 31, 28, 2),
(771133, 'Талханова Фатима Дзамболатовна', 'кафедра иностранных языков для неязыковых специальностей', 21, 17, 2),
(771302, 'Тедтоева Зинаида Хасанбековна', 'Факультет журналистики', 81, 42, 3),
(771800, 'Афанасьева Юлия Александровна', 'Психолого-педагогический факультет, кафедра психологии', 32, 16, 2),
(772008, 'Кокоева Разита Тембулатовна', 'Факультет психологии и социологии', 64, 101, 6),
(772177, 'Ильченко Виктрия Владимировна', 'факультет психолого-педагогический', 65, 65, 4),
(772375, 'Хадиков Ацамаз Казбекович', 'юридический факультет, кафедра конституционного права', 27, 26, 3),
(772863, 'Колиева Фатима Азамбековна', 'Физико-технический факультет, кафедра технологии и конструирования швейных изделий', 27, 34, 3),
(772934, 'Туаев Гиви Алексеевич', 'кафедра геоэкологии и землеустройства', 10, 16, 2),
(773591, 'Гетманова Елена Сергеевна', 'высшая школа политического управления и инновационного менеджмента, кафедра экономики, менеджмента и финансов', 13, 90, 2),
(774933, 'Годжиев Георгий Тимофеевич', 'факультет физической культуры и спорта, кафедра теории, методики физического воспитания и легкой атлетики', 14, 18, 2),
(776854, 'Воробьева Ирина Николаевна', 'факультет физической культуры и спорта, кафедра теории, методики физического воспитания и легкой атлетики', 23, 91, 5),
(777720, 'Цаликова Марина Борисовна', 'Юридический факультет', 35, 44, 3),
(779018, 'Зураева Аза Владимировна', 'Факультет иностранных языков', 13, 0, 0),
(780250, 'Иванов Юрий Борисович', 'отдел проблем развития региональной экономики', 107, 1833, 16),
(781679, 'Кильметова Рената Рафиковна', 'Юридический факультет', 41, 19, 2),
(799594, 'Тбоева Зарина Эльбрусовна', 'кафедра английской филологии и иностранных языков', 22, 2, 1),
(807575, 'Тальцев Александр Николаевич', 'аспирантура', 9, 6, 1),
(811296, 'Егоров Дмитрий Игоревич', 'химико-технологический факультет', 14, 6, 2),
(816207, 'Умадкереева Ях Жумалдиновна', 'Факультет иностранных языков', 3, 5, 1),
(816803, 'Арсаханова Малютхан Абдул-Хаджиевна', 'Факультет иностранных языков', 18, 9, 1),
(826177, 'Вишневская Елена Николаевна', 'Кафедра экономической теории и государственного управления', 22, 471, 4),
(829170, 'Соколов Дмитрий Павлович', 'Департамент экономической теории', 45, 102, 6),
(846838, 'Терехов Алексей Николаевич', 'Общетехнический 2 факультет', 42, 142, 7),
(871974, 'Цховребова Маргарита Константиновна', 'Юридический факультет, кафедра теории и истории государства и права', 35, 12, 1),
(872478, 'Мамаев Виталий Игоревич', 'Факультет химии, биологии и биотехнологии, кафедра зоологии', 10, 2, 1),
(876475, 'Датиева Инна Артуровна', 'Северо-кавказский научно-исследовательский институт горного и предгорного сельского хозяйства - филиал', 35, 8, 1),
(888270, 'Рысин Юрий Соломонович', 'Факультет \"Информационные технологии\"', 30, 182, 6),
(891196, 'Акоева Мадина Айларовна', 'Факультет управления, кафедра экономики и предпринимательства', 12, 15, 3),
(903884, 'Корецкая-Гармаш Виктория Александровна', 'Институт «Высшая школа экономики и менеджмента», Департамент финансов, Кафедра финансового и налогового менеджмента', 10, 11, 2),
(926514, 'Гаппоева Валентина Созыркоевна', 'Факультет химии, биологии и биотехнологии, кафедра анатомии, физиологии и ботаники', 15, 108, 4),
(930183, 'Симутова Дарья Викторовна', 'Департамент кадров', 6, 1, 1),
(930565, 'Бекоев Александр Камболатович', 'Факультет химии, биологии и биотехнологии', 9, 0, 0),
(930575, 'Цагаева Зарина Казбековна', 'Факультет химии, биологии и биотехнологии', 7, 2, 1),
(930577, 'Дреева Ира Артуровна', 'Факультет химии, биологии и биотехнологии', 2, 1, 1),
(930972, 'Ногаев Сослан Рамазанович', 'Факультет химии, биологии и биотехнологии', 2, 0, 0),
(931038, 'Мукагов Максим Алексеевич', 'Факультет химии, биологии и биотехнологии', 6, 0, 0),
(931097, 'Компанцев Антон Александрович', 'Факультет химии, биологии и биотехнологии', 8, 3, 1),
(931195, 'Джиоева Ия Эдиковна', 'Факультет химии, биологии и биотехнологии, кафедра зоологии', 8, 11, 1),
(936045, 'Казаков Петрос Николаевич', 'факультет международных экономических отношений', 2, 0, 0),
(975526, 'Борисова Екатерина Сергеевна', 'Кафедра \"Государственное и муниципальное управление\"', 39, 23, 2),
(991237, 'Бондаренко Никита Олегович', 'Обучающиеся, Студенты', 12, 6, 2),
(994550, 'Бидаров Батраз Станиславович', 'Экономический факультет', 1, 0, 0),
(1003792, 'Старчунова Елизавета Сергеевна', 'факультет учёт и аудит', 0, 0, 0),
(1003830, 'Победушкина Виктория Александровна', 'Факультет международных экономических отношений', 0, 0, 0),
(1014282, 'Суркова Олеся Александровна', 'Департамент общественных финансов', 7, 0, 0),
(1020667, 'Кузбенова Эльгина Рустамовна', 'Кафедра \"Государственное и муниципальное управление\"', 5, 9, 2),
(1020829, 'Сергиенко Людмила Михайловна', 'Филиал СГПИ в г. Ессентуки', 11, 4, 1),
(1025664, 'Удалов Иван Дмитриевич', 'экономический факультет', 1, 0, 0),
(1027118, 'Руденко Николай Сергеевич', 'Экономический факультет, Кафедра экономики и финансовой политики', 7, 6, 2),
(1032087, 'Шерстюк Юлия Олеговна', 'Факультет торгового и таможенного дела, Кафедра логистики и торговой политики', 4, 0, 0),
(1034928, 'Ососко Яна Сергеевна', '', 2, 0, 0),
(1035064, 'Лачкова Виктория Константиновна', 'Департамент экономической теории', 8, 0, 0),
(1035272, 'Трапезникова Надия Викторовна', 'Кафедра креативно-инновационного управления и права', 6, 12, 2),
(1036766, 'Еременко Игорь Владимирович', 'Департамент анализа данных, принятия решений и финансовых технологий', 3, 1, 1);

-- --------------------------------------------------------

--
-- Структура таблицы `authors_to_organisations`
--

CREATE TABLE `authors_to_organisations` (
  `id` int(11) NOT NULL,
  `authorid` int(11) NOT NULL,
  `orgsid` int(11) NOT NULL
) ENGINE=InnoDB DEFAULT CHARSET=utf8;

--
-- Дамп данных таблицы `authors_to_organisations`
--

INSERT INTO `authors_to_organisations` (`id`, `authorid`, `orgsid`) VALUES
(149, 3305, 19),
(116, 8622, 190),
(88, 20321, 76),
(87, 20321, 847),
(86, 20321, 2541),
(104, 72268, 306),
(103, 72268, 887),
(105, 72268, 2514),
(34, 74287, 13693),
(147, 103859, 99),
(145, 103859, 3038),
(146, 103859, 3229),
(148, 103859, 3958),
(43, 115663, 191),
(44, 115663, 4789),
(59, 129004, 1098),
(89, 129009, 4861),
(97, 132186, 7385),
(52, 175738, 322),
(54, 175738, 2241),
(53, 175738, 14461),
(113, 175745, 13825),
(79, 179214, 262),
(78, 179214, 14535),
(134, 179982, 6170),
(93, 211888, 3145),
(137, 272455, 3027),
(139, 272455, 3356),
(136, 272455, 13860),
(58, 280877, 451),
(115, 287564, 919),
(67, 309197, 2288),
(66, 309197, 7568),
(91, 311699, 4311),
(72, 338012, 641),
(73, 338012, 1108),
(36, 368067, 1600),
(114, 397413, 4240),
(47, 403604, 6078),
(85, 408746, 639),
(84, 408746, 13662),
(45, 440982, 7338),
(46, 440982, 14985),
(35, 454883, 14754),
(42, 459070, 1074),
(40, 459070, 4568),
(41, 459070, 7201),
(98, 473568, 4655),
(39, 489643, 863),
(37, 513183, 7397),
(95, 540375, 210),
(94, 540375, 8076),
(51, 543075, 4758),
(38, 562634, 1813),
(65, 614699, 2826),
(77, 619889, 400),
(61, 643026, 675),
(60, 643026, 780),
(83, 667016, 3881),
(80, 667016, 6505),
(81, 667016, 7082),
(82, 667016, 14004),
(111, 691188, 14381),
(90, 696851, 15293),
(112, 704571, 14026),
(110, 708608, 4008),
(99, 716626, 741),
(101, 716626, 761),
(100, 716626, 5745),
(102, 728524, 3705),
(106, 749109, 901),
(122, 768652, 150),
(119, 768652, 1997),
(118, 768652, 2602),
(126, 768652, 3788),
(128, 768652, 6762),
(130, 768652, 7979),
(124, 768652, 8049),
(120, 768652, 14450),
(132, 768652, 17405),
(57, 768881, 366),
(55, 768881, 549),
(56, 768881, 573),
(33, 772375, 661),
(31, 772375, 1864),
(32, 772375, 14702),
(96, 776854, 924),
(92, 777720, 7813),
(70, 780250, 174),
(71, 780250, 353),
(69, 780250, 3887),
(68, 780250, 15210),
(29, 781679, 844),
(30, 781679, 3319),
(48, 807575, 4812),
(49, 807575, 13701),
(50, 816207, 8009),
(63, 826177, 2883),
(64, 826177, 3018),
(62, 826177, 6992),
(143, 888270, 1070),
(141, 888270, 1494),
(74, 903884, 290),
(75, 903884, 4668),
(76, 903884, 15073),
(108, 930183, 5295),
(107, 1027118, 369),
(109, 1032087, 6749);

-- --------------------------------------------------------

--
-- Структура таблицы `bad_proxy`
--

CREATE TABLE `bad_proxy` (
  `id` int(11) NOT NULL,
  `proxy` varchar(50) NOT NULL,
  `date` datetime NOT NULL DEFAULT CURRENT_TIMESTAMP
) ENGINE=InnoDB DEFAULT CHARSET=utf8;

--
-- Дамп данных таблицы `bad_proxy`
--

INSERT INTO `bad_proxy` (`id`, `proxy`, `date`) VALUES
(4864, '45.120.119.202:54179', '2019-10-08 16:08:40'),
(4865, '41.93.47.2:61684', '2019-10-08 16:08:41'),
(4866, '47.106.216.42:8000', '2019-10-08 16:08:42'),
(4867, '198.100.156.121:80', '2019-10-08 16:08:44'),
(4868, '186.219.210.70:60446', '2019-10-08 16:08:46'),
(4869, '106.75.140.73:8888', '2019-10-08 16:08:47'),
(4870, '103.216.82.37:6666', '2019-10-08 16:08:51'),
(4871, '105.235.193.94:61386', '2019-10-08 16:08:52'),
(4872, '80.87.184.49:41258', '2019-10-08 16:08:54'),
(4873, '180.180.124.248:60098', '2019-10-08 16:08:57'),
(4874, '106.75.140.97:8888', '2019-10-08 16:08:58'),
(4875, '1.20.97.204:50496', '2019-10-08 16:09:00'),
(4876, '195.88.26.9:48346', '2019-10-08 16:09:03'),
(4877, '61.238.82.201:8080', '2019-10-08 16:09:04'),
(4878, '120.132.52.130:8888', '2019-10-08 16:09:04'),
(4879, '37.235.28.37:41353', '2019-10-08 16:09:08'),
(4880, '80.158.44.162:8888', '2019-10-08 16:09:09'),
(4881, '118.174.232.128:45019', '2019-10-08 16:09:13'),
(4882, '193.106.57.37:40594', '2019-10-08 16:09:15'),
(4883, '106.75.135.252:8888', '2019-10-08 16:09:17'),
(4884, '103.76.188.85:51052', '2019-10-08 16:09:20'),
(4885, '106.75.140.92:8888', '2019-10-08 16:09:21'),
(4886, '50.247.207.5:49788', '2019-10-08 16:09:22'),
(4887, '212.205.112.162:57205', '2019-10-08 16:09:26'),
(4888, '106.75.140.215:8888', '2019-10-08 16:09:27'),
(4889, '178.33.44.77:8080', '2019-10-08 16:09:27'),
(4890, '177.92.160.254:54868', '2019-10-08 16:09:32'),
(4891, '110.74.199.125:35604', '2019-10-08 16:09:35'),
(4892, '36.81.1.38:8080', '2019-10-08 16:09:37'),
(4893, '43.240.5.178:53281', '2019-10-08 16:09:40'),
(4894, '145.239.169.40:1080', '2019-10-08 16:09:42'),
(4895, '106.75.140.213:8888', '2019-10-08 16:09:43'),
(4896, '106.75.140.146:8888', '2019-10-08 16:09:43'),
(4897, '106.75.140.130:8888', '2019-10-08 16:09:44'),
(4898, '50.245.201.57:80', '2019-10-08 16:09:44'),
(4899, '106.75.135.228:8888', '2019-10-08 16:09:45'),
(4900, '182.23.2.105:49833', '2019-10-08 16:09:49'),
(4901, '62.182.109.206:41258', '2019-10-08 16:09:54'),
(4902, '125.27.251.124:45861', '2019-10-08 16:09:55'),
(4903, '109.160.86.173:21320', '2019-10-08 16:09:59'),
(4904, '93.170.113.159:59024', '2019-10-08 16:10:00'),
(4905, '139.5.71.94:23500', '2019-10-08 16:10:04'),
(4906, '49.249.251.86:53281', '2019-10-08 16:10:05'),
(4907, '191.103.218.9:53281', '2019-10-08 16:10:09'),
(4908, '145.239.169.44:8080', '2019-10-08 16:10:11'),
(4909, '120.132.52.125:8888', '2019-10-08 16:10:12'),
(4910, '106.75.140.35:8888', '2019-10-08 16:10:16'),
(4911, '104.40.177.48:80', '2019-10-08 16:10:16'),
(4912, '106.75.135.233:8888', '2019-10-08 16:10:18'),
(4913, '106.75.140.219:8888', '2019-10-08 16:10:19'),
(4914, '125.99.100.193:40390', '2019-10-08 16:10:21'),
(4915, '106.75.140.155:8888', '2019-10-08 16:10:22'),
(4916, '106.75.140.91:8888', '2019-10-08 16:10:22'),
(4917, '178.94.225.225:3128', '2019-10-08 16:10:24'),
(4918, '106.75.140.119:8888', '2019-10-08 16:10:26'),
(4919, '106.75.140.72:8888', '2019-10-08 16:10:27'),
(4920, '80.211.135.74:3128', '2019-10-08 16:10:27'),
(4921, '84.245.103.85:33446', '2019-10-08 16:10:31'),
(4922, '201.184.151.58:45718', '2019-10-08 16:10:32'),
(4923, '79.106.35.253:8080', '2019-10-08 16:10:36'),
(4924, '155.93.109.218:51689', '2019-10-08 16:10:38'),
(4925, '195.228.65.108:52378', '2019-10-08 16:10:41'),
(4926, '119.254.94.114:34422', '2019-10-08 16:10:43'),
(4927, '95.165.163.188:60103', '2019-10-08 16:10:46'),
(4928, '110.74.216.216:53495', '2019-10-08 16:10:48'),
(4929, '51.15.136.206:3128', '2019-10-08 16:10:50'),
(4930, '106.75.140.151:8888', '2019-10-08 16:10:51'),
(4931, '187.120.253.119:30181', '2019-10-08 16:10:51'),
(4932, '183.91.33.42:8088', '2019-10-08 16:10:51'),
(4933, '106.75.140.98:8888', '2019-10-08 16:10:52'),
(4934, '106.75.140.76:8888', '2019-10-08 16:10:55'),
(4935, '178.32.80.238:1080', '2019-10-08 16:10:57'),
(4936, '103.206.131.201:49509', '2019-10-08 16:11:00'),
(4937, '54.37.74.251:80', '2019-10-08 16:11:02'),
(4938, '23.229.103.51:8080', '2019-10-08 16:11:03'),
(4939, '188.0.96.49:54460', '2019-10-08 16:11:08'),
(4940, '170.81.141.38:53281', '2019-10-08 16:11:09'),
(4941, '106.75.140.49:8888', '2019-10-08 16:11:13'),
(4942, '77.46.146.252:53281', '2019-10-08 16:11:14'),
(4943, '18.163.35.202:3128', '2019-10-08 16:11:18'),
(4944, '106.75.140.177:8888', '2019-10-08 16:11:18'),
(4945, '159.224.73.208:23500', '2019-10-08 16:11:19'),
(4946, '131.108.116.92:44949', '2019-10-08 16:11:24'),
(4947, '37.29.121.83:8080', '2019-10-08 16:11:24'),
(4948, '106.75.140.87:8888', '2019-10-08 16:11:25'),
(4949, '106.75.140.147:8888', '2019-10-08 16:11:26'),
(4950, '106.75.140.134:8888', '2019-10-08 16:11:26'),
(4951, '106.75.140.170:8888', '2019-10-08 16:11:27'),
(4952, '41.211.126.224:42052', '2019-10-08 16:11:29'),
(4953, '106.75.135.246:8888', '2019-10-08 16:11:29'),
(4954, '212.42.206.56:3128', '2019-10-08 16:11:31'),
(4955, '118.175.93.103:42759', '2019-10-08 16:11:34'),
(4956, '106.75.140.182:8888', '2019-10-08 16:11:35'),
(4957, '212.2.204.181:60725', '2019-10-08 16:11:36'),
(4958, '193.85.228.182:43036', '2019-10-08 16:11:41'),
(4959, '202.166.196.34:58981', '2019-10-08 16:11:46'),
(4960, '106.75.140.209:8888', '2019-10-08 16:11:47'),
(4961, '80.83.137.102:8888', '2019-10-08 16:11:52'),
(4962, '183.91.33.42:90', '2019-10-08 16:11:53'),
(4963, '188.128.84.36:38182', '2019-10-08 16:11:58'),
(4964, '182.163.103.99:56552', '2019-10-08 16:12:03'),
(4965, '181.48.28.66:49057', '2019-10-08 16:12:08'),
(4966, '31.41.93.192:58773', '2019-10-08 16:12:13'),
(4967, '124.41.243.22:47894', '2019-10-08 16:12:18'),
(4968, '213.100.168.84:39351', '2019-10-08 16:12:19'),
(4969, '190.128.26.98:44943', '2019-10-08 16:12:24'),
(4970, '200.89.174.109:80', '2019-10-08 16:12:25'),
(4971, '103.204.84.102:46156', '2019-10-08 16:12:30'),
(4972, '106.75.140.80:8888', '2019-10-08 16:12:32'),
(4973, '18.163.28.249:3128', '2019-10-08 16:12:37'),
(4974, '106.75.140.115:8888', '2019-10-08 16:12:42'),
(4975, '41.193.238.249:8080', '2019-10-08 16:12:42'),
(4976, '106.75.140.69:8888', '2019-10-08 16:12:43'),
(4977, '195.208.43.250:45482', '2019-10-08 16:12:47'),
(4978, '96.87.184.101:43705', '2019-10-08 16:12:48'),
(4979, '77.238.79.111:8080', '2019-10-08 16:12:52'),
(4980, '106.75.135.249:8888', '2019-10-08 16:12:53'),
(4981, '120.132.52.114:8888', '2019-10-08 16:12:53'),
(4982, '106.75.140.63:8888', '2019-10-08 16:12:54'),
(4983, '101.37.118.54:8888', '2019-10-08 16:12:55'),
(4984, '45.166.84.6:8080', '2019-10-08 16:12:58'),
(4985, '106.75.140.139:8888', '2019-10-08 16:12:59'),
(4986, '200.41.94.105:41310', '2019-10-08 16:13:00'),
(4987, '106.75.140.101:8888', '2019-10-08 16:13:04'),
(4988, '95.181.45.234:55878', '2019-10-08 16:13:04'),
(4989, '52.157.177.105:80', '2019-10-08 16:13:06'),
(4990, '51.158.98.81:3128', '2019-10-08 16:13:08'),
(4991, '106.75.140.126:8888', '2019-10-08 16:13:09'),
(4992, '106.75.135.234:8888', '2019-10-08 16:13:09'),
(4993, '187.188.211.73:9991', '2019-10-08 16:13:14'),
(4994, '200.206.50.66:42515', '2019-10-08 16:13:14'),
(4995, '14.162.146.128:40080', '2019-10-08 16:13:20'),
(4996, '190.7.113.59:80', '2019-10-08 16:13:20'),
(4997, '163.172.158.98:3128', '2019-10-08 16:13:22'),
(4998, '46.105.188.176:80', '2019-10-08 16:13:22'),
(4999, '13.52.172.225:3128', '2019-10-08 16:13:23'),
(5000, '145.239.169.45:1080', '2019-10-08 16:13:23'),
(5001, '221.178.232.130:8080', '2019-10-08 16:13:24'),
(5002, '106.75.140.132:8888', '2019-10-08 16:13:27'),
(5003, '190.52.193.108:80', '2019-10-08 16:13:29'),
(5004, '103.250.158.23:61219', '2019-10-08 16:13:34'),
(5005, '120.132.52.121:8888', '2019-10-08 16:13:35'),
(5006, '79.170.192.143:38239', '2019-10-08 16:13:35'),
(5007, '106.75.140.204:8888', '2019-10-08 16:13:35'),
(5008, '106.75.135.245:8888', '2019-10-08 16:13:37'),
(5009, '139.180.163.43:8080', '2019-10-08 16:13:38'),
(5010, '197.231.157.94:51768', '2019-10-08 16:13:40'),
(5011, '139.180.163.43:3128', '2019-10-08 16:13:41'),
(5012, '125.26.7.85:54888', '2019-10-08 16:13:43'),
(5013, '106.75.140.206:8888', '2019-10-08 16:13:44'),
(5014, '140.227.230.89:60088', '2019-10-08 16:13:46'),
(5015, '106.75.140.51:8888', '2019-10-08 16:13:48'),
(5016, '106.75.140.180:8888', '2019-10-08 16:13:48'),
(5017, '95.87.127.133:52287', '2019-10-08 16:13:51'),
(5018, '103.105.40.161:16538', '2019-10-08 16:13:53'),
(5019, '77.48.23.181:38813', '2019-10-08 16:13:56'),
(5020, '103.76.243.154:59938', '2019-10-08 16:13:58'),
(5021, '77.94.112.234:32222', '2019-10-08 16:14:01'),
(5022, '78.8.188.1:32040', '2019-10-08 16:14:04'),
(5023, '86.110.172.54:40512', '2019-10-08 16:14:06'),
(5024, '202.3.72.50:56242', '2019-10-08 16:14:09'),
(5025, '109.70.202.137:41258', '2019-10-08 16:14:11'),
(5026, '157.65.25.99:80', '2019-10-08 16:14:13'),
(5027, '62.201.220.50:43031', '2019-10-08 16:14:14'),
(5028, '106.75.140.127:8888', '2019-10-08 16:14:15'),
(5029, '106.75.140.121:8888', '2019-10-08 16:14:17'),
(5030, '158.255.23.146:33457', '2019-10-08 16:14:18'),
(5031, '192.140.42.83:41308', '2019-10-08 16:14:22'),
(5032, '182.160.124.26:47304', '2019-10-08 16:14:22'),
(5033, '185.57.164.167:80', '2019-10-08 16:14:23'),
(5034, '47.56.16.116:8080', '2019-10-08 16:14:23'),
(5035, '106.75.140.109:8888', '2019-10-08 16:14:26'),
(5036, '106.75.140.158:8888', '2019-10-08 16:14:27'),
(5037, '190.52.193.90:63141', '2019-10-08 16:14:31'),
(5038, '145.239.169.47:1080', '2019-10-08 16:14:32'),
(5039, '68.183.147.115:8080', '2019-10-08 16:14:33'),
(5040, '138.255.165.86:40600', '2019-10-08 16:14:36'),
(5041, '138.68.107.34:80', '2019-10-08 16:14:38'),
(5042, '103.85.63.66:53281', '2019-10-08 16:14:41'),
(5043, '106.75.140.46:8888', '2019-10-08 16:14:43'),
(5044, '41.75.126.50:58178', '2019-10-08 16:14:43'),
(5045, '106.75.140.145:8888', '2019-10-08 16:14:47'),
(5046, '217.182.51.226:1080', '2019-10-08 16:14:48'),
(5047, '120.132.52.132:8888', '2019-10-08 16:14:48'),
(5048, '183.91.33.42:8085', '2019-10-08 16:14:49'),
(5049, '106.75.135.231:8888', '2019-10-08 16:14:50'),
(5050, '94.153.194.14:41258', '2019-10-08 16:14:53'),
(5051, '106.75.140.57:8888', '2019-10-08 16:14:54'),
(5052, '106.75.140.167:8888', '2019-10-08 16:14:55'),
(5053, '103.15.167.124:40649', '2019-10-08 16:14:56'),
(5054, '106.75.140.198:8888', '2019-10-08 16:14:57'),
(5055, '202.21.101.130:41219', '2019-10-08 16:15:00'),
(5056, '178.215.190.240:49465', '2019-10-08 16:15:06'),
(5057, '106.75.140.199:8888', '2019-10-08 16:15:06'),
(5058, '18.163.41.101:3128', '2019-10-08 16:15:10'),
(5059, '91.203.114.74:32653', '2019-10-08 16:15:11'),
(5060, '212.24.148.234:55017', '2019-10-08 16:15:14'),
(5061, '78.30.192.84:46993', '2019-10-08 16:15:18'),
(5062, '118.175.240.205:54552', '2019-10-08 16:15:23'),
(5063, '120.132.52.140:8888', '2019-10-08 16:15:24'),
(5064, '176.31.69.179:8080', '2019-10-08 16:15:27'),
(5065, '78.60.130.181:33861', '2019-10-08 16:15:28'),
(5066, '78.186.237.112:53281', '2019-10-08 16:15:32'),
(5067, '188.235.255.70:32994', '2019-10-08 16:15:33'),
(5068, '120.132.52.142:8888', '2019-10-08 16:15:33'),
(5069, '217.17.98.93:45838', '2019-10-08 16:15:38'),
(5070, '46.101.215.222:8118', '2019-10-08 16:15:38'),
(5071, '165.73.128.225:56975', '2019-10-08 16:15:38'),
(5072, '202.182.121.205:8080', '2019-10-08 16:15:39'),
(5073, '106.75.135.247:8888', '2019-10-08 16:15:40'),
(5074, '106.75.140.220:8888', '2019-10-08 16:15:40'),
(5075, '120.132.52.141:8888', '2019-10-08 16:15:41'),
(5076, '150.107.205.44:48256', '2019-10-08 16:15:43'),
(5077, '46.227.14.107:52689', '2019-10-08 16:15:45'),
(5078, '101.255.63.10:43929', '2019-10-08 16:15:46'),
(5079, '120.132.52.102:8888', '2019-10-08 16:15:47'),
(5080, '106.75.140.32:8888', '2019-10-08 16:15:48'),
(5081, '125.25.45.167:41049', '2019-10-08 16:15:50'),
(5082, '96.9.74.160:39305', '2019-10-08 16:15:53'),
(5083, '139.255.99.162:50031', '2019-10-08 16:15:55'),
(5084, '163.172.164.175:3128', '2019-10-08 16:15:56'),
(5085, '41.217.217.60:56378', '2019-10-08 16:16:01'),
(5086, '2.87.195.249:53281', '2019-10-08 16:16:07'),
(5087, '193.86.25.225:54801', '2019-10-08 16:16:10'),
(5088, '1.10.188.93:34871', '2019-10-08 16:16:15'),
(5089, '120.132.52.131:8888', '2019-10-08 16:16:16'),
(5090, '183.91.33.42:8086', '2019-10-08 16:16:17'),
(5091, '106.75.140.184:8888', '2019-10-08 16:16:18'),
(5092, '168.70.26.227:8385', '2019-10-08 16:16:18'),
(5093, '110.74.199.16:63141', '2019-10-08 16:16:24'),
(5094, '120.132.52.107:8888', '2019-10-08 16:16:24'),
(5095, '200.192.243.137:42253', '2019-10-08 16:16:29'),
(5096, '106.75.140.172:8888', '2019-10-08 16:16:30'),
(5097, '129.205.160.138:54789', '2019-10-08 16:16:35'),
(5098, '195.162.64.27:38668', '2019-10-08 16:16:40'),
(5099, '113.53.82.92:39726', '2019-10-08 16:16:45'),
(5100, '120.132.52.100:8888', '2019-10-08 16:16:46'),
(5101, '106.75.140.38:8888', '2019-10-08 16:16:51'),
(5102, '81.16.10.141:38112', '2019-10-08 16:16:54'),
(5103, '125.209.116.154:52723', '2019-10-08 16:16:59'),
(5104, '106.75.140.185:8888', '2019-10-08 16:17:00'),
(5105, '200.68.13.26:56666', '2019-10-08 16:17:05'),
(5106, '84.244.90.179:41588', '2019-10-08 16:17:10'),
(5107, '18.163.5.239:3128', '2019-10-08 16:17:14'),
(5108, '200.25.254.193:54240', '2019-10-08 16:17:19'),
(5109, '36.91.45.10:53308', '2019-10-08 16:17:26'),
(5110, '94.177.245.130:8080', '2019-10-08 16:17:26'),
(5111, '103.76.200.41:23500', '2019-10-08 16:17:31'),
(5112, '190.152.0.130:37582', '2019-10-08 16:17:35'),
(5113, '110.74.199.68:38805', '2019-10-08 16:17:39'),
(5114, '1.20.101.24:34683', '2019-10-08 16:17:45'),
(5115, '77.236.207.157:44919', '2019-10-08 16:17:50'),
(5116, '109.183.189.238:53959', '2019-10-08 16:17:55'),
(5117, '114.5.128.18:38788', '2019-10-08 16:18:01'),
(5118, '88.146.168.15:60381', '2019-10-08 16:18:03'),
(5119, '106.75.140.74:8888', '2019-10-08 16:18:04'),
(5120, '218.104.61.246:9000', '2019-10-08 16:18:06'),
(5121, '210.245.80.22:6868', '2019-10-08 16:18:10'),
(5122, '125.27.251.24:36048', '2019-10-08 16:18:16'),
(5123, '106.75.135.229:8888', '2019-10-08 16:18:18'),
(5124, '114.134.186.242:31166', '2019-10-08 16:18:23'),
(5125, '120.132.52.103:8888', '2019-10-08 16:18:24'),
(5126, '87.76.10.119:53281', '2019-10-08 16:18:28'),
(5127, '106.75.140.43:8888', '2019-10-08 16:18:29'),
(5128, '105.235.202.74:48898', '2019-10-08 16:18:34'),
(5129, '86.125.112.230:57373', '2019-10-08 16:18:34'),
(5130, '175.100.5.52:30438', '2019-10-08 16:18:39'),
(5131, '109.237.157.125:32221', '2019-10-08 16:18:39'),
(5132, '106.75.135.232:8888', '2019-10-08 16:18:40'),
(5133, '123.63.54.229:55207', '2019-10-08 16:18:44'),
(5134, '187.17.145.237:30279', '2019-10-08 16:18:45'),
(5135, '106.75.140.48:8888', '2019-10-08 16:18:46'),
(5136, '106.75.140.100:8888', '2019-10-08 16:18:47'),
(5137, '200.41.94.97:41310', '2019-10-08 16:18:49'),
(5138, '118.173.233.151:40025', '2019-10-08 16:18:52'),
(5139, '177.202.43.110:38159', '2019-10-08 16:18:54'),
(5140, '106.75.140.40:8888', '2019-10-08 16:18:55'),
(5141, '92.127.155.231:59512', '2019-10-08 16:18:57'),
(5142, '101.51.141.106:59932', '2019-10-08 16:19:00'),
(5143, '125.209.99.14:33472', '2019-10-08 16:19:05'),
(5144, '106.104.12.180:80', '2019-10-08 16:19:05'),
(5145, '106.75.140.52:8888', '2019-10-08 16:19:05'),
(5146, '118.173.232.219:57499', '2019-10-08 16:19:08'),
(5147, '202.137.10.180:50001', '2019-10-08 16:19:10'),
(5148, '178.69.191.120:34953', '2019-10-08 16:19:13'),
(5149, '185.190.155.213:45736', '2019-10-08 16:19:14'),
(5150, '61.19.40.50:61215', '2019-10-08 16:19:15'),
(5151, '103.132.187.30:53281', '2019-10-08 16:19:19'),
(5152, '217.182.51.227:1080', '2019-10-08 16:19:24'),
(5153, '120.132.52.120:8888', '2019-10-08 16:19:25'),
(5154, '125.26.7.115:30012', '2019-10-08 16:19:30'),
(5155, '202.136.89.42:51663', '2019-10-08 16:19:35'),
(5156, '120.132.52.137:8888', '2019-10-08 16:19:46'),
(5157, '106.75.140.62:8888', '2019-10-08 16:19:50'),
(5158, '89.39.108.202:47283', '2019-10-08 16:19:58'),
(5159, '188.128.1.37:8080', '2019-10-08 16:20:03'),
(5160, '150.129.54.111:6666', '2019-10-08 16:20:08'),
(5161, '105.235.197.178:44553', '2019-10-08 16:20:13'),
(5162, '106.75.140.67:8888', '2019-10-08 16:20:17'),
(5163, '1.179.206.201:50667', '2019-10-08 16:20:19'),
(5164, '91.90.188.241:42139', '2019-10-08 16:20:20'),
(5165, '80.211.135.240:3128', '2019-10-08 16:20:21'),
(5166, '1.179.148.9:54938', '2019-10-08 16:20:23'),
(5167, '106.75.140.123:8888', '2019-10-08 16:20:23'),
(5168, '106.75.135.235:8888', '2019-10-08 16:20:24'),
(5169, '183.91.33.42:8082', '2019-10-08 16:20:25'),
(5170, '119.93.152.192:49889', '2019-10-08 16:20:27'),
(5171, '131.221.64.152:23500', '2019-10-08 16:20:30'),
(5172, '106.75.140.85:8888', '2019-10-08 16:20:31'),
(5173, '59.125.31.116:45965', '2019-10-08 16:20:36'),
(5174, '198.211.109.14:80', '2019-10-08 16:20:36'),
(5175, '106.75.140.34:8888', '2019-10-08 16:20:38'),
(5176, '120.132.52.134:8888', '2019-10-08 16:20:39'),
(5177, '18.163.8.222:3128', '2019-10-08 16:20:39'),
(5178, '80.90.88.147:45938', '2019-10-08 16:20:41'),
(5179, '106.75.140.36:8888', '2019-10-08 16:20:42'),
(5180, '218.104.61.245:9000', '2019-10-08 16:20:43'),
(5181, '118.172.201.34:49018', '2019-10-08 16:20:44'),
(5182, '51.15.212.223:3128', '2019-10-08 16:20:44'),
(5183, '159.65.237.253:8080', '2019-10-08 16:20:45'),
(5184, '217.182.51.231:1080', '2019-10-08 16:20:50'),
(5185, '87.249.205.162:3128', '2019-10-08 16:20:55'),
(5186, '145.239.169.43:1080', '2019-10-08 16:21:00'),
(5187, '106.75.140.90:8888', '2019-10-08 16:21:01'),
(5188, '183.91.33.42:8091', '2019-10-08 16:21:01'),
(5189, '193.110.115.220:3128', '2019-10-08 16:21:07'),
(5190, '179.127.243.1:31944', '2019-10-08 16:21:12'),
(5191, '120.132.52.112:8888', '2019-10-08 16:21:13'),
(5192, '18.144.52.51:80', '2019-10-08 16:21:14'),
(5193, '106.75.140.128:8888', '2019-10-08 16:21:15'),
(5194, '106.75.140.88:8888', '2019-10-08 16:21:15'),
(5195, '103.74.220.47:32195', '2019-10-08 16:21:19'),
(5196, '80.90.25.160:40945', '2019-10-08 16:21:20'),
(5197, '106.75.135.254:8888', '2019-10-08 16:21:21'),
(5198, '106.75.140.120:8888', '2019-10-08 16:21:21'),
(5199, '106.75.140.70:8888', '2019-10-08 16:21:22'),
(5200, '106.75.140.54:8888', '2019-10-08 16:21:23'),
(5201, '41.139.223.242:47842', '2019-10-08 16:21:26'),
(5202, '103.206.131.213:49509', '2019-10-08 16:21:28'),
(5203, '188.17.148.31:48098', '2019-10-08 16:21:28'),
(5204, '106.75.140.183:8888', '2019-10-08 16:21:29'),
(5205, '181.57.198.102:46960', '2019-10-08 16:21:30'),
(5206, '177.54.200.65:32689', '2019-10-08 16:21:34'),
(5207, '95.156.82.35:3128', '2019-10-08 16:21:36'),
(5208, '177.85.112.17:34104', '2019-10-08 16:21:41'),
(5209, '212.112.113.27:37393', '2019-10-08 16:21:46'),
(5210, '120.132.52.124:8888', '2019-10-08 16:21:49'),
(5211, '185.96.68.94:8080', '2019-10-08 16:21:51'),
(5212, '203.153.117.65:54144', '2019-10-08 16:21:54'),
(5213, '106.75.140.194:8888', '2019-10-08 16:21:55'),
(5214, '106.75.140.56:8888', '2019-10-08 16:21:56'),
(5215, '36.89.194.113:56353', '2019-10-08 16:21:56'),
(5216, '106.75.140.174:8888', '2019-10-08 16:21:57'),
(5217, '139.5.71.46:23500', '2019-10-08 16:22:01'),
(5218, '197.210.187.46:45753', '2019-10-08 16:22:02'),
(5219, '43.255.113.170:49341', '2019-10-08 16:22:04'),
(5220, '82.196.11.105:3128', '2019-10-08 16:22:04'),
(5221, '106.75.135.239:8888', '2019-10-08 16:22:07'),
(5222, '36.255.87.239:84', '2019-10-08 16:22:12'),
(5223, '106.75.140.131:8888', '2019-10-08 16:22:14'),
(5224, '106.75.140.112:8888', '2019-10-08 16:22:15'),
(5225, '122.152.138.139:8118', '2019-10-08 16:22:19'),
(5226, '81.23.32.47:443', '2019-10-08 16:22:20'),
(5227, '41.75.126.25:41894', '2019-10-08 16:22:25'),
(5228, '157.119.117.189:35522', '2019-10-08 16:22:30'),
(5229, '110.39.52.10:59287', '2019-10-08 16:22:34'),
(5230, '62.162.228.66:32626', '2019-10-08 16:22:39'),
(5231, '61.238.82.202:8080', '2019-10-08 16:22:41'),
(5232, '217.182.51.224:1080', '2019-10-08 16:22:46'),
(5233, '181.129.72.83:39911', '2019-10-08 16:22:51'),
(5234, '106.75.140.181:8888', '2019-10-08 16:22:55'),
(5235, '111.92.243.154:32489', '2019-10-08 16:22:58'),
(5236, '105.235.203.238:49951', '2019-10-08 16:23:03'),
(5237, '106.75.140.118:8888', '2019-10-08 16:23:04'),
(5238, '118.174.232.44:38093', '2019-10-08 16:23:08'),
(5239, '211.23.2.54:3128', '2019-10-08 16:23:09'),
(5240, '106.75.140.125:8888', '2019-10-08 16:23:10'),
(5241, '114.110.22.90:43221', '2019-10-08 16:23:13'),
(5242, '182.52.238.111:30098', '2019-10-08 16:23:15'),
(5243, '36.89.189.239:53281', '2019-10-08 16:23:18'),
(5244, '116.90.229.186:51436', '2019-10-08 16:23:20'),
(5245, '106.75.140.59:8888', '2019-10-08 16:23:21'),
(5246, '200.212.2.88:45612', '2019-10-08 16:23:23'),
(5247, '106.75.140.114:8888', '2019-10-08 16:23:24'),
(5248, '103.21.160.115:35101', '2019-10-08 16:23:25'),
(5249, '103.85.220.90:53539', '2019-10-08 16:23:29'),
(5250, '5.8.208.207:49304', '2019-10-08 16:23:29'),
(5251, '106.75.140.50:8888', '2019-10-08 16:23:30'),
(5252, '106.75.140.84:8888', '2019-10-08 16:23:30'),
(5253, '109.167.209.36:8080', '2019-10-08 16:23:31'),
(5254, '182.53.206.47:47592', '2019-10-08 16:23:35'),
(5255, '36.67.96.7:37554', '2019-10-08 16:23:36'),
(5256, '103.43.43.103:46774', '2019-10-08 16:23:40'),
(5257, '91.192.4.29:8080', '2019-10-08 16:23:41'),
(5258, '94.228.18.58:36707', '2019-10-08 16:23:45'),
(5259, '147.75.113.110:443', '2019-10-08 16:23:49'),
(5260, '120.132.52.126:8888', '2019-10-08 16:23:50'),
(5261, '195.171.16.146:8080', '2019-10-08 16:23:50'),
(5262, '106.75.140.165:8888', '2019-10-08 16:23:51'),
(5263, '45.236.129.88:8080', '2019-10-08 16:23:51'),
(5264, '106.75.140.65:8888', '2019-10-08 16:23:51'),
(5265, '106.75.140.141:8888', '2019-10-08 16:23:52'),
(5266, '106.75.135.242:8888', '2019-10-08 16:23:56'),
(5267, '212.9.133.142:443', '2019-10-08 16:23:57'),
(5268, '181.191.106.126:43716', '2019-10-08 16:24:01'),
(5269, '95.9.194.13:56726', '2019-10-08 16:24:02'),
(5270, '106.75.140.33:8888', '2019-10-08 16:24:03'),
(5271, '106.75.140.37:8888', '2019-10-08 16:24:06'),
(5272, '120.132.52.133:8888', '2019-10-08 16:24:07'),
(5273, '201.204.168.106:63141', '2019-10-08 16:24:08'),
(5274, '183.91.33.42:8084', '2019-10-08 16:24:08'),
(5275, '120.132.52.127:8888', '2019-10-08 16:24:09'),
(5276, '106.75.140.45:8888', '2019-10-08 16:24:09'),
(5277, '108.160.140.30:3128', '2019-10-08 16:24:13'),
(5278, '141.101.236.49:61853', '2019-10-08 16:24:14'),
(5279, '213.109.6.85:45985', '2019-10-08 16:24:18'),
(5280, '103.94.171.134:46276', '2019-10-08 16:24:19'),
(5281, '106.75.140.162:8888', '2019-10-08 16:24:20'),
(5282, '106.75.140.192:8888', '2019-10-08 16:24:21'),
(5283, '189.51.101.126:39108', '2019-10-08 16:24:23'),
(5284, '223.165.1.170:44685', '2019-10-08 16:24:28'),
(5285, '212.237.38.168:3128', '2019-10-08 16:24:29'),
(5286, '185.171.52.234:49532', '2019-10-08 16:24:30'),
(5287, '106.75.140.188:8888', '2019-10-08 16:24:31'),
(5288, '45.122.221.168:3128', '2019-10-08 16:24:34'),
(5289, '106.75.140.137:8888', '2019-10-08 16:24:35'),
(5290, '125.110.86.229:9000', '2019-10-08 16:24:36'),
(5291, '41.223.66.73:8080', '2019-10-08 16:24:40'),
(5292, '141.125.82.106:80', '2019-10-08 16:24:42'),
(5293, '114.67.229.212:8080', '2019-10-08 16:24:43'),
(5294, '80.211.135.74:8080', '2019-10-08 16:24:43'),
(5295, '182.52.51.36:52165', '2019-10-08 16:24:45'),
(5296, '157.55.199.147:80', '2019-10-08 16:24:48'),
(5297, '217.182.51.228:1080', '2019-10-08 16:24:50'),
(5298, '213.160.189.203:41569', '2019-10-08 16:24:52'),
(5299, '180.250.204.91:80', '2019-10-08 16:24:54'),
(5300, '109.110.73.106:51528', '2019-10-08 16:24:58'),
(5301, '35.199.23.115:8080', '2019-10-08 16:25:01'),
(5302, '18.163.41.238:3128', '2019-10-08 16:25:04'),
(5303, '94.232.11.178:55735', '2019-10-08 16:25:10'),
(5304, '178.128.151.27:80', '2019-10-08 16:25:15'),
(5305, '74.113.173.78:47208', '2019-10-08 16:25:20'),
(5306, '130.0.25.46:34964', '2019-10-08 16:25:25'),
(5307, '31.170.61.68:80', '2019-10-08 16:25:26'),
(5308, '47.107.133.109:8000', '2019-10-08 16:25:27'),
(5309, '106.75.135.248:8888', '2019-10-08 16:25:29'),
(5310, '41.87.29.130:8080', '2019-10-08 16:25:34'),
(5311, '106.75.140.122:8888', '2019-10-08 16:25:35'),
(5312, '120.132.52.118:8888', '2019-10-08 16:25:36'),
(5313, '118.174.220.130:41419', '2019-10-08 16:25:41'),
(5314, '93.93.61.93:53281', '2019-10-08 16:25:46'),
(5315, '18.163.41.146:3128', '2019-10-08 16:25:50'),
(5316, '185.183.185.175:8080', '2019-10-08 16:25:50'),
(5317, '106.75.140.224:8888', '2019-10-08 16:25:51'),
(5318, '110.74.222.106:52247', '2019-10-08 16:25:56'),
(5319, '101.109.255.97:47068', '2019-10-08 16:26:01'),
(5320, '190.196.72.166:32637', '2019-10-08 16:26:03'),
(5321, '94.74.165.126:80', '2019-10-08 16:26:04'),
(5322, '18.163.50.18:3128', '2019-10-08 16:26:07'),
(5323, '186.232.15.9:45849', '2019-10-08 16:26:12'),
(5324, '103.240.168.138:60780', '2019-10-08 16:26:15'),
(5325, '61.238.82.203:8080', '2019-10-08 16:26:17'),
(5326, '106.75.140.41:8888', '2019-10-08 16:26:21'),
(5327, '183.91.33.42:8090', '2019-10-08 16:26:21'),
(5328, '5.196.132.115:3128', '2019-10-08 16:26:26'),
(5329, '87.250.218.12:36570', '2019-10-08 16:26:31'),
(5330, '106.75.140.55:8888', '2019-10-08 16:26:32'),
(5331, '159.224.44.19:35672', '2019-10-08 16:26:34'),
(5332, '106.75.140.110:8888', '2019-10-08 16:26:35'),
(5333, '182.61.179.157:8888', '2019-10-08 16:26:36'),
(5334, '103.15.83.58:32654', '2019-10-08 16:26:39'),
(5335, '106.75.140.95:8888', '2019-10-08 16:26:41'),
(5336, '5.63.188.165:44281', '2019-10-08 16:26:42'),
(5337, '95.134.195.78:48935', '2019-10-08 16:26:44'),
(5338, '120.132.52.105:8888', '2019-10-08 16:26:45'),
(5339, '45.71.80.1:37836', '2019-10-08 16:26:51'),
(5340, '120.132.52.108:8888', '2019-10-08 16:26:51'),
(5341, '182.160.127.53:39984', '2019-10-08 16:26:54'),
(5342, '203.124.47.98:63141', '2019-10-08 16:26:57'),
(5343, '106.75.140.207:8888', '2019-10-08 16:26:57'),
(5344, '200.195.188.2:46329', '2019-10-08 16:26:59'),
(5345, '106.75.140.193:8888', '2019-10-08 16:27:00'),
(5346, '106.75.140.179:8888', '2019-10-08 16:27:01'),
(5347, '46.32.69.252:8118', '2019-10-08 16:27:03'),
(5348, '207.191.15.166:38528', '2019-10-08 16:27:06'),
(5349, '106.75.140.81:8888', '2019-10-08 16:27:07'),
(5350, '182.253.121.4:33293', '2019-10-08 16:27:08'),
(5351, '106.75.140.93:8888', '2019-10-08 16:27:09'),
(5352, '80.211.90.57:80', '2019-10-08 16:27:09'),
(5353, '176.31.69.180:8080', '2019-10-08 16:27:09'),
(5354, '106.75.140.176:8888', '2019-10-08 16:27:10'),
(5355, '120.132.52.109:8888', '2019-10-08 16:27:10'),
(5356, '106.75.140.108:8888', '2019-10-08 16:27:11'),
(5357, '23.254.230.112:3128', '2019-10-08 16:27:15'),
(5358, '217.219.179.60:5220', '2019-10-08 16:27:19'),
(5359, '118.174.220.164:61858', '2019-10-08 16:27:19'),
(5360, '27.188.65.244:8060', '2019-10-08 16:27:24'),
(5361, '37.17.38.196:53281', '2019-10-08 16:27:30'),
(5362, '190.7.113.63:80', '2019-10-08 16:27:31'),
(5363, '207.148.109.55:3128', '2019-10-08 16:27:35'),
(5364, '118.174.232.92:45759', '2019-10-08 16:27:41'),
(5365, '185.247.64.23:80', '2019-10-08 16:27:42'),
(5366, '37.59.35.174:8080', '2019-10-08 16:27:46'),
(5367, '45.71.80.2:54896', '2019-10-08 16:27:50'),
(5368, '177.54.200.10:57969', '2019-10-08 16:27:55'),
(5369, '120.132.52.115:8888', '2019-10-08 16:27:56'),
(5370, '181.129.141.210:37704', '2019-10-08 16:27:59'),
(5371, '103.250.152.22:52572', '2019-10-08 16:28:01'),
(5372, '120.132.52.111:8888', '2019-10-08 16:28:01'),
(5373, '18.163.50.84:3128', '2019-10-08 16:28:02'),
(5374, '222.89.32.182:9999', '2019-10-08 16:28:08'),
(5375, '134.209.162.5:80', '2019-10-08 16:28:08'),
(5376, '169.57.1.85:80', '2019-10-08 16:28:09'),
(5377, '103.75.209.74:55400', '2019-10-08 16:28:11'),
(5378, '103.25.168.22:44002', '2019-10-08 16:28:14'),
(5379, '200.24.84.4:39136', '2019-10-08 16:28:16'),
(5380, '120.132.52.104:8888', '2019-10-08 16:28:17'),
(5381, '77.28.97.78:31977', '2019-10-08 16:28:19'),
(5382, '1.20.101.90:37006', '2019-10-08 16:28:22'),
(5383, '176.31.69.178:8080', '2019-10-08 16:28:24'),
(5384, '222.223.203.104:8060', '2019-10-08 16:28:24'),
(5385, '217.182.51.225:1080', '2019-10-08 16:28:29'),
(5386, '82.147.120.38:42128', '2019-10-08 16:28:29'),
(5387, '106.75.140.133:8888', '2019-10-08 16:28:30'),
(5388, '5.59.141.68:61602', '2019-10-08 16:28:34'),
(5389, '109.120.224.33:33221', '2019-10-08 16:28:35'),
(5390, '190.128.234.22:51507', '2019-10-08 16:28:38'),
(5391, '119.82.253.63:34110', '2019-10-08 16:28:40'),
(5392, '106.75.140.86:8888', '2019-10-08 16:28:41'),
(5393, '110.172.160.66:48449', '2019-10-08 16:28:44'),
(5394, '159.224.220.63:44299', '2019-10-08 16:28:46'),
(5395, '18.163.8.211:3128', '2019-10-08 16:28:48'),
(5396, '180.250.153.129:53281', '2019-10-08 16:28:51'),
(5397, '176.31.69.177:1080', '2019-10-08 16:28:53'),
(5398, '', '2019-10-08 16:28:54'),
(5399, '103.250.68.193:51370', '2019-10-08 16:28:59'),
(5400, '1.10.187.149:44976', '2019-10-08 16:28:59'),
(5401, '106.75.140.107:8888', '2019-10-08 16:28:59'),
(5402, '106.75.140.79:8888', '2019-10-08 16:29:00'),
(5403, '106.75.140.102:8888', '2019-10-08 16:29:00'),
(5404, '175.100.72.95:32215', '2019-10-08 16:29:02'),
(5405, '106.75.135.250:8888', '2019-10-08 16:29:03'),
(5406, '84.19.38.41:51885', '2019-10-08 16:29:05'),
(5407, '106.75.140.68:8888', '2019-10-08 16:29:06'),
(5408, '106.75.135.241:8888', '2019-10-08 16:29:07'),
(5409, '217.73.133.102:39102', '2019-10-08 16:29:08'),
(5410, '103.242.14.68:31127', '2019-10-08 16:29:12'),
(5411, '175.139.179.65:49031', '2019-10-08 16:29:13'),
(5412, '47.75.90.57:80', '2019-10-08 16:29:14'),
(5413, '104.248.195.182:3128', '2019-10-08 16:29:15'),
(5414, '145.239.169.42:8080', '2019-10-08 16:29:17'),
(5415, '197.245.230.122:36844', '2019-10-08 16:29:20'),
(5416, '103.225.228.105:58732', '2019-10-08 16:29:26'),
(5417, '130.193.124.171:56955', '2019-10-08 16:29:31'),
(5418, '125.26.99.241:54894', '2019-10-08 16:29:36'),
(5419, '104.214.71.169:8080', '2019-10-08 16:29:37'),
(5420, '118.27.5.147:3128', '2019-10-08 16:29:42'),
(5421, '101.255.64.246:32663', '2019-10-08 16:29:46'),
(5422, '106.75.140.39:8888', '2019-10-08 16:29:47'),
(5423, '103.92.212.1:43399', '2019-10-08 16:29:51'),
(5424, '154.117.176.102:23500', '2019-10-08 16:29:52'),
(5425, '193.34.55.64:50099', '2019-10-08 16:29:56'),
(5426, '198.199.119.119:3128', '2019-10-08 16:29:57'),
(5427, '23.254.230.71:3128', '2019-10-08 16:30:02'),
(5428, '213.154.0.120:53281', '2019-10-08 16:30:06'),
(5429, '92.114.234.206:59073', '2019-10-08 16:30:11'),
(5430, '170.210.80.241:3128', '2019-10-08 16:30:16'),
(5431, '118.173.233.39:48988', '2019-10-08 16:30:17'),
(5432, '106.75.140.205:8888', '2019-10-08 16:30:18'),
(5433, '120.132.52.136:8888', '2019-10-08 16:30:18'),
(5434, '177.184.66.13:8080', '2019-10-08 16:30:20'),
(5435, '212.210.138.140:53281', '2019-10-08 16:30:23'),
(5436, '59.153.18.170:53281', '2019-10-08 16:30:26'),
(5437, '106.75.140.153:8888', '2019-10-08 16:30:27'),
(5438, '202.57.52.18:57126', '2019-10-08 16:30:31'),
(5439, '35.240.139.161:8080', '2019-10-08 16:30:32'),
(5440, '89.162.184.18:80', '2019-10-08 16:30:32'),
(5441, '106.75.140.189:8888', '2019-10-08 16:30:33'),
(5442, '106.75.140.200:8888', '2019-10-08 16:30:34'),
(5443, '183.234.241.105:8118', '2019-10-08 16:30:34'),
(5444, '185.42.225.114:32231', '2019-10-08 16:30:37'),
(5445, '109.224.1.210:50617', '2019-10-08 16:30:40'),
(5446, '217.182.51.224:8080', '2019-10-08 16:30:40'),
(5447, '106.75.140.152:8888', '2019-10-08 16:30:41'),
(5448, '120.132.52.119:8888', '2019-10-08 16:30:45'),
(5449, '106.75.140.159:8888', '2019-10-08 16:30:45'),
(5450, '138.97.12.150:49649', '2019-10-08 16:30:46'),
(5451, '78.36.140.201:8080', '2019-10-08 16:30:47'),
(5452, '103.69.220.2:49433', '2019-10-08 16:30:51'),
(5453, '182.16.171.18:53281', '2019-10-08 16:30:52'),
(5454, '106.75.140.96:8888', '2019-10-08 16:30:53'),
(5455, '217.182.120.167:8080', '2019-10-08 16:30:56'),
(5456, '81.90.189.50:80', '2019-10-08 16:30:57'),
(5457, '69.130.120.228:46439', '2019-10-08 16:30:57'),
(5458, '46.175.237.96:40969', '2019-10-08 16:31:02'),
(5459, '186.235.158.53:45403', '2019-10-08 16:31:02'),
(5460, '41.190.95.20:56167', '2019-10-08 16:31:05'),
(5461, '118.172.211.37:58728', '2019-10-08 16:31:07'),
(5462, '118.174.220.14:43473', '2019-10-08 16:31:10'),
(5463, '120.132.52.135:8888', '2019-10-08 16:31:11'),
(5464, '103.239.253.154:8080', '2019-10-08 16:31:11'),
(5465, '103.101.56.121:49466', '2019-10-08 16:31:11'),
(5466, '118.173.232.215:43186', '2019-10-08 16:31:13'),
(5467, '176.102.48.105:32013', '2019-10-08 16:31:16'),
(5468, '47.106.197.184:8000', '2019-10-08 16:31:17'),
(5469, '106.75.140.196:8888', '2019-10-08 16:31:18'),
(5470, '200.24.240.187:35414', '2019-10-08 16:31:18'),
(5471, '106.75.140.117:8888', '2019-10-08 16:31:19'),
(5472, '77.244.16.5:30614', '2019-10-08 16:31:23'),
(5473, '154.66.109.105:57444', '2019-10-08 16:31:24'),
(5474, '103.250.157.46:37013', '2019-10-08 16:31:28'),
(5475, '81.163.54.123:41258', '2019-10-08 16:31:29'),
(5476, '106.75.140.168:8888', '2019-10-08 16:31:30'),
(5477, '213.6.149.138:41088', '2019-10-08 16:31:33'),
(5478, '89.109.23.122:8888', '2019-10-08 16:31:35'),
(5479, '106.75.140.175:8888', '2019-10-08 16:31:36'),
(5480, '106.75.140.140:8888', '2019-10-08 16:31:38'),
(5481, '45.248.138.210:59714', '2019-10-08 16:31:42'),
(5482, '212.156.149.38:53100', '2019-10-08 16:31:43'),
(5483, '185.204.208.78:8080', '2019-10-08 16:31:47'),
(5484, '31.170.60.207:80', '2019-10-08 16:31:47'),
(5485, '194.44.172.254:23500', '2019-10-08 16:31:48'),
(5486, '109.175.29.22:35949', '2019-10-08 16:31:53'),
(5487, '103.6.104.105:38898', '2019-10-08 16:31:53'),
(5488, '106.75.140.191:8888', '2019-10-08 16:31:57'),
(5489, '46.229.206.135:39083', '2019-10-08 16:31:57'),
(5490, '68.183.147.115:80', '2019-10-08 16:31:58'),
(5491, '18.163.35.15:3128', '2019-10-08 16:32:01'),
(5492, '114.130.92.14:49167', '2019-10-08 16:32:02'),
(5493, '106.75.140.148:8888', '2019-10-08 16:32:06'),
(5494, '93.179.209.216:57520', '2019-10-08 16:32:06'),
(5495, '78.57.192.253:41091', '2019-10-08 16:32:10'),
(5496, '89.34.202.96:56624', '2019-10-08 16:32:12'),
(5497, '186.189.235.97:8080', '2019-10-08 16:32:13'),
(5498, '177.152.187.218:53243', '2019-10-08 16:32:15'),
(5499, '203.177.133.148:47153', '2019-10-08 16:32:18'),
(5500, '145.239.169.42:1080', '2019-10-08 16:32:19'),
(5501, '188.6.197.119:39364', '2019-10-08 16:32:25'),
(5502, '14.162.146.38:52385', '2019-10-08 16:32:30'),
(5503, '106.75.140.186:8888', '2019-10-08 16:32:31'),
(5504, '106.75.140.203:8888', '2019-10-08 16:32:33'),
(5505, '195.189.71.187:44911', '2019-10-08 16:32:35'),
(5506, '167.99.146.5:8080', '2019-10-08 16:32:35'),
(5507, '59.127.243.97:59324', '2019-10-08 16:32:38'),
(5508, '106.75.140.78:8888', '2019-10-08 16:32:39'),
(5509, '198.199.119.119:8080', '2019-10-08 16:32:39'),
(5510, '31.22.26.47:6666', '2019-10-08 16:32:40'),
(5511, '114.57.49.66:53281', '2019-10-08 16:32:44'),
(5512, '188.72.6.98:57778', '2019-10-08 16:32:46'),
(5513, '93.117.72.27:55871', '2019-10-08 16:32:51'),
(5514, '106.75.140.178:8888', '2019-10-08 16:32:52'),
(5515, '89.237.33.1:37647', '2019-10-08 16:32:56'),
(5516, '109.194.33.242:53281', '2019-10-08 16:32:57'),
(5517, '176.31.69.180:1080', '2019-10-08 16:32:59'),
(5518, '106.75.140.218:8888', '2019-10-08 16:33:00'),
(5519, '200.35.43.89:49364', '2019-10-08 16:33:02'),
(5520, '106.75.135.236:8888', '2019-10-08 16:33:03'),
(5521, '157.230.39.76:8080', '2019-10-08 16:33:04'),
(5522, '143.255.52.90:8080', '2019-10-08 16:33:05'),
(5523, '187.141.164.242:31120', '2019-10-08 16:33:09'),
(5524, '188.137.101.135:33119', '2019-10-08 16:33:10'),
(5525, '200.0.46.50:37232', '2019-10-08 16:33:13'),
(5526, '93.87.5.70:37641', '2019-10-08 16:33:16'),
(5527, '185.78.221.113:80', '2019-10-08 16:33:18'),
(5528, '217.182.51.230:1080', '2019-10-08 16:33:19'),
(5529, '125.25.80.39:42790', '2019-10-08 16:33:21'),
(5530, '41.160.40.2:37741', '2019-10-08 16:33:24'),
(5531, '1.186.40.177:54754', '2019-10-08 16:33:26'),
(5532, '85.237.46.168:8888', '2019-10-08 16:33:31'),
(5533, '106.75.140.42:8888', '2019-10-08 16:33:32'),
(5534, '194.28.222.1:31227', '2019-10-08 16:33:34'),
(5535, '81.4.255.25:3128', '2019-10-08 16:33:36'),
(5536, '85.175.226.106:41175', '2019-10-08 16:33:41'),
(5537, '177.154.224.206:44488', '2019-10-08 16:33:46'),
(5538, '212.67.65.82:33469', '2019-10-08 16:33:46'),
(5539, '120.132.52.128:8888', '2019-10-08 16:33:47'),
(5540, '45.71.108.18:46114', '2019-10-08 16:33:51'),
(5541, '154.127.32.174:35432', '2019-10-08 16:33:52'),
(5542, '80.32.122.118:60971', '2019-10-08 16:33:56'),
(5543, '136.255.150.186:8080', '2019-10-08 16:33:59'),
(5544, '183.91.33.42:80', '2019-10-08 16:34:00'),
(5545, '91.200.114.58:55979', '2019-10-08 16:34:05'),
(5546, '105.28.121.211:40638', '2019-10-08 16:34:10'),
(5547, '13.52.172.225:80', '2019-10-08 16:34:11'),
(5548, '200.89.174.109:8080', '2019-10-08 16:34:11'),
(5549, '188.128.87.218:8080', '2019-10-08 16:34:16'),
(5550, '182.53.96.215:47363', '2019-10-08 16:34:21'),
(5551, '197.159.136.102:36471', '2019-10-08 16:34:28'),
(5552, '106.75.140.190:8888', '2019-10-08 16:34:29'),
(5553, '36.37.113.4:36485', '2019-10-08 16:34:34'),
(5554, '106.75.140.149:8888', '2019-10-08 16:34:35'),
(5555, '94.244.44.67:50546', '2019-10-08 16:34:37'),
(5556, '106.75.140.129:8888', '2019-10-08 16:34:38'),
(5557, '5.140.233.65:48345', '2019-10-08 16:34:40'),
(5558, '216.10.242.231:80', '2019-10-08 16:34:41'),
(5559, '163.204.244.230:9999', '2019-10-08 16:34:46'),
(5560, '186.219.211.9:47982', '2019-10-08 16:34:46'),
(5561, '62.159.156.142:80', '2019-10-08 16:34:46'),
(5562, '188.225.9.121:8080', '2019-10-08 16:34:46'),
(5563, '120.132.52.101:8888', '2019-10-08 16:34:47'),
(5564, '92.46.126.55:59086', '2019-10-08 16:34:51'),
(5565, '177.126.216.149:39353', '2019-10-08 16:34:56'),
(5566, '36.89.190.163:30298', '2019-10-08 16:34:59'),
(5567, '3.14.79.79:80', '2019-10-08 16:35:00'),
(5568, '110.74.195.215:44975', '2019-10-08 16:35:00'),
(5569, '176.98.95.247:52919', '2019-10-08 16:35:03'),
(5570, '221.206.100.133:54781', '2019-10-08 16:35:05'),
(5571, '110.74.209.202:49239', '2019-10-08 16:35:08'),
(5572, '105.235.201.142:51552', '2019-10-08 16:35:11'),
(5573, '1.20.100.227:57396', '2019-10-08 16:35:13'),
(5574, '200.35.56.89:33310', '2019-10-08 16:35:16'),
(5575, '106.75.140.135:8888', '2019-10-08 16:35:16'),
(5576, '181.118.155.4:50462', '2019-10-08 16:35:18'),
(5577, '87.121.49.250:53281', '2019-10-08 16:35:23'),
(5578, '212.14.243.66:49300', '2019-10-08 16:35:29'),
(5579, '18.163.8.37:3128', '2019-10-08 16:35:32'),
(5580, '102.129.249.67:3129', '2019-10-08 16:35:33'),
(5581, '220.167.170.122:8060', '2019-10-08 16:35:34'),
(5582, '182.52.51.19:32558', '2019-10-08 16:35:38'),
(5583, '163.204.246.49:9999', '2019-10-08 16:35:39'),
(5584, '34.240.97.171:3130', '2019-10-08 16:35:43'),
(5585, '101.109.245.154:33341', '2019-10-08 16:35:44'),
(5586, '103.28.86.241:61954', '2019-10-08 16:35:49'),
(5587, '203.176.135.98:33747', '2019-10-08 16:35:54'),
(5588, '109.120.220.52:44517', '2019-10-08 16:35:56'),
(5589, '102.176.160.70:61279', '2019-10-08 16:36:02'),
(5590, '186.189.235.49:8080', '2019-10-08 16:36:02'),
(5591, '106.75.140.216:8888', '2019-10-08 16:36:04'),
(5592, '89.31.125.95:80', '2019-10-08 16:36:06'),
(5593, '91.114.23.114:60344', '2019-10-08 16:36:11'),
(5594, '154.126.209.233:44042', '2019-10-08 16:36:16'),
(5595, '120.132.52.138:8888', '2019-10-08 16:36:17'),
(5596, '114.69.238.67:44603', '2019-10-08 16:36:22'),
(5597, '202.154.180.53:44009', '2019-10-08 16:36:26');

-- --------------------------------------------------------

--
-- Структура таблицы `mylog`
--

CREATE TABLE `mylog` (
  `id` int(11) NOT NULL,
  `datetime` datetime NOT NULL,
  `value` text NOT NULL,
  `dop` varchar(255) NOT NULL
) ENGINE=InnoDB DEFAULT CHARSET=utf8;

-- --------------------------------------------------------

--
-- Структура таблицы `organisations`
--

CREATE TABLE `organisations` (
  `id` int(11) NOT NULL,
  `name` varchar(500) NOT NULL,
  `name_en` varchar(500) NOT NULL,
  `type` varchar(255) NOT NULL,
  `city` varchar(255) NOT NULL,
  `country` varchar(255) NOT NULL,
  `region` varchar(255) NOT NULL
) ENGINE=InnoDB DEFAULT CHARSET=utf8;

--
-- Дамп данных таблицы `organisations`
--

INSERT INTO `organisations` (`id`, `name`, `name_en`, `type`, `city`, `country`, `region`) VALUES
(19, 'Федеральное государственное бюджетное учреждение науки Институт математики имени С.Л. Соболева Сибирского отделения Российской академии наук', 'Sobolev Institute of Mathematics, Siberian Branch of the Russian Academy of Sciences', 'Научно-исследовательский институт', 'Новосибирск', 'Россия', 'Новосибирская область'),
(54, 'Федеральное государственное бюджетное учреждение науки Институт химии твердого тела Уральского отделения Российской академии наук', 'Institute of Solid State Chemistry, Ural Branch of the Russian Academy of Sciences', 'Научно-исследовательский институт', 'Екатеринбург', 'Россия', 'Свердловская область'),
(76, 'Федеральное государственное бюджетное учреждение науки Институт физики металлов имени М.Н. Михеева Уральского отделения Российской академии наук', 'M.N. Mikheev Institute of Metal Physics of Ural Branch of the Russian Academy of Sciences', 'Научно-исследовательский институт', 'Екатеринбург', 'Россия', 'Свердловская область'),
(99, 'Федеральное государственное бюджетное учреждение науки Институт физики Земли имени О.Ю. Шмидта Российской академии наук', 'Institute of the Earth Physics of the Russian Academy of Sciences', 'Научно-исследовательский институт', 'Москва', 'Россия', 'Москва'),
(150, 'Федеральное государственное автономное образовательное учреждение высшего образования \"Московский физико-технический институт (национальный исследовательский университет)\"', 'Moscow Institute of Physics and Technology', 'Высшее учебное заведение', 'Долгопрудный', 'Россия', 'Московская область'),
(174, 'Федеральное государственное бюджетное учреждение Национальный исследовательский центр \"Курчатовский институт\"', 'National Research Centre \"Kurchatov Institute\"', 'Научный центр', 'Москва', 'Россия', 'Москва'),
(190, 'Федеральное государственное бюджетное образовательное учреждение высшего образования \"Санкт-Петербургский государственный университет\"', 'Saint-Petersburg State University', 'Высшее учебное заведение', 'Санкт-Петербург', 'Россия', 'Санкт-Петербург'),
(191, 'Федеральное государственное бюджетное образовательное учреждение высшего образования Ульяновский государственный университет', 'Ulyanovsk State University', 'Высшее учебное заведение', 'Ульяновск', 'Россия', 'Ульяновская область'),
(210, 'Федеральное государственное бюджетное образовательное учреждение высшего образования Кубанский государственный университет', 'Kuban State University', 'Высшее учебное заведение', 'Краснодар', 'Россия', 'Краснодарский край'),
(262, 'Федеральное государственное автономное образовательное учреждение высшего образования Дальневосточный федеральный университет', 'Far Eastern Federal University', 'Высшее учебное заведение', 'Владивосток', 'Россия', 'Приморский край'),
(290, 'Федеральное государственное автономное образовательное учреждение высшего образования \"Уральский федеральный университет имени первого Президента России Б.Н. Ельцина\"', 'Ural Federal University', 'Высшее учебное заведение', 'Екатеринбург', 'Россия', 'Свердловская область'),
(306, 'Федеральное государственное автономное образовательное учреждение высшего профессионального образования Волгоградский государственный университет', 'Volgograd State University', 'Высшее учебное заведение', 'Волгоград', 'Россия', 'Волгоградская область'),
(322, 'Федеральное государственное автономное образовательное учреждение высшего образования \"Южный федеральный университет\"', 'Southern Federal University', 'Высшее учебное заведение', 'Ростов-на-Дону', 'Россия', 'Ростовская область'),
(353, 'Федеральное государственное автономное образовательное учреждение высшего образования \"Национальный исследовательский ядерный университет МИФИ\"', 'National Research Nuclear University MEPhI (Moscow Engineering Physics Institute)', 'Высшее учебное заведение', 'Москва', 'Россия', 'Москва'),
(366, 'Федеральное государственное автономное образовательное учреждение высшего образования \"Национальный исследовательский Томский государственный университет\"', 'Tomsk State University', 'Высшее учебное заведение', 'Томск', 'Россия', 'Томская область'),
(369, 'Федеральное государственное бюджетное образовательное учреждение высшего образования \"Омский государственный университет имени Ф.М. Достоевского\"', 'Federal State Budgetary Educational Institution of Higher Education \" Dostoevsky Omsk State University\"', 'Высшее учебное заведение', 'Омск', 'Россия', 'Омская область'),
(400, 'Федеральное государственное бюджетное образовательное учреждение высшего образования Национальный исследовательский Мордовский государственный университет имени Н.П. Огарева', 'Ogarev Mordovia State University', 'Высшее учебное заведение', 'Саранск', 'Россия', 'Республика Мордовия'),
(451, 'Федеральное государственное бюджетное образовательное учреждение высшего образования Байкальский государственный университет', 'the Federal State Budget Educational Institution of Higher Education «Baikal State University', 'Высшее учебное заведение', 'Иркутск', 'Россия', 'Иркутская область'),
(549, 'Федеральное государственное автономное образовательное учреждение высшего образования Тюменский государственный университет', 'Tyumen State University', 'Высшее учебное заведение', 'Тюмень', 'Россия', 'Тюменская область'),
(573, 'Федеральное государственное автономное образовательное учреждение высшего образования Национальный исследовательский Томский политехнический университет', 'National Research Tomsk Polytechnic University', 'Высшее учебное заведение', 'Томск', 'Россия', 'Томская область'),
(639, 'Федеральное государственное бюджетное образовательное учреждение высшего образования \"Российский экономический университет имени Г.В. Плеханова\"', 'Plekhanov Russian University of Economics', 'Высшее учебное заведение', 'Москва', 'Россия', 'Москва'),
(641, 'Бюджетное учреждение высшего образования Ханты-Мансийского автономного округа - Югры Сургутский государственный университет', 'Surgut State University', 'Высшее учебное заведение', 'Сургут', 'Россия', 'Ханты-Мансийский автономный округ'),
(661, 'Федеральное государственное автономное образовательное учреждение высшего профессионального образования Северо-Кавказский федеральный университет', 'North Caucasus Federal University', 'Высшее учебное заведение', 'Ставрополь', 'Россия', 'Ставропольский край'),
(675, 'Федеральное государственное автономное образовательное учреждение высшего образования Санкт-Петербургский государственный университет аэрокосмического приборостроения', 'Saint-Petersburg State University of Aerospace Instrumentation', 'Высшее учебное заведение', 'Санкт-Петербург', 'Россия', 'Санкт-Петербург'),
(741, 'Федеральное государственное бюджетное учреждение высшего образования Кабардино-Балкарский государственный университет имени Х.М. Бербекова', 'Kabardino-Balkarian State University', 'Высшее учебное заведение', 'Нальчик', 'Россия', 'Кабардино-Балкарская Республика'),
(761, 'Федеральное государственное бюджетное образовательное учреждение высшего образования Донской государственный технический университет', 'Don State Technical Universyty', 'Высшее учебное заведение', 'Ростов-на-Дону', 'Россия', 'Ростовская область'),
(780, 'Федеральное государственное бюджетное образовательное учреждение высшего образования Уфимский государственный авиационный технический университет', 'Federal State Budgetary Educational Institution of Higher Education \"Ufa State Aviation Technical University\"', 'Высшее учебное заведение', 'Уфа', 'Россия', 'Республика Башкортостан'),
(844, 'Федеральное государственное бюджетное образовательное учреждение высшего профессионального образования Дагестанский государственный университет', 'Daghestan State University', 'Высшее учебное заведение', 'Махачкала', 'Россия', 'Республика Дагестан'),
(847, 'Федеральное государственное бюджетное образовательное учреждение высшего профессионального образования Брянский государственный технический университет', 'Bryansk State Technical University', 'Высшее учебное заведение', 'Брянск', 'Россия', 'Брянская область'),
(863, 'Федеральное государственное бюджетное образовательное учреждение высшего профессионального образования Ставропольский государственный аграрный университет', 'Stavropol State Agrarian University', 'Высшее учебное заведение', 'Ставрополь', 'Россия', 'Ставропольский край'),
(887, 'Федеральное государственное бюджетное образовательное учреждение высшего образования \"Томский государственный университет систем управления и радиоэлектроники\"', 'Tomsk State University of Control Systems and Radioelectronics', 'Высшее учебное заведение', 'Томск', 'Россия', 'Томская область'),
(901, 'Федеральное государственное автономное образовательное учреждение высшего образования \"Московский государственный институт международных отношений (университет) Министерства иностранных дел Российской Федерации\"', 'Moscow State Institute of International Relations (University)', 'Высшее учебное заведение', 'Москва', 'Россия', 'Москва'),
(919, 'Федеральное государственное бюджетное образовательное учреждение высшего образования Юго-Западный государственный университет', 'Southwest State University', 'Высшее учебное заведение', 'Курск', 'Россия', 'Курская область'),
(924, 'Федеральное государственное бюджетное образовательное учреждение высшего образования \"Московский педагогический государственный университет\"', 'State Federal Budget Institution of Higher Education Moscow Pedagogical State University (MPGU)', 'Высшее учебное заведение', 'Москва', 'Россия', 'Москва'),
(1070, 'Федеральное государственное бюджетное образовательное учреждение высшего профессионального образования Нижегородский государственный архитектурно-строительный университет', 'Nizhni Novgorod State University of Architecture and Civil Engineering', 'Высшее учебное заведение', 'Нижний Новгород', 'Россия', 'Нижегородская область'),
(1074, 'Федеральное государственное образовательное бюджетное учреждение высшего профессионального образования Финансовый университет при Правительстве Российской Федерации', 'Finance University under the Government of the Russian Federation', 'Высшее учебное заведение', 'Москва', 'Россия', 'Москва'),
(1098, 'Федеральное государственное бюджетное образовательное учреждение высшего образования \"Иркутский государственный университет путей сообщения\"', 'Irkutsk State Transport University', 'Высшее учебное заведение', 'Иркутск', 'Россия', 'Иркутская область'),
(1108, 'Федеральное государственное бюджетное образовательное учреждение высшего образования \"Поволжский государственный технологический университет\"', 'Volga State University of Technology', 'Высшее учебное заведение', 'Йошкар-Ола', 'Россия', 'Республика Марий Эл'),
(1494, 'Федеральное государственное бюджетное образовательное учреждение высшего образования \"Московский государственный юридический университет имени О.Е. Кутафина (МГЮА)\"', 'Kutafin Moscow State Law University', 'Высшее учебное заведение', 'Москва', 'Россия', 'Москва'),
(1600, 'Федеральное государственное бюджетное образовательное учреждение высшего образования Пятигорский государственный университет', 'Pyatigorsk State Linguistic University', 'Высшее учебное заведение', 'Пятигорск', 'Россия', 'Ставропольский край'),
(1813, 'Федеральное государственное казенное военное образовательное учреждение высшего профессионального образования \"Военный учебно-научный центр Военно-воздушных сил \"Военно-воздушная академия имени профессора Н.Е.Жуковского и Ю.А.Гагарина\" Министерства обороны Российской Федерации', 'Federal state military educational institution of higher professional education \"Military educational scientific center air force \"air force Academy named after Professor N. E. Zhukovsky and Y. A. Gagarin\"', 'Высшее учебное заведение', 'Воронеж', 'Россия', 'Воронежская область'),
(1864, 'Федеральное государственное бюджетное образовательное учреждение высшего образования Горский государственный аграрный университет', 'Federal State Budgetary Educational Institution of Higher Education «Gorsky State', 'Высшее учебное заведение', 'Владикавказ', 'Россия', 'Республика Северная Осетия - Алания'),
(1997, 'Ордена Трудового Красного Знамени федеральное государственное бюджетное образовательное учреждение высшего образования \"Московский технический университет связи и информатики\"', 'Moscow Technical University of Communications and Informatics', 'Высшее учебное заведение', 'Москва', 'Россия', 'Москва'),
(2241, 'Частное образовательное учреждение высшего образования Южный институт менеджмента', 'Uzhny Institute of Management', 'Высшее учебное заведение', 'Краснодар', 'Россия', 'Краснодарский край'),
(2288, 'Открытое акционерное общество \"Научно-производственная фирма \"Геофизика\"', 'Scientific Production Company Geofizika', 'Научно-производственное предприятие', 'Уфа', 'Россия', 'Республика Башкортостан'),
(2514, 'Федеральное государственное бюджетное образовательное учреждение высшего образования \"Тульский государственный педагогический университет имени Л.Н. Толстого\"', 'Tula State Lev Tolstoy Pedagogical University', 'Высшее учебное заведение', 'Тула', 'Россия', 'Тульская область'),
(2541, 'Федеральное государственное бюджетное образовательное учреждение высшего образования \"Московский государственный университет имени М.В. Ломоносова\"', 'Lomonosov Moscow State University', 'Высшее учебное заведение', 'Москва', 'Россия', 'Москва'),
(2602, 'Федеральное казенное образовательное учреждение высшего образования \"Академия права и управления Федеральной службы исполнения наказаний\"', 'Сокращение', 'Высшее учебное заведение', 'Рязань', 'Россия', 'Рязанская область'),
(2826, 'Национальная академия наук Украины', 'Сокращение', 'Высшее учебное заведение', 'Киев', 'Украина', 'Город'),
(2883, 'Институт экономики промышленности Национальной академии наук Украины', 'Сокращение', 'Научно-исследовательский институт', 'Донецк', 'Украина', 'Город'),
(3018, 'Объединенный институт экономики Национальной академии наук Украины', 'Сокращение', 'Научно-исследовательский институт', 'Киев', 'Украина', 'Город'),
(3027, 'Федеральное государственное автономное учреждение Федеральный институт развития образования Министерства образования и науки Российской Федерации', 'Federal Institute Education Development', 'Научно-исследовательский институт', 'Москва', 'Россия', 'Москва'),
(3038, 'Федеральное государственное бюджетное образовательное учреждение высшего профессионального образования \"Грозненский государственный нефтяной технический университет имени М.Д. Миллионщикова\"', 'Grozny State Oil Technical University named after Academician M.D. Millionshchikov', 'Научно-исследовательский институт', 'Грозный', 'Россия', 'Чеченская Республика'),
(3145, 'Открытое акционерное общество Институт исследования товародвижения и конъюнктуры оптового рынка', 'JSC ITKOR', 'Научно-исследовательский институт', 'Москва', 'Россия', 'Москва'),
(3229, 'Федеральное государственное бюджетное учреждение науки Комплексный научно-исследовательский институт имени Х.И. Ибрагимова Российской академии наук', 'Kh. Ibragimov Complex Institute of the Russian Academy of Sciences', 'Научно-исследовательский институт', 'Грозный', 'Россия', 'Чеченская Республика'),
(3319, 'Институт международного права, экономики, гуманитарных наук и управления имени К.В. Россинского', 'Institute of international Law, Economics, Humanities and Management named by K.Rossinsky', 'Высшее учебное заведение', 'Краснодар', 'Россия', 'Краснодарский край'),
(3356, 'Министерство науки и высшего образования Российской Федерации', 'Ministry of Science and Higher Education of the Russian Federation', 'Государственное учреждение', 'Москва', 'Россия', 'Москва'),
(3705, 'Федеральное государственное казенное образовательное учреждение высшего профессионального образования Саратовский юридический институт Министерства внутренних дел Российской Федерации', 'Сокращение', 'Высшее учебное заведение', 'Саратов', 'Россия', 'Саратовская область'),
(3788, 'Украинская инженерно-педагогическая академия', 'Ukrainian Engineering Pedagogics Academy', 'Высшее учебное заведение', 'Харьков', 'Украина', 'Город'),
(3881, 'Федеральное государственное бюджетное образовательное учреждение высшего образования \"Хабаровский государственный университет экономики и права\"', 'Khabarovsk State University of Economics and Law', 'Высшее учебное заведение', 'Хабаровск', 'Россия', 'Хабаровский край'),
(3887, 'Харьковский национальный экономический университет имени Семена Кузнеца', 'Simon Kuznets Kharkiv National University of Economics', 'Высшее учебное заведение', 'Харьков', 'Украина', 'Город'),
(3958, 'Федеральное государственное унитарное геологическое предприятие \"Кавказгеолсъемка\"', 'Federal State Unitary Geological Enterprise «KAVKAZGEOLSYOMKA»', 'Прочие', 'Ессентуки', 'Россия', 'Ставропольский край'),
(4008, 'Абхазский государственный университет', 'Сокращение', 'Телефон', 'Сухуми', 'Грузия', 'Город'),
(4240, 'Федеральная налоговая служба', 'Сокращение', 'Телефон', 'Москва', 'Россия', 'Москва'),
(4311, 'Федеральное государственное бюджетное научное учреждение \"Федеральный научный центр \"Кабардино-Балкарский научный центр Российской академии наук\"', 'Kabardin-Balkar Scientific Center of Russian Academy of Sciences', 'Научный центр', 'Нальчик', 'Россия', 'Кабардино-Балкарская Республика'),
(4568, 'Государственное бюджетное образовательное учреждение высшего профессионального образования \"Ставропольский государственный педагогический институт\"', 'Stavropol State Pedagogical Institute', 'Высшее учебное заведение', 'Ставрополь', 'Россия', 'Ставропольский край'),
(4655, 'Федеральное государственное бюджетное образовательное учреждение высшего образования Чеченский государственный педагогический университет', 'Federal State Budget Educational Institution of Higher Education Chechen State Pedagogical University', 'Высшее учебное заведение', 'Грозный', 'Россия', 'Чеченская Республика'),
(4668, 'Федеральное государственное бюджетное образовательное учреждение высшего профессионального образования Уральский государственный лесотехнический университет', 'Ural State Forest Engineering University', 'Высшее учебное заведение', 'Екатеринбург', 'Россия', 'Свердловская область'),
(4758, 'Федеральное государственное бюджетное образовательное учреждение высшего профессионального образования Северо-кавказский горно-металлургический институт (государственный технологический университет)', 'North Caucasian Institute of Mining and Metallurgy (State Technological University)', 'Высшее учебное заведение', 'Владикавказ', 'Россия', 'Республика Северная Осетия - Алания'),
(4789, 'Федеральное государственное бюджетное учреждение \"Федеральный научно-исследовательский центр эпидемиологии и микробиологии имени почетного академика Н.Ф. Гамалеи\" Министерства здравоохранения Российской Федерации', 'N.F.Gamaleya Federal Research Centre of Epidemiology and Microbiology', 'Научно-исследовательский институт', 'Москва', 'Россия', 'Москва'),
(4812, 'Федеральное государственное бюджетное образовательное учреждение высшего образования Российский государственный социальный университет', 'Russian State Social University', 'Государственное учреждение', 'Москва', 'Россия', 'Москва'),
(4861, 'Администрация Иркутской области', 'Сокращение', 'Телефон', 'Иркутск', 'Россия', 'Иркутская область'),
(5051, 'Федеральное государственное бюджетное образовательное учреждение высшего профессионального образования \"Северо-Осетинский государственный университет имени К.Л. Хетагурова\"', 'North Ossetian State University', 'Высшее учебное заведение', 'Владикавказ', 'Россия', 'Республика Северная Осетия - Алания'),
(5295, 'Министерство экономического развития Российской Федерации', 'The Ministry of economic development of the Russian Federation', 'Государственное учреждение', 'Москва', 'Россия', 'Москва'),
(5745, 'Федеральное государственное бюджетное образовательное учреждение высшего образования \"Московский государственный университет пищевых производств\"', 'Moscow State University of Food Production', 'Высшее учебное заведение', 'Москва', 'Россия', 'Москва'),
(6078, 'Федеральное государственное бюджетное образовательное учреждение высшего образования Армавирский государственный педагогический университет', 'Armavir State Pedagogical University', 'Высшее учебное заведение', 'Армавир', 'Россия', 'Краснодарский край'),
(6170, 'Федеральное государственное бюджетное образовательное учреждение высшего образования \"Сочинский государственный университет\"', 'Sochi State University', 'Высшее учебное заведение', 'Сочи', 'Россия', 'Краснодарский край'),
(6505, 'Государственное казенное образовательное учреждение высшего профессионального образования Российская таможенная академия', 'RUSSIAN CUSTOMS ACADEMY', 'Высшее учебное заведение', 'Люберцы', 'Россия', 'Московская область'),
(6749, 'Федеральное государственное бюджетное образовательное учреждение высшего образования Санкт-Петербургский государственный экономический университет', 'Saint Petersburg State University of Economics', 'Высшее учебное заведение', 'Санкт-Петербург', 'Россия', 'Санкт-Петербург'),
(6762, 'Национальный университет государственной налоговой службы Украины', 'National University of the State Tax Service of Ukraine', 'Государственное учреждение', 'Ирпень', 'Украина', 'Город'),
(6992, 'Государственное образовательное учреждение высшего профессионального образования \"Донецкий национальный технический университет\"', 'State Higher Education Institution Donetsk National Technical University', 'Высшее учебное заведение', 'Донецк', 'Украина', 'Город'),
(7082, 'Федеральное государственное бюджетное образовательное учреждение высшего образования Российская академия народного хозяйства и государственной службы при Президенте Российской Федерации', 'The Russian Presidential Academy Of National Economy And Public Administration', 'Высшее учебное заведение', 'Москва', 'Россия', 'Москва'),
(7201, 'Федеральное государственное казенное образовательное учреждение высшего профессионального образования Краснодарский университет Министерства внутренних дел Российской Федерации', 'The Krasnodar Universitu of the Ministry of Internal Affairs of Russia', 'Высшее учебное заведение', 'Краснодар', 'Россия', 'Краснодарский край'),
(7338, 'Негосударственная автономная некоммерческая организация высшего образования \"Институт мировых цивилизаций\"', 'Institute of World Civilizationes', 'Высшее учебное заведение', 'Москва', 'Россия', 'Москва'),
(7385, 'Государственное бюджетное образовательное учреждение высшего профессионального образования Северо-Осетинская государственная медицинская академия Министерства здравоохранения Российской Федерации', 'North-Ossetian State Medical Academy', 'Высшее учебное заведение', 'Владикавказ', 'Россия', 'Республика Северная Осетия - Алания'),
(7397, 'Федеральное государственное бюджетное образовательное учреждение высшего образования \"Ставропольский государственный медицинский университет\" Министерства здравоохранения Российской Федерации', 'Stavropol State Medical University', 'Высшее учебное заведение', 'Ставрополь', 'Россия', 'Ставропольский край'),
(7568, 'Частное образовательное учреждение высшего образования Институт экономики и управления', 'Institute of Economics and Management', 'Высшее учебное заведение', 'Пятигорск', 'Россия', 'Ставропольский край'),
(7813, 'Федеральное государственное бюджетное образовательное учреждение высшего образования Кубанский государственный аграрный университет имени И.Т. Трубилина', 'Kuban State Agrarian University', 'Высшее учебное заведение', 'Краснодар', 'Россия', 'Краснодарский край'),
(7979, 'Тернопольский национальный экономический университет', 'Сокращение', 'Телефон', 'Тернополь', 'Украина', 'Город'),
(8009, 'Федеральное государственное бюджетное образовательное учреждение высшего профессионального образования Чеченский государственный университет', 'The Chechen State University', 'Высшее учебное заведение', 'Грозный', 'Россия', 'Чеченская Республика'),
(8049, 'Винницкий национальный технический университет', 'Vinnytsia National Technical University', 'Высшее учебное заведение', 'Винница', 'Украина', 'Город'),
(8076, 'Федеральное государственное бюджетное образовательное учреждение высшего образования \"Российский государственный университет имени А.Н. Косыгина (Технологии. Дизайн. Искусство)\"', 'The Kosygin State University of Russia', 'Высшее учебное заведение', 'Москва', 'Россия', 'Москва'),
(13662, 'Федеральное государственное бюджетное учреждение Научно-исследовательский финансовый институт Министерства финансов Российской Федерации', 'Federal state budgetary institution Scientific and research financial institute', 'Научно-исследовательский институт', 'Москва', 'Россия', 'Москва'),
(13693, 'Федеральное государственное бюджетное учреждение науки Федеральный научный центр \"Владикавказский научный центр Российской академии наук\"', 'Vladikavkaz Scientific Centre of the Russian Academy of Sciences', 'Государственное учреждение', 'Владикавказ', 'Россия', 'Республика Северная Осетия - Алания'),
(13701, 'Образовательная автономная некоммерческая организация высшего образования Московский психолого-социальный университет', 'Educational autonomous non-profit organization of higher education Moscow Psychological and Social University', 'Высшее учебное заведение', 'Москва', 'Россия', 'Москва'),
(13825, 'Негосударственное образовательное частное учреждение высшего образования Московская академия предпринимательства при Правительстве Москвы', 'Moscow Academy of Entrepreneurship under the Government of Moscow', 'Высшее учебное заведение', 'Москва', 'Россия', 'Москва'),
(13860, 'Государственное бюджетное научное учреждение \"Московский институт развития непрерывного образования\"', 'State Scientific Institution \"Moscow Institute for the Development of Continuing Education\"', 'Научно-исследовательский институт', 'Москва', 'Россия', 'Москва'),
(14004, 'Федеральное государственное бюджетное образовательное учреждение высшего образования \"Приморская государственная сельскохозяйственная академия\"', 'Federal State Budgetary Education Institution of Higher Professional Education Primorskaya State Agricultural Academy', 'Высшее учебное заведение', 'Уссурийск', 'Россия', 'Приморский край'),
(14026, 'Негосударственное образовательное учреждение высшего профессионального образования Московский экономико-финансовый институт', 'Non-profit educational institution of higher vocational training education Moscow economic financial institute', 'Высшее учебное заведение', 'Москва', 'Россия', 'Москва'),
(14381, 'Федеральное государственное бюджетное образовательное учреждение высшего профессионального образования Дипломатическая академия Министерства иностранных дел Российской Федерации', 'Federal State Educational Public Institution of Higher Professional Education «Diplomatic Academy, Ministry of Foreign Affairs of the Russian Federation»', 'Высшее учебное заведение', 'Москва', 'Россия', 'Москва'),
(14450, 'Государственное бюджетное образовательное учреждение высшего профессионального образования Рязанский государственный медицинский университет имени академика И.П. Павлова', 'Ryazan State Medical University', 'Высшее учебное заведение', 'Рязань', 'Россия', 'Рязанская область'),
(14461, 'Федеральное государственное бюджетное образовательное учреждение высшего профессионального образования Ростовский государственный экономический университет (РИНХ)', 'Rostov State University of Economics', 'Высшее учебное заведение', 'Ростов-на-Дону', 'Россия', 'Ростовская область'),
(14535, 'Негосударственное частное образовательное учреждение высшего образования Технический университет УГМК', 'Non-state Higher Educational Establishment UMMC Technical University', 'Высшее учебное заведение', 'Верхняя Пышма', 'Россия', 'Свердловская область'),
(14702, 'Частное образовательное учреждение высшего образования \"Владикавказский институт управления\"', 'Vladikavkaz Institute of Management', 'Высшее учебное заведение', 'Владикавказ', 'Россия', 'Республика Северная Осетия - Алания'),
(14754, 'Государственное бюджетное образовательное учреждение высшего образования \"Северо-Осетинский государственный педагогический институт\"', 'North Ossetian State Pedagogical Institute', 'Высшее учебное заведение', 'Владикавказ', 'Россия', 'Республика Северная Осетия - Алания'),
(14985, 'Федеральное государственное бюджетное образовательное учреждение высшего образования \"Московский политехнический университет\"', 'Moscow Polytechnic University', 'Высшее учебное заведение', 'Москва', 'Россия', 'Москва'),
(15073, 'Государственное образовательное учреждение высшего профессионального образования Луганской народной республики \"Луганский национальный университет имени Владимира Даля\"', 'Vladymyr Dahl Luhansk National University', 'Высшее учебное заведение', 'Луганск', 'Украина', 'Город'),
(15089, 'Федеральное государственное бюджетное научное учреждение \"Институт изучения детства, семьи и воспитания Российской академии образования\"', 'the Federal State Budget Scientific Institution Institute of Study of Childhood, Family end Education of the Russian Academy of Education', 'Научно-исследовательский институт', 'Москва', 'Россия', 'Москва'),
(15210, 'Научно-исследовательский центр индустриальных проблем развития Национальной академии наук Украины', 'RESEARCH CENTRE FOR INDUSTRIAL DEVELOPMENT PROBLEMS of NAS', 'Научно-исследовательский институт', 'Харьков', 'Украина', 'Город'),
(15293, 'Государственное казенное научное учреждение Академия наук Чеченской Республики', 'State Scientific Organasation Academy of Sciences of Chechen Republic', 'Государственное учреждение', 'Грозный', 'Россия', 'Чеченская Республика'),
(17405, 'Винницкий торгово-экономический институт Киевского национального торгово-экономического университета', 'Vinnytsia Institute of Trade and Economics of Kyiv National University of Trade and Economics', 'Телефон', 'Винница', 'Украина', 'Город');

-- --------------------------------------------------------

--
-- Структура таблицы `publications`
--

CREATE TABLE `publications` (
  `id` int(11) NOT NULL,
  `title` varchar(500) NOT NULL,
  `type` varchar(255) NOT NULL,
  `year` int(11) NOT NULL,
  `language` varchar(100) NOT NULL
) ENGINE=InnoDB DEFAULT CHARSET=utf8;

--
-- Дамп данных таблицы `publications`
--

INSERT INTO `publications` (`id`, `title`, `type`, `year`, `language`) VALUES
(36994161, 'ЧЕЛОВЕЧЕСКИЙ КАПИТАЛ КАК ОПРЕДЕЛЯЮЩИЙ ФАКТОР СОЦИАЛЬНО-ЭКОНОМИЧЕСКОГО РАЗВИТИЯ ТЕРРИТОРИИ', 'статья в сборнике трудов конференции', 2019, 'русский'),
(37039312, 'ИСТОРИЯ ГОСУДАРСТВА И ПРАВА ЗАРУБЕЖНЫХ СТРАН', 'учебное пособие', 2019, 'русский'),
(37199890, 'СООТНОШЕНИЕ КОНСТИТУЦИИ РФ И НОРМ МЕЖДУНАРОДНОГО ПРАВА', 'статья в сборнике трудов конференции', 2019, 'русский'),
(37199901, 'РАЗВИТИЕ КОНЦЕПЦИИ ПРАВ ЧЕЛОВЕКА И ГРАЖДАНИНА В ОТЕЧЕСТВЕННОМ КОНСТИТУЦИОННОМ ЗАКОНОДАТЕЛЬСТВЕ', 'статья в сборнике трудов конференции', 2019, 'русский'),
(37199913, 'СТАНОВЛЕНИЕ И РАЗВИТИЕ ИНСТИТУТА ИЗБИРАТЕЛЬНОГО ПРАВА В РОССИИ В 1918 -1993 ГГ', 'статья в сборнике трудов конференции', 2019, 'русский'),
(37199987, 'ОСНОВЫ ПРОТИВОДЕЙСТВИЯ КОРРУПЦИИ: РОССИЙСКИЙ И ЗАРУБЕЖНЫЙ ОПЫТ', 'статья в сборнике трудов конференции', 2019, 'русский'),
(37218730, 'УЧЕБНОЕ ПОСОБИЕ ПО ДОМАШНЕМУ ЧТЕНИЮ ПО РОМАНУ ВОЛЬФГАНГА ХЕРРНДОРФА \"ЧИК\"', 'учебное пособие', 2019, 'русский'),
(37253925, 'ВОЗМОЖНОСТИ ВОЗОБНОВЛЕНИЯ ЭКСКУРСИОННОГО МАРШРУТА ПО ВОЕННО-ГРУЗИНСКОЙ ДОРОГЕ', 'статья в сборнике трудов конференции', 2019, 'русский'),
(37270390, 'ИССЛЕДОВАНИЕ СВЯЗИ ЭМОЦИОНАЛЬНОГО СОСТОЯНИЯ И МЫШЛЕНИЯ У ДЕТЕЙ 6-10 ЛЕТ', 'статья в сборнике трудов конференции', 2019, 'русский'),
(37280168, 'МЕЖДУНАРОДНЫЕ ОТНОШЕНИЯ И ВНЕШНЯЯ ПОЛИТИКА РОССИИ: ИСТОРИЯ И СОВРЕМЕННОСТЬ (1919-1991 ГГ.)', 'учебное пособие', 2019, 'русский'),
(37295021, 'ИРОН АДæМОН СФæЛДЫСТАД', 'учебное пособие', 2019, 'осетинский'),
(37296296, 'ЛАТИНСКИЙ ЯЗЫК В ТАБЛИЦАХ И СХЕМАХ ДЛЯ СТУДЕНТОВ СТОМАТОЛОГИЧЕСКИХ ФАКУЛЬТЕТОВ', 'учебное пособие', 2019, 'русский'),
(37296326, 'ЛАТИНСКИЙ ЯЗЫК В ТАБЛИЦАХ И СХЕМАХ ДЛЯ СТУДЕНТОВ ФАРМАЦЕВТИЧЕСКИХ ФАКУЛЬТЕТОВ', 'учебное пособие', 2019, 'русский'),
(37343336, 'ФОРМИРОВАНИЕ МОДЕЛИ УПРАВЛЕНИЯ ЭФФЕКТИВНОСТЬЮ ТЕХНОЛОГИЙ', 'статья в сборнике трудов конференции', 2019, 'русский'),
(37414634, 'СТАВРОПОЛЬСКИЙ КРАЙ В ПЕРИОД ВЕЛИКОЙ ОТЕЧЕСТВЕННОЙ ВОЙНЫ (1941-1945 ГГ.)', 'монография', 2019, 'русский'),
(37414699, 'СИНТЕЗ АЗОМЕТИНОВ НА ОСНОВЕ ДВУХАТОМНЫХ ПРОСТРАНСТВЕННО-ЗАТРУДНЕННЫХ ФЕНОЛОВ', 'тезисы доклада на конференции', 2019, 'русский'),
(37473127, 'ПЕРСПЕКТИВЫ РАЗВИТИЯ АГРОПРОМЫШЛЕННОГО КОМПЛЕКСА РОССИЙСКОЙ ФЕДЕРАЦИИ', 'статья в сборнике трудов конференции', 2019, 'русский'),
(37530118, 'СОЦИАЛЬНЫЕ ПРИЧИНЫ ЭКСТРЕМИЗМА И ТЕРРОРИЗМА НА СЕВЕРНОМ КАВКАЗЕ', 'статья в сборнике трудов конференции', 2019, 'русский'),
(37530119, 'ПРОБЛЕМЫ ДЕЯТЕЛЬНОСТИ СМИ В СИСТЕМЕ ПРОТИВОДЕЙСТВИЯ ЭКСТРЕМИЗМУ И ТЕРРОРИЗМУ', 'статья в сборнике трудов конференции', 2019, 'русский'),
(37626201, 'ОБУЧЕНИЕ НАЦИОНАЛЬНЫМ ЯЗЫКАМ: ПРОБЛЕМЫ И ПЕРСПЕКТИВЫ', 'статья в сборнике трудов конференции', 2019, 'русский'),
(37640186, 'РУЧЕЙНИКИ В БЕНТОСЕ РЕКИ ХАТАЛДОН (БАССЕЙН РЕКИ ТЕРЕК)', 'статья в сборнике трудов конференции', 2019, 'русский'),
(37640187, 'ТРИХОПТЕРОФАУНА РУЧЬЕВ-ПРИТОКОВ РЕКИ ЦРАУДОН', 'статья в сборнике трудов конференции', 2019, 'русский'),
(37640200, 'АМФИБИОТИЧЕСКИЕ НАСЕКОМЫЕ РЕКИ КАМБИЛЕЕВКА (БАССЕЙН РЕКИ ТЕРЕК)', 'статья в сборнике трудов конференции', 2019, 'русский'),
(37640208, 'ПРЕСНОВОДНЫЕ БЕСПОЗВОНОЧНЫЕ РУЧЬЯ ДИГОРСКОГО УЩЕЛЬЯ (БАССЕЙН РЕКИ ТЕРЕК, СЕВЕРНЫЙ КАВКАЗ)', 'статья в сборнике трудов конференции', 2019, 'русский'),
(37640213, 'АМФИБИОТИЧЕСКИЕ НАСЕКОМЫЕ РЕКИ МАЙРАМАДАГДОН', 'статья в сборнике трудов конференции', 2019, 'русский'),
(37640214, 'ЭКОЛОГИЧЕСКИЕ ОСОБЕННОСТИ АМФИБИОНТНОЙ ФАУНЫ РЕКИ УРСДОН', 'статья в сборнике трудов конференции', 2019, 'русский'),
(37645622, 'EIN KLEINES LESEBUCH MIT FABELN UND MIT ANFÄNGEN DER ANALYSE (FüR ANFäNGER)', 'учебное пособие', 2019, 'немецкий'),
(37728990, 'ТЕОРЕТИЧЕСКИЕ И МЕТОДОЛОГИЧЕСКИЕ ОСНОВЫ ФОРМИРОВАНИЯ ЭКОЛОГИЧЕСКОЙ КУЛЬТУРЫ', 'статья в сборнике трудов конференции', 2019, 'русский'),
(37728995, 'ИЗУЧЕНИЕ ВОПРОСОВ РАДИАЦИОННОЙ БЕЗОПАСНОСТИ В СРЕДНЕЙ ШКОЛЕ', 'статья в сборнике трудов конференции', 2019, 'русский'),
(37778423, 'GRAMMATIKTRAINING MIT SCHWERPUNKT ADJEKTIVDEKLINATION', 'учебное пособие', 2019, 'немецкий'),
(38050522, 'НОВОЕ КАЧЕСТВО СОЦИАЛЬНО-ЭКОНОМИЧЕСКОГО ПРОГРЕССА: ВЫЗОВЫ И ШАНСЫ', 'монография', 2019, 'русский'),
(38162219, 'УЧЕБНО-МЕТОДИЧЕСКОЕ ПОСОБИЕ ПО ПРОХОЖДЕНИЮ ПЕДАГОГИЧЕСКОЙ ПРАКТИКИ ДЛЯ СТУДЕНТОВ ФАКУЛЬТЕТА ФИЗИЧЕСКОЙ КУЛЬТУРЫ И СПОРТА', 'учебное пособие', 2019, 'русский'),
(38178485, 'НАЛОГИ В ЦИФРОВОЙ ЭКОНОМИКЕ. ТЕОРИЯ И МЕТОДОЛОГИЯ', 'монография', 2019, 'русский'),
(38215380, '1.1. МЕТОДЫ ПСИХОСОЦИАЛЬНОЙ РАБОТЫ С РАЗЛИЧНЫМИ КАТЕГОРИЯМИ ГРАЖДАН', 'глава в книге', 2019, 'русский'),
(38234127, 'СОВРЕМЕННЫЕ ПОДХОДЫ К ИЗУЧЕНИЮ КРАЕВЕДЕНИЯ В УСЛОВИЯХ СЕВЕРНОЙ ОСЕТИИ', 'монография', 2019, 'русский'),
(38239788, 'ФОРМЫ И МЕТОДЫ НАЛОГОВОГО КОНТРОЛЯ В РОССИЙСКОЙ ФЕДЕРАЦИИ', 'монография', 2019, 'русский'),
(38255016, 'ПСИХОЛОГИЧЕСКИЕ ОСОБЕННОСТИ ЦЕННОСТНЫХ ПРЕДПОЧТЕНИЙ МОЛОДЕЖНОЙ СРЕДЫ В ОБРАЗОВАТЕЛЬНОМ ПРОСТРАНСТВЕ - КОЛЛЕДЖ, ВУЗ', 'монография', 2019, 'русский'),
(38352783, 'КРАСНЫЕ ПАРТИЗАНЫ ГРАЖДАНСКОЙ ВОЙНЫ В ПОСЛЕВОЕННЫХ РЕАЛИЯХ КАВКАЗА 1920-1930-Х ГГ', 'статья в сборнике трудов конференции', 2019, 'русский'),
(38494707, 'ОСОБЕННОСТИ И ПРОБЛЕМЫ СОЦИАЛЬНО-ЭКОНОМИЧЕСКОГО РАЗВИТИЯ СЕВЕРО-КАВКАЗСКОГО ФЕДЕРАЛЬНОГО ОКРУГА', 'статья в сборнике трудов конференции', 2019, 'русский'),
(38494719, 'ОСОБЕННОСТИ ГОСУДАРСТВЕННОЙ ПОЛИТИКИ В ОБЛАСТИ ОБРАЩЕНИЯ С ВТОРИЧНЫМ СЫРЬЕМ', 'статья в сборнике трудов конференции', 2019, 'русский'),
(38502673, 'ДРОЖЖИ КОРМОВЫЕ - ПРОДУКТ МИКРОБИОЛОГИЧЕСКОГО СИНТЕЗА', 'статья в сборнике трудов конференции', 2019, 'русский'),
(38502679, 'МУШКА ДРОЗОФИЛА КАК БИОИНДИКАТОР ТЯЖЕЛЫХ МЕТАЛЛОВ В ОКРУЖАЮЩЕЙ СРЕДЕ', 'статья в сборнике трудов конференции', 2019, 'русский'),
(38502762, 'МЕХАНИЗМЫ ВОЗДЕЙСТВИЯ ПОВЕРХНОСТНО-АКТИВНЫХ ВЕЩЕСТВ НА МИКРООРГАНИЗМЫ', 'статья в сборнике трудов конференции', 2019, 'русский'),
(38503406, 'ПРИМЕНЕНИЕ ИННОВАЦИОННЫХ ТЕХНОЛОГИЙ В ПРЕПОДАВАНИИ МИКРОБИОЛОГИИ', 'статья в сборнике трудов конференции', 2019, 'русский'),
(38503431, 'О СОСТОЯНИИ ЭКОЛОГИЧЕСКОГО ОБРАЗОВАНИЯ', 'статья в сборнике трудов конференции', 2019, 'русский'),
(38518114, 'ГРАЖДАНСКО-ПРАВОВАЯ ОТВЕТСТВЕННОСТЬ ЛИЦ, НАСТУПАЮЩАЯ ПРИ БАНКРОТСТВЕ ЮРИДИЧЕСКИХ ЛИЦ', 'статья в сборнике трудов конференции', 2019, 'русский'),
(38518190, 'К ВОПРОСУ О ПОНЯТИИ ГРАЖДАНСКО-ПРАВОВОЙ ОТВЕТСТВЕННОСТИ', 'статья в сборнике трудов конференции', 2019, 'русский'),
(38546350, 'НЕКОТОРЫЕ ПРОБЛЕМЫ, СВЯЗАННЫЕ С ГРАЖДАНСКО-ПРАВОВЫМ ПОЛОЖЕНИЕМ КРЕСТЬЯНСКИХ (ФЕРМЕРСКИХ) ХОЗЯЙСТВ', 'статья в сборнике трудов конференции', 2019, 'русский'),
(38546352, 'ПРАВОВОЕ РЕГУЛИРОВАНИЕ НЕСОСТОЯТЕЛЬНОСТИ (БАНКРОТСТВА) КРЕДИТНЫХ ОРГАНИЗАЦИЙ В РОССИЙСКОЙ ФЕДЕРАЦИИ', 'статья в сборнике трудов конференции', 2019, 'русский'),
(38546569, 'ТРЕНИНГ САМОРЕГУЛЯЦИИ В ИССЛЕДОВАНИИ ПСИХОЭМОЦИОНАЛЬНОГО СОСТОЯНИЯ ЛИЧНОСТИ', 'статья в сборнике трудов конференции', 2019, 'русский'),
(38552218, 'ИНТЕРНЕТ-СЕРВИСЫ В РАБОТЕ ПЕДАГОГА', 'монография', 2019, 'русский'),
(38571067, 'НРАВСТВЕННО-ПСИХОЛОГИЧЕСКИЙ ИММУНИТЕТ КАК ОСНОВА ПРОФИЛАКТИКИ МОРАЛЬНОГО ОТЧУЖДЕНИЯ В СОВРЕМЕННОМ ИНФОРМАЦИОННОМ МИРЕ', 'статья в сборнике трудов конференции', 2019, 'русский'),
(38575730, 'ПОСЛЕДСТВИЯ АНТРОПОГЕННОГО ВОЗДЕЙСТВИЯ НА ЗООБЕНТОС РЕКИ ТЕРЕК В ПРЕДЕЛАХ ГОРОДА ВЛАДИКАВКАЗ', 'статья в сборнике трудов конференции', 2019, 'русский'),
(39006785, 'ON THE ISSUE OF SPEAKER\'S IDENTIFICATION IN COMMUNICATION NETWORKS AND TERMINAL EQUIPMENT OF ONBOARD SYSTEM', 'статья в сборнике трудов конференции', 2019, 'английский'),
(39150448, 'КУЛЬТУРА И МАССЫ В УСЛОВИЯХ ПОЛИТИЧЕСКОГО ПРОТИВОСТОЯНИЯ В ГОДЫ ГРАЖДАНСКОЙ ВОЙНЫ', 'монография', 2019, 'русский'),
(39165841, 'FORMATION AND DEVELOPMENT OF THE DIGITAL ECONOMY IN MODERN CONDITIONS -DEVELOPMENT WITHIN THE FRAMEWORK OF INDUSTRY 4.0', 'статья в сборнике трудов конференции', 2019, 'английский'),
(39178586, 'DEVELOPMENT AND REALIZATION OF PROGRAM FOR CREATION OF INTERNATIONAL RESEARCH CENTER “GEOLOGICAL AND GEOPHYSICAL TESTING GROUND”', 'статья в сборнике трудов конференции', 2019, 'английский'),
(39194411, 'ВЛИЯНИЕ МЕЖФАЗНОГО ВЗАИМОДЕЙСТВИЯ НА ЭЛЕКТРОННЫЕ СВОЙСТВА АЛЮМИНИЯ', 'тезисы доклада на конференции', 2019, 'русский'),
(39211167, 'ИСПОЛЬЗОВАНИЕ ИНТЕРАКТИВНОЙ ДОСКИ КАК УСЛОВИЕ ПОВЫШЕНИЯ КАЧЕСТВА ОБУЧЕНИЯ НА УРОКАХ ГЕОГРАФИИ', 'статья в сборнике трудов конференции', 2019, 'русский'),
(39237677, 'СОВРЕМЕННЫЕ ТЕНДЕНЦИИ ИСПОЛЬЗОВАНИЯ КОРСЕТА', 'статья в сборнике трудов конференции', 2019, 'русский'),
(39249586, 'СОЦИАЛЬНО-НРАВСТВЕННОЕ ЗДОРОВЬЕ ЖЕНЩИН РЕПРОДУКТИВНОГО ВОЗРАСТА', 'статья в сборнике трудов конференции', 2019, 'русский'),
(39253626, 'PECULIARITIES OF TAXATION OF MEDIA RESOURCES IN EDUCATION', 'статья в сборнике трудов конференции', 2019, 'английский'),
(39267031, 'THE IMPORTANCE OF INFORMATION TECHNOLOGY IN THE ACTIVITIES OF TAX AUTHORITIES', 'статья в сборнике трудов конференции', 2019, 'английский'),
(39267242, 'MEDIA RESOURCES IN EDUCATION: THE TAXATION ASPECT', 'статья в сборнике трудов конференции', 2019, 'английский'),
(39267284, 'TAX ON PROPERTY OF PHYSICAL PERSONS: PROBLEMS AND CONSEQUENCES OF REFORMATION', 'статья в сборнике трудов конференции', 2019, 'английский'),
(39322276, 'УЧЕБНО-МЕТОДИЧЕСКОЕ ПОСОБИЕ ДЛЯ СТУДЕНТОВ (БАКАЛАВРОВ И МАГИСТРОВ), ОБУЧАЮЩИХСЯ ПО НАПРАВЛЕНИЯМ ПЕДАГОГИЧЕСКОГО ОБРАЗОВАНИЯ', 'учебное пособие', 2019, 'русский'),
(39386900, 'УЧЕБНО-МЕТОДИЧЕСКОЕ ПОСОБИЕ ПО ДОМАШНЕМУ ЧТЕНИЮ ПО РОМАНУ ЭРИХА КЕСТНЕРА \"ТРОЕ В СНЕГУ\"', 'учебное пособие', 2019, 'многоязычный'),
(39389528, 'УЧЕБНО-МЕТОДИЧЕСКОЕ ПОСОБИЕ ПО ДОМАШНЕМУ ЧТЕНИЮ ПО КНИГЕ ЭРИХА КЕСТНЕРА \"ДВОЙНАЯ ЛОТТОЧКА\"', 'учебное пособие', 2019, 'многоязычный'),
(39552196, 'О ВЛОЖЕНИИ ЭЛЕМЕНТАРНОЙ СЕТИ В ПРОМЕЖУТОК СЕТЕЙ', 'статья в сборнике трудов конференции', 2019, 'русский'),
(40534800, 'КРЕМНИЙОРГАНИЧЕСКИЕ КОМПОЗИЦИОННЫЕ МАТЕРИАЛЫ, ПРЕДНАЗНАЧЕННЫЕ ДЛЯ ПАССИВАЦИИ, ЗАЩИТЫ И ГЕРМЕТИЗАЦИИ ИЗДЕЛИЙ МИКРО- И НАНОЭЛЕКТРОНИКИ', 'статья в сборнике трудов конференции', 2019, 'русский'),
(40621373, 'ЧИТАЕМ НЕМЕЦКУЮ ЛИТЕРАТУРУ В ОРИГИНАЛЕ (НА МАТЕРИАЛЕ ДЕТЕКТИВНЫХ РАССКАЗОВ) ИЗ СЕРИИ РАССКАЗОВ ФЕЛИКС &ТЕО', 'учебное пособие', 2019, 'многоязычный'),
(40631411, 'ПСИХИЧЕСКАЯ НАДЕЖНОСТЬ СПОРТСМЕНОВ, ЗАНИМАЮЩИХСЯ ЕДИНОБОРСТВАМИ', 'монография', 2019, 'русский'),
(40654179, 'СОЦИАЛЬНО-ПСИХОЛОГИЧЕСКИЕ ОСОБЕННОСТИ КОПИНГ - ПОВЕДЕНИЯ МУЖЧИН И ЖЕНЩИН', 'статья в сборнике трудов конференции', 2019, 'русский'),
(41017854, 'ЧИТАЕМ НЕМЕЦКУЮ ЛИТЕРАТУРУ В ОРИГИНАЛЕ (НА МАТЕРИАЛЕ ДЕТЕКТИВНЫХ РАССКАЗОВ) ИЗ СЕРИИ РАССКАЗОВ ФЕЛИКС &ТЕО', 'учебное пособие', 2019, 'многоязычный'),
(41017861, 'ЧИТАЕМ НЕМЕЦКУЮ ЛИТЕРАТУРУ В ОРИГИНАЛЕ (НА МАТЕРИАЛЕ ДЕТЕКТИВНЫХ РАССКАЗОВ) ИЗ СЕРИИ РАССКАЗОВ ФЕЛИКС & ТЕО', 'учебное пособие', 2019, 'многоязычный');

-- --------------------------------------------------------

--
-- Структура таблицы `publications_to_authors`
--

CREATE TABLE `publications_to_authors` (
  `id` int(11) NOT NULL,
  `publicationid` int(11) NOT NULL,
  `authorid` int(11) NOT NULL
) ENGINE=InnoDB DEFAULT CHARSET=utf8;

--
-- Дамп данных таблицы `publications_to_authors`
--

INSERT INTO `publications_to_authors` (`id`, `publicationid`, `authorid`) VALUES
(34, 37039312, 781679),
(35, 37039312, 772375),
(36, 37039312, 871974),
(37, 37295021, 518541),
(38, 37295021, 770839),
(39, 37295021, 74287),
(40, 37295021, 454883),
(41, 37414634, 368067),
(42, 37414634, 513183),
(43, 37414634, 562634),
(44, 37414634, 489643),
(45, 37414634, 593264),
(46, 37414634, 383114),
(47, 37414634, 1035272),
(48, 37414634, 459070),
(49, 37414634, 115663),
(50, 37414634, 440982),
(51, 37414634, 403604),
(52, 37414634, 773591),
(53, 37414634, 1020829),
(54, 37414634, 807575),
(55, 37414634, 424908),
(56, 37414634, 761696),
(57, 37645622, 355370),
(58, 37645622, 768391),
(59, 37645622, 497832),
(60, 37645622, 325363),
(61, 37645622, 689717),
(62, 37778423, 511999),
(63, 37778423, 558641),
(64, 37778423, 816207),
(65, 37778423, 816803),
(66, 38178485, 543075),
(67, 38178485, 175738),
(68, 38178485, 768881),
(69, 38178485, 272630),
(70, 38178485, 280877),
(71, 38178485, 129004),
(72, 38178485, 643026),
(73, 38178485, 826177),
(74, 38178485, 614699),
(75, 38178485, 710985),
(76, 38178485, 303886),
(77, 38178485, 309197),
(78, 38178485, 780250),
(79, 38178485, 338012),
(80, 38178485, 903884),
(81, 38178485, 619889),
(82, 38178485, 364459),
(83, 38178485, 179214),
(84, 38178485, 373811),
(85, 38178485, 667016),
(86, 38178485, 408746),
(87, 38178485, 622925),
(88, 38178485, 20321),
(89, 38178485, 437483),
(90, 38178485, 452391),
(91, 38178485, 129009),
(92, 38178485, 706449),
(93, 38178485, 765105),
(94, 39150448, 696851),
(95, 39386900, 740500),
(96, 39386900, 779018),
(97, 39386900, 799594),
(98, 39386900, 755609),
(99, 40631411, 771800),
(100, 40631411, 772177),
(101, 37280168, 557786),
(102, 37280168, 768820),
(103, 37280168, 311699),
(104, 37280168, 473780),
(105, 38552218, 451000),
(106, 37473127, 255071),
(107, 37640200, 931097),
(108, 37640200, 930575),
(109, 38518114, 777720),
(110, 38494719, 891196),
(111, 37343336, 211888),
(112, 39237677, 540375),
(113, 39237677, 772863),
(114, 37296326, 771133),
(115, 37640208, 351470),
(116, 37530118, 686725),
(117, 37199890, 714686),
(118, 38162219, 776854),
(119, 38162219, 774933),
(120, 37728995, 311760),
(121, 37640213, 930972),
(122, 40534800, 132186),
(123, 40534800, 132187),
(124, 37640214, 872478),
(125, 37640214, 473568),
(126, 37640214, 930565),
(127, 37530119, 771302),
(128, 38503431, 399715),
(129, 38255016, 772008),
(130, 39211167, 765678),
(131, 38571067, 375465),
(132, 38502762, 118404),
(133, 38503406, 930577),
(134, 37270390, 596021),
(135, 38494707, 667052),
(136, 38494707, 716626),
(137, 38494707, 728524),
(138, 37626201, 358439),
(139, 37253925, 671206),
(140, 37253925, 772934),
(141, 38050522, 72268),
(142, 38050522, 994550),
(143, 38050522, 991237),
(144, 38050522, 975526),
(145, 38050522, 1036766),
(146, 38050522, 936045),
(147, 38050522, 1020667),
(148, 38050522, 1035064),
(149, 38050522, 749109),
(150, 38050522, 1034928),
(151, 38050522, 1003830),
(152, 38050522, 1027118),
(153, 38050522, 433942),
(154, 38050522, 930183),
(155, 38050522, 1003792),
(156, 38050522, 1014282),
(157, 38050522, 1025664),
(158, 38050522, 1032087),
(159, 38050522, 281271),
(160, 38050522, 708608),
(161, 38050522, 829170),
(162, 38050522, 691188),
(163, 38050522, 704571),
(164, 37640187, 931195),
(165, 37640187, 931038),
(166, 37640187, 346963),
(167, 38546350, 580752),
(168, 36994161, 467681),
(169, 39267284, 175745),
(170, 39267284, 397413),
(171, 39253626, 397413),
(172, 39267284, 230686),
(173, 39267031, 75329),
(174, 39267031, 75329),
(175, 39267242, 287564),
(176, 39267242, 287564),
(177, 39552196, 8620),
(178, 39552196, 8620),
(179, 39552196, 8622),
(180, 39552196, 8622),
(181, 38234127, 326640),
(182, 38234127, 326640),
(183, 38234127, 346997),
(184, 38234127, 346997),
(185, 38502673, 926514),
(186, 39165841, 400133),
(187, 39165841, 400133),
(188, 39165841, 714688),
(189, 39165841, 768652),
(190, 39165841, 768652),
(191, 39165841, 472307),
(192, 39165841, 472307),
(193, 37414699, 129056),
(194, 37414699, 129056),
(195, 37414699, 811296),
(196, 37414699, 811296),
(197, 39322276, 298743),
(198, 39322276, 298743),
(199, 39322276, 354718),
(200, 39322276, 354718),
(201, 39322276, 179982),
(202, 39322276, 179982),
(203, 39322276, 272455),
(204, 39322276, 272455),
(205, 39006785, 888270),
(206, 39006785, 888270),
(207, 39006785, 846838),
(208, 39006785, 846838),
(209, 39006785, 330803),
(210, 38502679, 876475),
(211, 39178586, 103859),
(212, 39178586, 3305);

-- --------------------------------------------------------

--
-- Структура таблицы `publications_to_organisations`
--

CREATE TABLE `publications_to_organisations` (
  `id` int(11) NOT NULL,
  `publicationid` int(11) NOT NULL,
  `orgsid` int(11) NOT NULL
) ENGINE=InnoDB DEFAULT CHARSET=utf8;

--
-- Дамп данных таблицы `publications_to_organisations`
--

INSERT INTO `publications_to_organisations` (`id`, `publicationid`, `orgsid`) VALUES
(58, 36994161, 5051),
(1, 37039312, 5051),
(29, 37199890, 5051),
(39, 37199901, 5051),
(42, 37199913, 5051),
(44, 37199987, 5051),
(32, 37218730, 5051),
(51, 37253925, 5051),
(48, 37270390, 5051),
(16, 37280168, 5051),
(3, 37295021, 5051),
(28, 37296296, 5051),
(25, 37296326, 5051),
(23, 37343336, 5051),
(4, 37414634, 5051),
(76, 37414699, 5051),
(18, 37473127, 5051),
(27, 37530118, 5051),
(37, 37530119, 5051),
(50, 37626201, 5051),
(52, 37640186, 5051),
(54, 37640187, 5051),
(19, 37640200, 5051),
(26, 37640208, 5051),
(34, 37640213, 5051),
(36, 37640214, 5051),
(5, 37645622, 5051),
(33, 37728995, 5051),
(6, 37778423, 5051),
(53, 38050522, 5051),
(31, 38162219, 5051),
(7, 38178485, 5051),
(65, 38215380, 5051),
(70, 38234127, 5051),
(30, 38239788, 5051),
(40, 38255016, 5051),
(57, 38352783, 5051),
(49, 38494707, 5051),
(22, 38494719, 5051),
(72, 38502673, 5051),
(82, 38502679, 5051),
(46, 38502762, 5051),
(47, 38503406, 5051),
(38, 38503431, 5051),
(21, 38518114, 5051),
(66, 38518190, 5051),
(55, 38546350, 5051),
(56, 38546352, 5051),
(20, 38546569, 5051),
(17, 38552218, 5051),
(45, 38571067, 5051),
(84, 38575730, 5051),
(80, 39006785, 5051),
(8, 39150448, 5051),
(74, 39165841, 5051),
(83, 39178586, 5051),
(41, 39211167, 5051),
(24, 39237677, 5051),
(43, 39249586, 5051),
(60, 39253626, 5051),
(61, 39267031, 5051),
(63, 39267242, 5051),
(59, 39267284, 5051),
(78, 39322276, 5051),
(9, 39386900, 5051),
(10, 39389528, 5051),
(68, 39552196, 5051),
(35, 40534800, 5051),
(11, 40621373, 5051),
(12, 40631411, 5051),
(15, 40654179, 5051),
(13, 41017854, 5051),
(14, 41017861, 5051);

-- --------------------------------------------------------

--
-- Структура таблицы `publications_to_publications`
--

CREATE TABLE `publications_to_publications` (
  `id` int(11) NOT NULL,
  `origin_publ_id` int(11) NOT NULL,
  `end_publ_id` int(11) NOT NULL
) ENGINE=InnoDB DEFAULT CHARSET=utf8;

--
-- Индексы сохранённых таблиц
--

--
-- Индексы таблицы `authors`
--
ALTER TABLE `authors`
  ADD PRIMARY KEY (`id`);

--
-- Индексы таблицы `authors_to_organisations`
--
ALTER TABLE `authors_to_organisations`
  ADD PRIMARY KEY (`id`),
  ADD UNIQUE KEY `orgsid` (`authorid`,`orgsid`),
  ADD KEY `orgsid_2` (`orgsid`);

--
-- Индексы таблицы `bad_proxy`
--
ALTER TABLE `bad_proxy`
  ADD PRIMARY KEY (`id`),
  ADD UNIQUE KEY `proxy` (`proxy`);

--
-- Индексы таблицы `mylog`
--
ALTER TABLE `mylog`
  ADD PRIMARY KEY (`id`);

--
-- Индексы таблицы `organisations`
--
ALTER TABLE `organisations`
  ADD PRIMARY KEY (`id`),
  ADD KEY `type` (`type`),
  ADD KEY `city` (`city`),
  ADD KEY `country` (`country`),
  ADD KEY `region` (`region`),
  ADD KEY `name` (`name`(255)),
  ADD KEY `name_en` (`name_en`(255));

--
-- Индексы таблицы `publications`
--
ALTER TABLE `publications`
  ADD PRIMARY KEY (`id`);

--
-- Индексы таблицы `publications_to_authors`
--
ALTER TABLE `publications_to_authors`
  ADD PRIMARY KEY (`id`),
  ADD KEY `publicationid` (`publicationid`),
  ADD KEY `authorid` (`authorid`);

--
-- Индексы таблицы `publications_to_organisations`
--
ALTER TABLE `publications_to_organisations`
  ADD PRIMARY KEY (`id`),
  ADD UNIQUE KEY `publicationid` (`publicationid`,`orgsid`),
  ADD KEY `orgsid` (`orgsid`);

--
-- Индексы таблицы `publications_to_publications`
--
ALTER TABLE `publications_to_publications`
  ADD PRIMARY KEY (`id`),
  ADD UNIQUE KEY `origin_publ_id` (`origin_publ_id`,`end_publ_id`),
  ADD KEY `end_publ_id` (`end_publ_id`);

--
-- AUTO_INCREMENT для сохранённых таблиц
--

--
-- AUTO_INCREMENT для таблицы `authors`
--
ALTER TABLE `authors`
  MODIFY `id` int(11) NOT NULL AUTO_INCREMENT, AUTO_INCREMENT=1036767;

--
-- AUTO_INCREMENT для таблицы `authors_to_organisations`
--
ALTER TABLE `authors_to_organisations`
  MODIFY `id` int(11) NOT NULL AUTO_INCREMENT, AUTO_INCREMENT=150;

--
-- AUTO_INCREMENT для таблицы `bad_proxy`
--
ALTER TABLE `bad_proxy`
  MODIFY `id` int(11) NOT NULL AUTO_INCREMENT, AUTO_INCREMENT=5598;

--
-- AUTO_INCREMENT для таблицы `mylog`
--
ALTER TABLE `mylog`
  MODIFY `id` int(11) NOT NULL AUTO_INCREMENT;

--
-- AUTO_INCREMENT для таблицы `publications_to_authors`
--
ALTER TABLE `publications_to_authors`
  MODIFY `id` int(11) NOT NULL AUTO_INCREMENT, AUTO_INCREMENT=213;

--
-- AUTO_INCREMENT для таблицы `publications_to_organisations`
--
ALTER TABLE `publications_to_organisations`
  MODIFY `id` int(11) NOT NULL AUTO_INCREMENT, AUTO_INCREMENT=85;

--
-- AUTO_INCREMENT для таблицы `publications_to_publications`
--
ALTER TABLE `publications_to_publications`
  MODIFY `id` int(11) NOT NULL AUTO_INCREMENT;

--
-- Ограничения внешнего ключа сохраненных таблиц
--

--
-- Ограничения внешнего ключа таблицы `authors_to_organisations`
--
ALTER TABLE `authors_to_organisations`
  ADD CONSTRAINT `authors_to_organisations_ibfk_1` FOREIGN KEY (`orgsid`) REFERENCES `organisations` (`id`) ON DELETE CASCADE ON UPDATE CASCADE,
  ADD CONSTRAINT `authors_to_organisations_ibfk_2` FOREIGN KEY (`authorid`) REFERENCES `authors` (`id`) ON DELETE CASCADE ON UPDATE CASCADE;

--
-- Ограничения внешнего ключа таблицы `publications_to_authors`
--
ALTER TABLE `publications_to_authors`
  ADD CONSTRAINT `publications_to_authors_ibfk_1` FOREIGN KEY (`publicationid`) REFERENCES `publications` (`id`) ON DELETE CASCADE ON UPDATE CASCADE,
  ADD CONSTRAINT `publications_to_authors_ibfk_2` FOREIGN KEY (`authorid`) REFERENCES `authors` (`id`) ON DELETE CASCADE ON UPDATE CASCADE;

--
-- Ограничения внешнего ключа таблицы `publications_to_organisations`
--
ALTER TABLE `publications_to_organisations`
  ADD CONSTRAINT `publications_to_organisations_ibfk_1` FOREIGN KEY (`publicationid`) REFERENCES `publications` (`id`) ON DELETE CASCADE ON UPDATE CASCADE,
  ADD CONSTRAINT `publications_to_organisations_ibfk_2` FOREIGN KEY (`orgsid`) REFERENCES `organisations` (`id`) ON DELETE CASCADE ON UPDATE CASCADE;

--
-- Ограничения внешнего ключа таблицы `publications_to_publications`
--
ALTER TABLE `publications_to_publications`
  ADD CONSTRAINT `publications_to_publications_ibfk_1` FOREIGN KEY (`origin_publ_id`) REFERENCES `publications` (`id`) ON DELETE CASCADE ON UPDATE CASCADE,
  ADD CONSTRAINT `publications_to_publications_ibfk_2` FOREIGN KEY (`end_publ_id`) REFERENCES `publications` (`id`) ON DELETE CASCADE ON UPDATE CASCADE;
COMMIT;

/*!40101 SET CHARACTER_SET_CLIENT=@OLD_CHARACTER_SET_CLIENT */;
/*!40101 SET CHARACTER_SET_RESULTS=@OLD_CHARACTER_SET_RESULTS */;
/*!40101 SET COLLATION_CONNECTION=@OLD_COLLATION_CONNECTION */;
