-- phpMyAdmin SQL Dump
-- version 4.9.0.1
-- https://www.phpmyadmin.net/
--
-- Хост: 127.0.0.1
-- Время создания: Окт 09 2019 г., 16:32
-- Версия сервера: 10.4.6-MariaDB
-- Версия PHP: 7.3.9

SET SQL_MODE = "NO_AUTO_VALUE_ON_ZERO";
SET AUTOCOMMIT = 0;
START TRANSACTION;
SET time_zone = "+00:00";


/*!40101 SET @OLD_CHARACTER_SET_CLIENT=@@CHARACTER_SET_CLIENT */;
/*!40101 SET @OLD_CHARACTER_SET_RESULTS=@@CHARACTER_SET_RESULTS */;
/*!40101 SET @OLD_COLLATION_CONNECTION=@@COLLATION_CONNECTION */;
/*!40101 SET NAMES utf8mb4 */;

--
-- База данных: `elibrary`
--

-- --------------------------------------------------------

--
-- Структура таблицы `authors`
--

CREATE TABLE `authors` (
  `id` int(11) NOT NULL,
  `fio` varchar(255) NOT NULL,
  `post` text NOT NULL,
  `articles_count` int(11) NOT NULL,
  `citation_count` int(11) NOT NULL,
  `hirsch_index` int(11) NOT NULL
) ENGINE=InnoDB DEFAULT CHARSET=utf8;

--
-- Дамп данных таблицы `authors`
--

INSERT INTO `authors` (`id`, `fio`, `post`, `articles_count`, `citation_count`, `hirsch_index`) VALUES
(8620, 'Джусоева Нонна Анатольевна', 'Факультет математики и информационных технологий, кафедра алгебры и геометрии', 17, 15, 2),
(8622, 'Койбаев Владимир Амурханович', 'кафедра алгебры и геометрии, отдел теории операторов', 60, 168, 5),
(20321, 'Синицын Евгений Валентинович', 'Институт «Высшая школа экономики и менеджмента», Департамент менеджмента, Кафедра Финансовый менеджмент', 74, 457, 11),
(39727, 'Алексеев Андрей Алексеевич', '', 46, 186, 6),
(72268, 'Осипов Юрий Михайлович', 'Экономический факультет', 475, 3502, 14),
(74287, 'Фидарова Рима Японовна', 'Северо-Осетинский институт гуманитарных и социальных исследований им. В.И. Абаева - филиал Федерального государственного бюджетного учреждения науки Федерального научного центра \"Владикавказский научный центр Российской академии наук\"', 132, 168, 7),
(75329, 'Колесников Юрий Семенович', '', 91, 1719, 22),
(90010, 'Пивник Александр Васильевич', 'отдел онкогематологии и вторичных иммунодифицитных заболеваний', 273, 1526, 15),
(91343, 'Левина Алла Аркадьевна', '', 238, 1276, 15),
(115663, 'Нестеров Алексей Сергеевич', 'медицинский факультет, кафедра инфекционных и кожно-венерических болезней', 101, 247, 6),
(118404, 'Хабаева Зинаида Григорьевна', 'Факультет химии, биологии и биотехнологии', 15, 85, 2),
(129004, 'Бубнов Вячеслав Анатольевич', 'кафедра финансы и бухгалтерский учет', 50, 197, 6),
(129009, 'Федотов Дмитрий Юрьевич', 'Институт мировой экономики и международных отношений, Кафедра торгового и таможенного дела', 124, 1402, 16),
(129056, 'Чигорина Татьяна Михайловна', 'кафедра органической химии', 48, 46, 3),
(132186, 'Неёлова Ольга Владимировна', 'Факультет химии, биологии и биотехнологии, кафедра общей и неорганической химии', 73, 108, 4),
(132187, 'Кубалова Людмила Муратовна', 'Факультет химии, биологии и биотехнологии', 55, 113, 5),
(175738, 'Артёменко Дмитрий Анатольевич', 'высшая школа бизнеса, кафедра государственных, муниципальных финансов и финансового инжиниринга', 100, 1319, 26),
(175745, 'Артеменко Галина Анатольевна', 'Высшая школа бизнеса, Кафедра государственных, муниципальных финансов и финансового инжиниринга', 30, 290, 8),
(179214, 'Леонтьева Юлия Владимировна', 'институт высшая школа экономики и менеджмента', 68, 470, 9),
(179982, 'Гуриева Светлана Дзахотовна', 'Факультет психологии', 135, 747, 15),
(195017, 'Толстых Михаил Петрович', 'Лечебный факультет, кафедра факультетской хирургии №1', 90, 665, 11),
(195246, 'Тамразова Ольга Борисовна', '', 106, 350, 7),
(211888, 'Гуриева Лира Константиновна', 'кафедра менеджмент', 224, 1691, 26),
(230686, 'Максимов Дмитрий Владимирович', '', 2, 0, 0),
(255071, 'Агузарова Лариса Асланбековна', 'Экономический факультет', 92, 776, 19),
(255588, 'Азизов Гюли Азизович', 'Медицинский институт, Факультет повышения квалификации медицинских работников (ФПК МР)', 49, 631, 9),
(265344, 'Аюпова Фарида Мирзаевна', '', 10, 12, 2),
(265823, 'Бабич Светлана Михайловна', 'Научно-исследовательская лаборатория', 37, 33, 2),
(266961, 'Байбеков Искандер Махамедович', '', 181, 936, 9),
(272455, 'Белогуров Анатолий Юльевич', 'Школа бизнеса и международных компетенций, Кафедра педагогики и психологии', 206, 1137, 17),
(272630, 'Беломытцева Ольга Святославовна', 'Институт экономики и менеджмента, кафедра финансов и учета', 42, 271, 8),
(280877, 'Бубнова Юлия Борисовна', 'Институт управления и финансов, Кафедра банковского дела и ценных бумаг', 13, 25, 3),
(281271, 'Буевич Анжелика Петровна', '', 70, 74, 3),
(287564, 'Вертакова Юлия Владимировна', 'Курский филиал', 561, 7282, 43),
(287582, 'Верткин Аркадий Львович', 'Кафедра терапии, клинической фармакологии и скорой медицинской помощи', 1141, 6487, 34),
(298743, 'Гогицаева Ольга Урузбековна', 'центр социального и гуманитарного образования', 214, 822, 19),
(303886, 'Гринкевич Лариса Сергеевна', 'экономический факультет', 137, 937, 14),
(309197, 'Дегтярева Ирина Викторовна', 'ИНЭК, кафедра экономической теории', 143, 742, 14),
(311470, 'Джумабаева Светлана Эдуардовна', '', 0, 0, 0),
(311699, 'Дзидзоев Валерий Дударович', 'кафедра политологии', 138, 992, 6),
(311760, 'Цуциева Залина Борисовна', 'Факультет географии и геоэкологии', 18, 17, 2),
(325363, 'Засеева Галина Михайловна', 'факультет иностранных языков, кафедра немецкого языка', 8, 5, 2),
(326640, 'Зембатова Лариса Тамерлановна', 'Педагогический факультет, кафедра начального и дошкольного образования', 43, 107, 5),
(332968, 'Исмаилов Сайдиганиходжа Ибрагимович', '', 103, 312, 5),
(336551, 'Камилова Роза Толановна', 'Лаборатория гигиены детей и подростков', 22, 125, 2),
(338012, 'Каратаева Галина Евгеньевна', 'Институт экономики и управления', 69, 488, 8),
(346963, 'Койбаев Борис Георгиевич', 'кафедра новой, новейшей истории и исторической политологии', 175, 293, 9),
(346997, 'Кокаева Ирина Юрьевна', 'Педагогический факультет, кафедра начального и дошкольного образования', 146, 502, 13),
(350747, 'Корабоев Убайдулло Мадаминович', '', 31, 223, 6),
(351470, 'Корноухова Инна Ивановна', 'биологический факультет', 3, 10, 1),
(354718, 'Кочисов Валерий Константинович', 'Педагогический факультет, кафедра педагогигики и психологии', 122, 470, 12),
(355370, 'Кравчук Оксана Сергеевна', 'Факультет русской филологии, кафедра русской и зарубежной литературы', 7, 9, 1),
(358439, 'Кудзоева Анжела Федоровна', 'Факультет осетинской филологии', 31, 31, 3),
(364459, 'Лазутина Дарья Васильевна', 'Институты, Финансово-экономический институт', 26, 36, 2),
(368067, 'Линец Сергей Иванович', 'Кафедра исторических и социально-философских дисциплин, востоковедения и теологии', 70, 427, 11),
(373368, 'Мадазимов Мадамин Муминович', '', 16, 27, 1),
(373811, 'Майбуров Игорь Анатольевич', 'Институт «Высшая школа экономики и менеджмента», Департамент финансов, Кафедра финансового и налогового менеджмента', 245, 4019, 28),
(375465, 'Малиева Залина Колумбовна', 'Педагогический факультет, кафедра педагогигики и психологии', 54, 235, 8),
(383114, 'Мещерякова Анжела Валерьевна', 'Институт сервиса, туризма и дизайна (филиал) СКФУ в г. Пятигорске', 25, 20, 2),
(390072, 'Мусаджанова Лолахан Халилджановна', '', 2, 2, 0),
(390224, 'Мусаходжаева Дилорам Абдуллаевна', '', 25, 22, 3),
(391996, 'Нажмутдинова Диана Камиловна', '', 54, 81, 4),
(396793, 'Нишанова Азиза Абдурашидовна', '', 9, 9, 2),
(397413, 'Новоселов Константин Викторович', 'Департамент налоговой политики и таможенно-тарифного регулирования', 93, 338, 8),
(399715, 'Оказова Зарина Петровна', 'Факультет географии и геоэкологии, кафедра геоэкологии и устойчивого развития', 241, 445, 10),
(400133, 'Олисаева Алиса Васильевна', 'кафедра бухгалтерского учета и налогообложения,', 69, 416, 11),
(403604, 'Панарина Елена Владимировна', 'кафедра всеобщей и отечественной истории', 54, 108, 4),
(408746, 'Пинская Миляуша Рашитовна', 'Департамент налоговой политики и таможенно-тарифного регулирования', 221, 3866, 22),
(410791, 'Подольская Татьяна Афанасьевна', 'Лаборатория психолого-педагогических основ развивающего дошкольного образования', 40, 79, 4),
(424908, 'Рыкун Галина Николаевна', 'филиал Пятигорск, кафедра истории, философии и педагогики', 44, 76, 4),
(433942, 'Серебрякова Елена Дмитриевна', 'Обучающиеся, Студенты', 1, 0, 0),
(437483, 'Скрыльникова Наталья Александровна', 'институт экономики и менеджмента, кафедра экономики', 28, 126, 6),
(438366, 'Сметанина Наталия Сергеевна', 'институт гематологии, иммунологии и клеточных технологий', 114, 432, 9),
(440982, 'Сомова Инна Юрьевна', 'преподавательский состав', 33, 31, 3),
(449058, 'Ташбаев Олим Сахипович', 'кафедра детских болезней', 23, 40, 4),
(451000, 'Тимошкина Наталья Викторовна', 'Педагогический факультет, кафедра начального и дошкольного образования', 60, 234, 9),
(452391, 'Токарева Гузель Фарисовна', 'кафедра экономической теории', 79, 423, 14),
(454883, 'Туаева Лариса Ахсарбековна', 'кафедра русской и осетинской филологии', 74, 118, 7),
(459070, 'Ушмаева Ксения Алексеевна', 'педагогический факультет', 45, 153, 6),
(463625, 'Хаджибаев Абдулазиз Муминович', '', 105, 418, 9),
(464109, 'Хакимов Шокир Косимжанович', '', 13, 32, 3),
(464554, 'Хамидов Шавваз Ахмедович', '', 17, 86, 5),
(466995, 'Ходжиматов Гуломидин Минходжиевич', '', 0, 0, 0),
(467681, 'Хосроева Наталья Ильинична', 'факультет экономики и управления, кафедра менеджмента ', 42, 124, 6),
(472307, 'Черкасова Оксана Васильевна', 'Экономический факультет, Кафедра менеджмента', 41, 33, 3),
(473568, 'Черчесова Сусанна Константиновна', 'Факультет химии, биологии и биотехнологии, кафедра зоологии', 68, 141, 5),
(473780, 'Чехоева Ирма Александровна', 'Экономический факультет, Кафедра истории', 3, 3, 1),
(476438, 'Шадманов Алишер Каюмович', '', 10, 10, 1),
(481775, 'Ширинский Владислав Геннадьевич', '', 42, 99, 5),
(489643, 'Януш Сергей Владимирович', 'Центр управления учебным процессом, Кафедра философии и истории', 79, 477, 14),
(496514, 'Фазылов Акрам Акмалович', '', 17, 18, 2),
(497832, 'Колиева Ирина Геннадьевна', 'факультет иностранных языков, кафедра немецкого языка', 18, 6, 1),
(504703, 'Ярема Иван Васильевич', 'лечебный факультет, кафедра госпитальной хирургии', 273, 1660, 13),
(511999, 'Дзахова Вероника Тамбиевна', 'факультет иностранных языков, кафедра немецкого языка', 28, 38, 4),
(513183, 'Аникеев Алексей Алексеевич', 'Институт повышения квалификации научно-педагогических кадров', 107, 552, 12),
(518541, 'Бекоев Владимир Исламович', '', 30, 9, 2),
(530654, 'Кавалерский Геннадий Михайлович', 'Факультеты, Лечебный факультет, кафедра травматологии, ортопедии и хирургии катастроф', 265, 729, 9),
(534182, 'Рашидова Сайера Шарафовна', '', 208, 802, 9),
(540375, 'Гетманцева Варвара Владимировна', 'кафедра ХМКТШИ', 162, 1180, 20),
(543075, 'Агузарова Фатима Савкуевна', 'Экономический факультет', 77, 934, 22),
(551445, 'Гордеев Геннадий Гаврилович', 'Факультеты, Лечебный факультет, кафедра травматологии, ортопедии и хирургии катастроф', 24, 42, 2),
(557786, 'Рубаева Эльма Муратовна', '', 24, 14, 2),
(558641, 'Отиева Рузана Гургеновна', 'факультет иностранных языков, кафедра немецкого языка', 9, 14, 1),
(562634, 'Карташев Андрей Владимирович', 'Кафедра общественного здоровья, организации здравоохранения и медицинской информатики', 65, 180, 5),
(567165, 'Вологжанина Оксана Вячеславовна', '', 1, 0, 0),
(568188, 'Усманова Гульнара Ахметхабибовна', '', 14, 10, 2),
(580752, 'Айдарова Нелли Георгиевна', 'кафедра гражданского права', 27, 4, 1),
(583964, 'Иноятова Феруза Хидоятовна', '', 25, 132, 5),
(593089, 'Тожибоев Мадаминжон Мирзажонович', '', 8, 15, 2),
(593090, 'Ботиров Эркин Хожиакбарович', 'Институт естественных и технических наук', 70, 235, 7),
(593091, 'Усманова Галия Абусагитовна', '', 8, 13, 2),
(593264, 'Бочкарева Зоя Васильевна', '', 13, 214, 4),
(596021, 'Гусова Альбина Дударбековна', 'психолого-педагогический факультет', 68, 62, 4),
(605795, 'Сапин Михаил Романович', '', 356, 4707, 24),
(614699, 'Вишневский Валентин Павлович', 'отдел финансово-экономических проблем использования производственного потенциала', 69, 1537, 14),
(619889, 'Королева Людмила Павловна', 'экономический факультет, кафедра теоретической экономики и экономической безопасности', 121, 731, 13),
(622925, 'Понкратов Вадим Витальевич', 'Департамент общественных финансов, Центр финансовой политики', 110, 1376, 23),
(631662, 'Мамадалиев Марат Сейдигапбарович', '', 2, 3, 1),
(640234, 'Камакин Николай Федорович', 'Стоматологический факультет, Кафедра нормальной физиологии', 81, 395, 8),
(641155, '', '', 0, 0, 0),
(643026, 'Багаутдинова Инна Валерьевна', 'кафедра экономической теории', 28, 132, 6),
(645979, 'Нуритдинова Гавхар Тайиповна', '1-ая детская городская больница', 7, 9, 2),
(651646, 'Балтабаев Мир-Али Курбан-Алиевич', 'медицинский факультет, кафедра дерматовенерологии и фтизиатрии', 53, 134, 5),
(667016, 'Останин Владимир Анатольевич', 'кафедра экономической теории и мировой экономики', 172, 1027, 17),
(667052, 'Галазова Светлана Сергеевна', 'Факультет управления, кафедра экономики и предпринимательства', 127, 766, 16),
(671206, 'Тебиева Деляра Иосифовна', 'Факультет географии и геоэкологии, кафедра физической и социально-экономической географии', 71, 117, 6),
(677271, 'Проценко Александр Иванович', 'Факультеты, Лечебный факультет, кафедра травматологии, ортопедии и хирургии катастроф', 9, 38, 2),
(678531, 'Проценко Александр Иванович', 'Факультеты, Лечебный факультет, кафедра травматологии, ортопедии и хирургии катастроф', 28, 65, 4),
(685809, 'Максименков Андрей Владимирович', 'отделение хирургии №2 стационара', 36, 100, 5),
(686725, 'Чихтисов Руслан Авданович', 'факультет социологии и социальной работы', 55, 13, 2),
(689717, 'Рахматулаева Татьяна Гамзатовна', 'Факультет иностранных языков', 19, 3, 1),
(691188, 'Альпидовская Марина Леонидовна', 'Департамент экономической теории', 202, 1361, 22),
(696217, 'Ганиев Абдумумин Каххарович', 'фармацевтический факультет', 6, 4, 1),
(696851, 'Хубулова Светлана Алексеевна', 'Исторический факультет, кафедра новейшей отечественной истории', 131, 344, 9),
(697225, 'Красильникова Марина Владимировна', 'Отдел оптимизации лечения гематологических заболеваний', 17, 86, 6),
(704571, 'Цхададзе Нелли Викторовна', 'кафедра \"Экономическая теория\"', 206, 456, 9),
(706449, 'Шалина Ольга Игоревна', 'кафедра экономической теории', 73, 315, 10),
(708608, 'Махаматова Саида Таировна', 'кафедра экономическая теория', 33, 49, 5),
(710985, 'Гринкевич Анастасия Михайловна', 'Институт экономики и менеджмента, кафедра экономики', 52, 299, 6),
(714686, 'Дзотцоева Анжела Аслановна', 'Юридический факультет', 21, 10, 1),
(714688, 'Дзобелова Валентина Батразовна', 'кафедра бухгалтерского учета и налогообложения', 94, 559, 12),
(716626, 'Татуев Арсен Азидович', 'кафедра конституционного и административного права', 179, 2225, 30),
(728524, 'Касаева Татьяна Викторовна', 'Саратовский социально-экономический институт', 66, 224, 7),
(740500, 'Чайко Наталья Николаевна', 'факультет иностранных языков, кафедра немецкого языка', 23, 0, 0),
(749109, 'Озарнов Руслан Владиславович', 'Департамент мировой экономики и мировых финансов', 9, 7, 1),
(755609, 'Делиева Лариса Михайловна', 'Юридический факультет, Кафедра иностранных языков', 6, 1, 0),
(761696, 'Меняйлов Александр Александрович', 'Институт сервиса, туризма и дизайна (филиал) СКФУ в г. Пятигорске, Школа Кавказского гостеприимства, Кафедра туризма и гостиничного дела', 64, 248, 9),
(765105, 'Ядренникова Елена Викторовна', 'Институт «Высшая школа экономики и менеджмента», Департамент финансов, Кафедра финансового и налогового менеджмента', 33, 397, 6),
(765678, 'Тавасиев Владимир Хасанович', 'кафедра геоэкологии и землеустройства', 55, 454, 15),
(768391, 'Бирагова Фатима Ростиславовна', 'Факультет иностранных языков', 8, 11, 2),
(768652, 'Яблочников Сергей Леонтьевич', 'кафедра математики и информационных технологий управления', 312, 1464, 24),
(768820, 'Батагова Людмила Хазретовна', 'Исторический факультет, кафедра российской истории и кавказоведения', 24, 22, 2),
(768881, 'Баннова Кристина Алексеевна', 'Институты, Финансово-экономический институт, Кафедра экономики и финансов', 100, 556, 12),
(770839, 'Газдарова Аза Хадзбатровна', 'Факультет осетинской филологии', 31, 28, 2),
(771133, 'Талханова Фатима Дзамболатовна', 'кафедра иностранных языков для неязыковых специальностей', 21, 17, 2),
(771302, 'Тедтоева Зинаида Хасанбековна', 'Факультет журналистики', 81, 42, 3),
(771800, 'Афанасьева Юлия Александровна', 'Психолого-педагогический факультет, кафедра психологии', 32, 16, 2),
(772008, 'Кокоева Разита Тембулатовна', 'Факультет психологии и социологии', 64, 101, 6),
(772177, 'Ильченко Виктрия Владимировна', 'факультет психолого-педагогический', 65, 65, 4),
(772375, 'Хадиков Ацамаз Казбекович', 'юридический факультет, кафедра конституционного права', 27, 26, 3),
(772863, 'Колиева Фатима Азамбековна', 'Физико-технический факультет, кафедра технологии и конструирования швейных изделий', 27, 34, 3),
(772934, 'Туаев Гиви Алексеевич', 'кафедра геоэкологии и землеустройства', 10, 16, 2),
(773591, 'Гетманова Елена Сергеевна', 'высшая школа политического управления и инновационного менеджмента, кафедра экономики, менеджмента и финансов', 13, 90, 2),
(774933, 'Годжиев Георгий Тимофеевич', 'факультет физической культуры и спорта, кафедра теории, методики физического воспитания и легкой атлетики', 14, 18, 2),
(776854, 'Воробьева Ирина Николаевна', 'факультет физической культуры и спорта, кафедра теории, методики физического воспитания и легкой атлетики', 23, 91, 5),
(777720, 'Цаликова Марина Борисовна', 'Юридический факультет', 35, 44, 3),
(778156, 'Алексеев Андрей Анатольевич', 'Ожоговый центр', 193, 1662, 14),
(779018, 'Зураева Аза Владимировна', 'Факультет иностранных языков', 13, 0, 0),
(780250, 'Иванов Юрий Борисович', 'отдел проблем развития региональной экономики', 107, 1833, 16),
(781679, 'Кильметова Рената Рафиковна', 'Юридический факультет', 41, 19, 2),
(786930, 'Усмонов Умид Донакузиевич', 'Кафедра хирургии', 9, 3, 1),
(787570, 'Салахиддинов Камолиддин Зухриддинович', 'Кафедра факультетской и госпитальной хирургии', 13, 30, 3),
(788176, 'Алимов Александр Викторович', 'Дирекция', 95, 60, 3),
(799594, 'Тбоева Зарина Эльбрусовна', 'кафедра английской филологии и иностранных языков', 22, 2, 1),
(807575, 'Тальцев Александр Николаевич', 'аспирантура', 9, 6, 1),
(811296, 'Егоров Дмитрий Игоревич', 'химико-технологический факультет', 14, 6, 2),
(816207, 'Умадкереева Ях Жумалдиновна', 'Факультет иностранных языков', 3, 5, 1),
(816803, 'Арсаханова Малютхан Абдул-Хаджиевна', 'Факультет иностранных языков', 18, 9, 1),
(826177, 'Вишневская Елена Николаевна', 'Кафедра экономической теории и государственного управления', 22, 471, 4),
(829170, 'Соколов Дмитрий Павлович', 'Департамент экономической теории', 45, 102, 6),
(834167, 'Курбонова Мукадас Завайдовна', 'химический факультет', 14, 9, 1),
(849971, 'Луцевич Олег Эммануилович', 'Лечебный факультет, Кафедра факультетской хирургии №1', 161, 910, 12),
(854520, 'Семжанова Жулдыз Адилбаевна', 'кафедра клинической анатомии и оперативной хирургии', 15, 7, 1),
(871974, 'Цховребова Маргарита Константиновна', 'Юридический факультет, кафедра теории и истории государства и права', 35, 12, 1),
(872478, 'Мамаев Виталий Игоревич', 'Факультет химии, биологии и биотехнологии, кафедра зоологии', 10, 2, 1),
(872606, 'Шатманов Суйналы Токтоназарович', 'кафедра гистологии и патанатомии', 14, 13, 1),
(888270, 'Рысин Юрий Соломонович', 'Факультет \"Информационные технологии\"', 30, 182, 6),
(891196, 'Акоева Мадина Айларовна', 'Факультет управления, кафедра экономики и предпринимательства', 12, 15, 3),
(903884, 'Корецкая-Гармаш Виктория Александровна', 'Институт «Высшая школа экономики и менеджмента», Департамент финансов, Кафедра финансового и налогового менеджмента', 10, 11, 2),
(904594, 'Мамасаидов Абдимуталиб Ташалиевич', 'медицинский', 52, 113, 4),
(906880, 'Тошбоев Шерзод Олимович', 'кафедра детской хирургии, анестезиологии и реаниматологии', 12, 15, 2),
(926514, 'Гаппоева Валентина Созыркоевна', 'Факультет химии, биологии и биотехнологии, кафедра анатомии, физиологии и ботаники', 15, 108, 4),
(930183, 'Симутова Дарья Викторовна', 'Департамент кадров', 6, 1, 1),
(930565, 'Бекоев Александр Камболатович', 'Факультет химии, биологии и биотехнологии', 9, 0, 0),
(930575, 'Цагаева Зарина Казбековна', 'Факультет химии, биологии и биотехнологии', 7, 2, 1),
(930577, 'Дреева Ира Артуровна', 'Факультет химии, биологии и биотехнологии', 2, 1, 1),
(930972, 'Ногаев Сослан Рамазанович', 'Факультет химии, биологии и биотехнологии', 2, 0, 0),
(931038, 'Мукагов Максим Алексеевич', 'Факультет химии, биологии и биотехнологии', 6, 0, 0),
(931097, 'Компанцев Антон Александрович', 'Факультет химии, биологии и биотехнологии', 8, 3, 1),
(931195, 'Джиоева Ия Эдиковна', 'Факультет химии, биологии и биотехнологии, кафедра зоологии', 8, 11, 1),
(936045, 'Казаков Петрос Николаевич', 'факультет международных экономических отношений', 2, 0, 0),
(956797, 'Абильдаев Данияр Айболсынович', 'Кафедра клинической анатомии и оперативной хирургии', 22, 8, 1),
(962751, 'Хамидов Фарухбек Шаввазович', 'кафедра дерматологии', 46, 53, 3),
(970742, 'Джумабаев Хасан Эркинович', 'колоректальная онкология', 19, 30, 3),
(975526, 'Борисова Екатерина Сергеевна', 'Кафедра \"Государственное и муниципальное управление\"', 39, 23, 2),
(975614, 'Касиева Гулсара Кенешовна', 'медицинский факултет', 7, 5, 1),
(984767, 'Мамадалиев Аббосбек Бахтиярович', 'Кафедра травматологии, ортопедии, ВПХ, нейрохирургии и медицины катастроф', 13, 1, 1),
(987551, 'Каримова Мюассар Хамитовна', 'кафедра офтальмологии', 18, 25, 2),
(991237, 'Бондаренко Никита Олегович', 'Обучающиеся, Студенты', 12, 6, 2),
(994550, 'Бидаров Батраз Станиславович', 'Экономический факультет', 1, 0, 0),
(999378, 'Алейник Владимир Алексеевич', 'научно-исследовательская лаборатория', 32, 55, 3),
(1001122, 'Абдурахимов Абдухалим Холиддин', 'кафедра анатомии и клинической анатомии', 1, 0, 0),
(1003792, 'Старчунова Елизавета Сергеевна', 'факультет учёт и аудит', 0, 0, 0),
(1003830, 'Победушкина Виктория Александровна', 'Факультет международных экономических отношений', 0, 0, 0),
(1014282, 'Суркова Олеся Александровна', 'Департамент общественных финансов', 7, 0, 0),
(1020667, 'Кузбенова Эльгина Рустамовна', 'Кафедра \"Государственное и муниципальное управление\"', 5, 9, 2),
(1020829, 'Сергиенко Людмила Михайловна', 'Филиал СГПИ в г. Ессентуки', 11, 4, 1),
(1025664, 'Удалов Иван Дмитриевич', 'экономический факультет', 3, 0, 0),
(1027118, 'Руденко Николай Сергеевич', 'Экономический факультет, Кафедра экономики и финансовой политики', 7, 6, 2),
(1031591, 'Касимов Хаетбек Кабулович', 'кафедра оториноларингология', 9, 3, 0),
(1032087, 'Шерстюк Юлия Олеговна', 'Факультет торгового и таможенного дела, Кафедра логистики и торговой политики', 4, 0, 0),
(1034928, 'Ососко Яна Сергеевна', '', 2, 0, 0),
(1035064, 'Лачкова Виктория Константиновна', 'Департамент экономической теории', 8, 0, 0),
(1035272, 'Трапезникова Надия Викторовна', 'Кафедра креативно-инновационного управления и права', 6, 12, 2),
(1036766, 'Еременко Игорь Владимирович', 'Департамент анализа данных, принятия решений и финансовых технологий', 3, 1, 1),
(1041893, 'Кахаров Зафар Абдурахманович', 'кафедра анатомии и клинической анатомии', 13, 26, 2);

-- --------------------------------------------------------

--
-- Структура таблицы `authors_to_organisations`
--

CREATE TABLE `authors_to_organisations` (
  `id` int(11) NOT NULL,
  `authorid` int(11) NOT NULL,
  `orgsid` int(11) NOT NULL
) ENGINE=InnoDB DEFAULT CHARSET=utf8;

--
-- Дамп данных таблицы `authors_to_organisations`
--

INSERT INTO `authors_to_organisations` (`id`, `authorid`, `orgsid`) VALUES
(291, 8622, 190),
(248, 20321, 76),
(247, 20321, 847),
(120, 39727, 103),
(124, 39727, 689),
(122, 39727, 1610),
(279, 72268, 306),
(278, 72268, 887),
(280, 72268, 2514),
(185, 74287, 13693),
(254, 90010, 486),
(255, 90010, 546),
(252, 90010, 716),
(251, 90010, 2087),
(253, 90010, 18032),
(267, 91343, 14360),
(192, 115663, 191),
(193, 115663, 4789),
(211, 129004, 1098),
(249, 129009, 4861),
(270, 132186, 7385),
(204, 175738, 322),
(206, 175738, 2241),
(205, 175738, 14461),
(288, 175745, 13825),
(240, 179214, 262),
(239, 179214, 14535),
(301, 179982, 6170),
(175, 195246, 81),
(171, 195246, 500),
(176, 195246, 751),
(177, 195246, 7324),
(174, 195246, 7397),
(173, 195246, 13830),
(172, 195246, 17629),
(259, 211888, 3145),
(164, 266961, 914),
(163, 266961, 14856),
(303, 272455, 3027),
(304, 272455, 3356),
(302, 272455, 13860),
(210, 280877, 451),
(290, 287564, 919),
(160, 287582, 162),
(159, 287582, 1495),
(222, 309197, 2288),
(221, 309197, 7568),
(257, 311699, 4311),
(153, 332968, 2794),
(152, 332968, 4065),
(150, 332968, 7953),
(151, 332968, 15105),
(148, 336551, 3490),
(232, 338012, 1108),
(187, 368067, 1600),
(126, 373368, 14683),
(143, 390224, 3210),
(144, 390224, 4272),
(145, 390224, 5341),
(146, 390224, 15503),
(147, 391996, 569),
(289, 397413, 4240),
(262, 399715, 4655),
(196, 403604, 6078),
(246, 408746, 639),
(245, 408746, 13662),
(272, 410791, 5264),
(269, 438366, 200),
(268, 438366, 3576),
(194, 440982, 7338),
(195, 440982, 14985),
(186, 454883, 14754),
(190, 459070, 4568),
(191, 459070, 7201),
(128, 463625, 3758),
(149, 476438, 14671),
(169, 481775, 1074),
(168, 481775, 4319),
(189, 489643, 863),
(165, 504703, 5350),
(178, 530654, 479),
(161, 534182, 2236),
(162, 534182, 2815),
(261, 540375, 210),
(260, 540375, 8076),
(203, 543075, 4758),
(188, 562634, 1813),
(132, 568188, 2395),
(130, 568188, 7758),
(134, 568188, 18062),
(136, 593090, 641),
(271, 596021, 15089),
(224, 605795, 563),
(225, 605795, 623),
(220, 605795, 876),
(218, 605795, 1901),
(219, 605795, 6728),
(223, 605795, 16687),
(217, 614699, 2826),
(238, 619889, 400),
(263, 640234, 6761),
(264, 640234, 14122),
(213, 643026, 675),
(212, 643026, 780),
(256, 651646, 1201),
(244, 667016, 3881),
(241, 667016, 6505),
(242, 667016, 7082),
(243, 667016, 14004),
(179, 678531, 5626),
(167, 685809, 3907),
(166, 685809, 15284),
(286, 691188, 14381),
(112, 696217, 2564),
(114, 696217, 3352),
(250, 696851, 15293),
(266, 697225, 966),
(287, 704571, 14026),
(285, 708608, 4008),
(273, 716626, 741),
(276, 716626, 761),
(275, 716626, 5745),
(277, 728524, 3705),
(281, 749109, 901),
(295, 768652, 150),
(293, 768652, 1997),
(292, 768652, 2602),
(297, 768652, 3788),
(298, 768652, 6762),
(299, 768652, 7979),
(296, 768652, 8049),
(294, 768652, 14450),
(300, 768652, 17405),
(209, 768881, 366),
(207, 768881, 549),
(208, 768881, 573),
(184, 772375, 661),
(182, 772375, 1864),
(183, 772375, 14702),
(265, 776854, 924),
(258, 777720, 7813),
(155, 778156, 252),
(158, 778156, 371),
(157, 778156, 533),
(156, 778156, 732),
(154, 778156, 2541),
(228, 780250, 174),
(229, 780250, 353),
(227, 780250, 3887),
(226, 780250, 15210),
(180, 781679, 844),
(181, 781679, 3319),
(108, 787570, 17462),
(201, 788176, 712),
(199, 788176, 1688),
(197, 788176, 13834),
(198, 807575, 4812),
(200, 807575, 13701),
(202, 816207, 8009),
(215, 826177, 2883),
(216, 826177, 3018),
(214, 826177, 6992),
(234, 834167, 7361),
(233, 834167, 7765),
(230, 834167, 14160),
(231, 834167, 14788),
(170, 849971, 584),
(116, 872606, 1243),
(306, 888270, 1070),
(305, 888270, 1494),
(235, 903884, 290),
(236, 903884, 4668),
(237, 903884, 15073),
(139, 904594, 7301),
(137, 904594, 15110),
(141, 904594, 15379),
(283, 930183, 5295),
(109, 956797, 2655),
(118, 975614, 14608),
(111, 984767, 2354),
(110, 984767, 17818),
(107, 1001122, 939),
(282, 1027118, 369),
(284, 1032087, 6749);

-- --------------------------------------------------------

--
-- Структура таблицы `mylog`
--

CREATE TABLE `mylog` (
  `id` int(11) NOT NULL,
  `datetime` datetime NOT NULL,
  `value` text NOT NULL,
  `dop` varchar(255) NOT NULL
) ENGINE=InnoDB DEFAULT CHARSET=utf8;

-- --------------------------------------------------------

--
-- Структура таблицы `organisations`
--

CREATE TABLE `organisations` (
  `id` int(11) NOT NULL,
  `name` varchar(500) NOT NULL,
  `name_en` varchar(500) NOT NULL,
  `type` varchar(255) NOT NULL,
  `city` varchar(255) NOT NULL,
  `country` varchar(255) NOT NULL,
  `region` varchar(255) NOT NULL
) ENGINE=InnoDB DEFAULT CHARSET=utf8;

--
-- Дамп данных таблицы `organisations`
--

INSERT INTO `organisations` (`id`, `name`, `name_en`, `type`, `city`, `country`, `region`) VALUES
(76, 'Федеральное государственное бюджетное учреждение науки Институт физики металлов имени М.Н. Михеева Уральского отделения Российской академии наук', 'M.N. Mikheev Institute of Metal Physics of Ural Branch of the Russian Academy of Sciences', 'Научно-исследовательский институт', 'Екатеринбург', 'Россия', 'Свердловская область'),
(81, 'Федеральное государственное бюджетное учреждение науки Федеральный исследовательский центр химической физики имени Н.Н. Семенова Российской академии наук', 'N.N. Semenov Federal Research Center for Chemical Physics, Russian Academy of Sciences', 'Научный центр', 'Москва', 'Россия', 'Москва'),
(103, 'Федеральное государственное бюджетное учреждение науки Институт ядерных исследований Российской академии наук', 'Institute of Nuclear Research of the Russian Academy of Sciences', 'Научно-исследовательский институт', 'Троицк', 'Россия', 'Московская область'),
(150, 'Федеральное государственное автономное образовательное учреждение высшего образования \"Московский физико-технический институт (национальный исследовательский университет)\"', 'Moscow Institute of Physics and Technology', 'Высшее учебное заведение', 'Долгопрудный', 'Россия', 'Московская область'),
(162, 'Федеральное государственное автономное образовательное учреждение высшего образования Первый Московский государственный медицинский университет имени И.М. Сеченова Министерства здравоохранения Российской Федерации (Сеченовский Университет)', 'The State Education Institution of Higher Professional Training The First Sechenov Moscow State Medical University under Ministry of Health of the Russian Federation', 'Высшее учебное заведение', 'Москва', 'Россия', 'Москва'),
(174, 'Федеральное государственное бюджетное учреждение Национальный исследовательский центр \"Курчатовский институт\"', 'National Research Centre \"Kurchatov Institute\"', 'Научный центр', 'Москва', 'Россия', 'Москва'),
(190, 'Федеральное государственное бюджетное образовательное учреждение высшего образования \"Санкт-Петербургский государственный университет\"', 'Saint-Petersburg State University', 'Высшее учебное заведение', 'Санкт-Петербург', 'Россия', 'Санкт-Петербург'),
(191, 'Федеральное государственное бюджетное образовательное учреждение высшего образования Ульяновский государственный университет', 'Ulyanovsk State University', 'Высшее учебное заведение', 'Ульяновск', 'Россия', 'Ульяновская область'),
(200, 'Федеральное государственное бюджетное образовательное учреждение высшего образования \"Чувашский государственный университет имени И.Н. Ульянова\"', 'Chuvash State University', 'Высшее учебное заведение', 'Чебоксары', 'Россия', 'Чувашская Республика'),
(210, 'Федеральное государственное бюджетное образовательное учреждение высшего образования Кубанский государственный университет', 'Kuban State University', 'Высшее учебное заведение', 'Краснодар', 'Россия', 'Краснодарский край'),
(252, 'Федеральное государственное автономное образовательное учреждение высшего профессионального образования Северо-Восточный федеральный университет имени М.К. Аммосова', 'North-Eastern Federal University named after M.K. Ammosov', 'Высшее учебное заведение', 'Якутск', 'Россия', 'Республика Саха (Якутия)'),
(262, 'Федеральное государственное автономное образовательное учреждение высшего образования Дальневосточный федеральный университет', 'Far Eastern Federal University', 'Высшее учебное заведение', 'Владивосток', 'Россия', 'Приморский край'),
(290, 'Федеральное государственное автономное образовательное учреждение высшего образования \"Уральский федеральный университет имени первого Президента России Б.Н. Ельцина\"', 'Ural Federal University', 'Высшее учебное заведение', 'Екатеринбург', 'Россия', 'Свердловская область'),
(306, 'Федеральное государственное автономное образовательное учреждение высшего профессионального образования Волгоградский государственный университет', 'Volgograd State University', 'Высшее учебное заведение', 'Волгоград', 'Россия', 'Волгоградская область'),
(322, 'Федеральное государственное автономное образовательное учреждение высшего образования \"Южный федеральный университет\"', 'Southern Federal University', 'Высшее учебное заведение', 'Ростов-на-Дону', 'Россия', 'Ростовская область'),
(353, 'Федеральное государственное автономное образовательное учреждение высшего образования \"Национальный исследовательский ядерный университет МИФИ\"', 'National Research Nuclear University MEPhI (Moscow Engineering Physics Institute)', 'Высшее учебное заведение', 'Москва', 'Россия', 'Москва'),
(366, 'Федеральное государственное автономное образовательное учреждение высшего образования \"Национальный исследовательский Томский государственный университет\"', 'Tomsk State University', 'Высшее учебное заведение', 'Томск', 'Россия', 'Томская область'),
(369, 'Федеральное государственное бюджетное образовательное учреждение высшего образования \"Омский государственный университет имени Ф.М. Достоевского\"', 'Federal State Budgetary Educational Institution of Higher Education \" Dostoevsky Omsk State University\"', 'Высшее учебное заведение', 'Омск', 'Россия', 'Омская область'),
(371, 'Федеральный исследовательский центр \"Фундаментальные основы биотехнологии\" Российской академии наук\"', 'Institute of Biochemistry of the Russian Academy of Sciences', 'Научно-исследовательский институт', 'Москва', 'Россия', 'Москва'),
(400, 'Федеральное государственное бюджетное образовательное учреждение высшего образования Национальный исследовательский Мордовский государственный университет имени Н.П. Огарева', 'Ogarev Mordovia State University', 'Высшее учебное заведение', 'Саранск', 'Россия', 'Республика Мордовия'),
(451, 'Федеральное государственное бюджетное образовательное учреждение высшего образования Байкальский государственный университет', 'the Federal State Budget Educational Institution of Higher Education «Baikal State University', 'Высшее учебное заведение', 'Иркутск', 'Россия', 'Иркутская область'),
(479, 'Федеральное государственное казенное учреждение Главный военный клинический госпиталь имени Н.Н. Бурденко Министерства обороны Российской Федерации', 'Burdenko Main Military Clinical Hospital', 'Медицинское учреждение', 'Москва', 'Россия', 'Москва'),
(486, 'Федеральное государственное бюджетное учреждение \"Национальный медицинский исследовательский центр кардиологии\" Министерства здравоохранения Российской Федерации', 'Federal State Budget Organization National Medical Research Center of Cardiology, Ministry of Healthcare Russian Federation', 'Научный центр', 'Москва', 'Россия', 'Москва'),
(500, 'Федеральное государственное автономное образовательное учреждение высшего образования Российский университет дружбы народов', 'Peoples Friendship University of Russia', 'Высшее учебное заведение', 'Москва', 'Россия', 'Москва'),
(533, 'Федеральное государственное автономное образовательное учреждение высшего образования \"Северный (Арктический) федеральный университет имени М.В. Ломоносова\"', 'Northern (Arctic) Federal University named after M.V. Lomonosov', 'Высшее учебное заведение', 'Архангельск', 'Россия', 'Архангельская область'),
(546, 'Федеральное государственное бюджетное научное учреждение Научный центр неврологии', 'Research Center of Neurology', 'Научный центр', 'Москва', 'Россия', 'Москва'),
(549, 'Федеральное государственное автономное образовательное учреждение высшего образования Тюменский государственный университет', 'Tyumen State University', 'Высшее учебное заведение', 'Тюмень', 'Россия', 'Тюменская область'),
(563, 'Федеральное государственное бюджетное образовательное учреждение высшего профессионального образования Бурятский государственный университет', 'Buryat State University', 'Высшее учебное заведение', 'Улан-Удэ', 'Россия', 'Республика Бурятия'),
(569, 'Федеральное государственное бюджетное образовательное учреждение высшего образования \"Российский национальный исследовательский медицинский университет имени Н.И. Пирогова\" Министерства здравоохранения Российской Федерации', 'The Russian National Research Medical University named after N.I. Pirogov', 'Высшее учебное заведение', 'Москва', 'Россия', 'Москва'),
(573, 'Федеральное государственное автономное образовательное учреждение высшего образования Национальный исследовательский Томский политехнический университет', 'National Research Tomsk Polytechnic University', 'Высшее учебное заведение', 'Томск', 'Россия', 'Томская область'),
(584, 'Федеральное государственное бюджетное учреждение \"Национальный медицинский исследовательский центр эндокринологии\" Министерства здравоохранения Российской Федерации', 'Endocrinology Research Centre', 'Научный центр', 'Москва', 'Россия', 'Москва'),
(623, 'Федеральное государственное бюджетное учреждение науки Государственный научный центр Российской Федерации - Институт медико-биологических проблем Российской академии наук', 'Institute of Biomedical Problems of the Russian Academy of Sciences', 'Научный центр', 'Москва', 'Россия', 'Москва'),
(639, 'Федеральное государственное бюджетное образовательное учреждение высшего образования \"Российский экономический университет имени Г.В. Плеханова\"', 'Plekhanov Russian University of Economics', 'Высшее учебное заведение', 'Москва', 'Россия', 'Москва'),
(641, 'Бюджетное учреждение высшего образования Ханты-Мансийского автономного округа - Югры Сургутский государственный университет', 'Surgut State University', 'Высшее учебное заведение', 'Сургут', 'Россия', 'Ханты-Мансийский автономный округ'),
(661, 'Федеральное государственное автономное образовательное учреждение высшего профессионального образования Северо-Кавказский федеральный университет', 'North Caucasus Federal University', 'Высшее учебное заведение', 'Ставрополь', 'Россия', 'Ставропольский край'),
(675, 'Федеральное государственное автономное образовательное учреждение высшего образования Санкт-Петербургский государственный университет аэрокосмического приборостроения', 'Saint-Petersburg State University of Aerospace Instrumentation', 'Высшее учебное заведение', 'Санкт-Петербург', 'Россия', 'Санкт-Петербург'),
(689, 'Акционерное общество Государственный научный центр Российской Федерации - Физико-энергетический институт имени А.И. Лейпунского', 'Joint Stock Company \"State Scientific Centre of the Russian Federation - Institute for Physics and Power Engineering named after A.I. Leypunsky\"', 'Научный центр', 'Обнинск', 'Россия', 'Калужская область'),
(712, 'Федеральное бюджетное учреждение науки Центральный научно-исследовательский институт эпидемиологии Федеральной службы по надзору в сфере защиты прав потребителей и благополучия человека', 'Central Research Institute of Epidemiology', 'Научно-исследовательский институт', 'Москва', 'Россия', 'Москва'),
(716, 'Федеральное государственное бюджетное учреждение \"Национальный медицинский исследовательский центр гематологии\" Министерства здравоохранения Российской Федерации', 'National Research Center for Hematology, Moscow, Russia', 'Медицинское учреждение', 'Москва', 'Россия', 'Москва'),
(732, 'Федеральное государственное бюджетное научное учреждение \"Научный центр психического здоровья\"', 'Mental Health Research Center of the Russian Academy of Medical Sciences', 'Научный центр', 'Москва', 'Россия', 'Москва'),
(741, 'Федеральное государственное бюджетное учреждение высшего образования Кабардино-Балкарский государственный университет имени Х.М. Бербекова', 'Kabardino-Balkarian State University', 'Высшее учебное заведение', 'Нальчик', 'Россия', 'Кабардино-Балкарская Республика'),
(751, 'Городская клиническая больница №14 имени В.Г. Короленко', 'Municipal Hospital #14 named V.G.Korolenko', 'Медицинское учреждение', 'Москва', 'Россия', 'Москва'),
(761, 'Федеральное государственное бюджетное образовательное учреждение высшего образования Донской государственный технический университет', 'Don State Technical Universyty', 'Высшее учебное заведение', 'Ростов-на-Дону', 'Россия', 'Ростовская область'),
(780, 'Федеральное государственное бюджетное образовательное учреждение высшего образования Уфимский государственный авиационный технический университет', 'Federal State Budgetary Educational Institution of Higher Education \"Ufa State Aviation Technical University\"', 'Высшее учебное заведение', 'Уфа', 'Россия', 'Республика Башкортостан'),
(844, 'Федеральное государственное бюджетное образовательное учреждение высшего образования \"Дагестанский государственный университет\"', 'Daghestan State University', 'Высшее учебное заведение', 'Махачкала', 'Россия', 'Республика Дагестан'),
(847, 'Федеральное государственное бюджетное образовательное учреждение высшего профессионального образования Брянский государственный технический университет', 'Bryansk State Technical University', 'Высшее учебное заведение', 'Брянск', 'Россия', 'Брянская область'),
(863, 'Федеральное государственное бюджетное образовательное учреждение высшего профессионального образования Ставропольский государственный аграрный университет', 'Stavropol State Agrarian University', 'Высшее учебное заведение', 'Ставрополь', 'Россия', 'Ставропольский край'),
(876, 'Федеральное государственное бюджетное учреждение науки Федеральный исследовательский центр питания, биотехнологии и безопасности пищи', 'Federal Research Center of Nutrition, Biotechnology and Food Safety; Institute of Nutrition RAMS, Institute of Nutrition; Federal Research Center of Nutrition and Biotechnology', 'Научно-исследовательский институт', 'Москва', 'Россия', 'Москва'),
(887, 'Федеральное государственное бюджетное образовательное учреждение высшего образования \"Томский государственный университет систем управления и радиоэлектроники\"', 'Tomsk State University of Control Systems and Radioelectronics', 'Высшее учебное заведение', 'Томск', 'Россия', 'Томская область'),
(901, 'Федеральное государственное автономное образовательное учреждение высшего образования \"Московский государственный институт международных отношений (университет) Министерства иностранных дел Российской Федерации\"', 'Moscow State Institute of International Relations (University)', 'Высшее учебное заведение', 'Москва', 'Россия', 'Москва'),
(914, 'Федеральное государственное бюджетное образовательное учреждение высшего образования \"Приволжский исследовательский медицинский университет\" Министерства здравоохранения Российской Федерации', 'Privolzhsky Research Medical University', 'Высшее учебное заведение', 'Нижний Новгород', 'Россия', 'Нижегородская область'),
(919, 'Федеральное государственное бюджетное образовательное учреждение высшего образования Юго-Западный государственный университет', 'Southwest State University', 'Высшее учебное заведение', 'Курск', 'Россия', 'Курская область'),
(924, 'Федеральное государственное бюджетное образовательное учреждение высшего образования \"Московский педагогический государственный университет\"', 'State Federal Budget Institution of Higher Education Moscow Pedagogical State University (MPGU)', 'Высшее учебное заведение', 'Москва', 'Россия', 'Москва'),
(939, 'Ташкентский химико-технологический институт', 'Tashkent Chemical Technological Institute', 'Высшее учебное заведение', 'Ташкент', 'Узбекистан', 'Город'),
(966, 'Федеральное государственное бюджетное учреждение \"Национальный медицинский исследовательский центр детской гематологии, онкологии и иммунологии имени Дмитрия Рогачева\" Министерства здравоохранения Российской Федерации', 'Dmitry Rogachev National Medical Research Center of Pediatric Hematology, Oncology and Immunology', 'Научный центр', 'Москва', 'Россия', 'Москва'),
(1070, 'Федеральное государственное бюджетное образовательное учреждение высшего профессионального образования Нижегородский государственный архитектурно-строительный университет', 'Nizhni Novgorod State University of Architecture and Civil Engineering', 'Высшее учебное заведение', 'Нижний Новгород', 'Россия', 'Нижегородская область'),
(1074, 'Федеральное государственное образовательное бюджетное учреждение высшего профессионального образования Финансовый университет при Правительстве Российской Федерации', 'Finance University under the Government of the Russian Federation', 'Высшее учебное заведение', 'Москва', 'Россия', 'Москва'),
(1098, 'Федеральное государственное бюджетное образовательное учреждение высшего образования \"Иркутский государственный университет путей сообщения\"', 'Irkutsk State Transport University', 'Высшее учебное заведение', 'Иркутск', 'Россия', 'Иркутская область'),
(1108, 'Федеральное государственное бюджетное образовательное учреждение высшего образования \"Поволжский государственный технологический университет\"', 'Volga State University of Technology', 'Высшее учебное заведение', 'Йошкар-Ола', 'Россия', 'Республика Марий Эл'),
(1201, 'Государственное образовательное учреждение высшего профессионального образования \"Киргизско-Российский славянский университет\"', 'Kyrgyz-Russian Slavic University', 'Высшее учебное заведение', 'Бишкек', 'Киргизия', 'Город'),
(1243, 'Ошский государственный университет', 'Osh State University', 'Высшее учебное заведение', 'Ош', 'Киргизия', 'Город'),
(1273, 'Андижанский государственный медицинский институт', 'Andijan State Medical Institute', 'Высшее учебное заведение', 'Андижан', 'Узбекистан', 'Город'),
(1494, 'Федеральное государственное бюджетное образовательное учреждение высшего образования \"Московский государственный юридический университет имени О.Е. Кутафина (МГЮА)\"', 'Kutafin Moscow State Law University', 'Высшее учебное заведение', 'Москва', 'Россия', 'Москва'),
(1495, 'Федеральное государственное бюджетное образовательное учреждение высшего образования \"Московский государственный медико-стоматологический университет имени А.И. Евдокимова\" Министерства здравоохранения Российской Федерации', 'Moscow State University of Medicine and Dentistry named after A.I. Evdokimov', 'Высшее учебное заведение', 'Москва', 'Россия', 'Москва'),
(1600, 'Федеральное государственное бюджетное образовательное учреждение высшего образования Пятигорский государственный университет', 'Pyatigorsk State Linguistic University', 'Высшее учебное заведение', 'Пятигорск', 'Россия', 'Ставропольский край'),
(1610, 'Федеральное государственное бюджетное образовательное учреждение дополнительного профессионального образования \"Российская медицинская академия непрерывного профессионального образования\" Министерства здравоохранения Российской Федерации', 'Federal State Budgetary Educational Institution of Further Professional Education \"Russian Medical Academy of Continuous Professional Education\" of the Ministry of Healthcare of the Russian Federation', 'Высшее учебное заведение', 'Москва', 'Россия', 'Москва'),
(1688, 'Федеральное государственное бюджетное образовательное учреждение высшего образования Санкт-Петербургский государственный аграрный университет', 'Federal State Budgetary Educational Institution of Higher Education \"Saint-Petersburg State Agrarian University\"', 'Высшее учебное заведение', 'Санкт-Петербург', 'Россия', 'Санкт-Петербург'),
(1813, 'Федеральное государственное казенное военное образовательное учреждение высшего профессионального образования \"Военный учебно-научный центр Военно-воздушных сил \"Военно-воздушная академия имени профессора Н.Е.Жуковского и Ю.А.Гагарина\" Министерства обороны Российской Федерации', 'Federal state military educational institution of higher professional education \"Military educational scientific center air force \"air force Academy named after Professor N. E. Zhukovsky and Y. A. Gagarin\"', 'Высшее учебное заведение', 'Воронеж', 'Россия', 'Воронежская область'),
(1864, 'Федеральное государственное бюджетное образовательное учреждение высшего образования Горский государственный аграрный университет', 'Federal State Budgetary Educational Institution of Higher Education «Gorsky State', 'Высшее учебное заведение', 'Владикавказ', 'Россия', 'Республика Северная Осетия - Алания'),
(1901, 'Федеральное государственное бюджетное научное учреждение \"Научно-исследовательский институт морфологии человека\"', 'RESEARCH INSTITUTE OF HUMAN MORPHOLOGY', 'Научно-исследовательский институт', 'Москва', 'Россия', 'Москва'),
(1997, 'Ордена Трудового Красного Знамени федеральное государственное бюджетное образовательное учреждение высшего образования \"Московский технический университет связи и информатики\"', 'Moscow Technical University of Communications and Informatics', 'Высшее учебное заведение', 'Москва', 'Россия', 'Москва'),
(2087, 'Государственное бюджетное учреждение здравоохранения города Москвы \"Московский клинический научно-практический центр имени А.С. Логинова Департамента здравоохранения города Москвы\"', 'Moscow Clinical Scientific Center', 'Научный центр', 'Москва', 'Россия', 'Москва'),
(2236, 'Национальный университет Узбекистана имени Мирзо Улугбека', 'National University of Uzbekistan named after Mirzo Ulugbek', 'Высшее учебное заведение', 'Ташкент', 'Узбекистан', 'Город'),
(2241, 'Частное образовательное учреждение высшего образования Южный институт менеджмента', 'Uzhny Institute of Management', 'Высшее учебное заведение', 'Краснодар', 'Россия', 'Краснодарский край'),
(2288, 'Открытое акционерное общество \"Научно-производственная фирма \"Геофизика\"', 'Scientific Production Company Geofizika', 'Научно-производственное предприятие', 'Уфа', 'Россия', 'Республика Башкортостан'),
(2354, 'Самаркандский государственный медицинский институт', 'Samarkand state medical institute', 'Высшее учебное заведение', 'Самарканд', 'Узбекистан', 'Город'),
(2395, 'Ташкентский педиатрический медицинский институт', 'Tashkent Pediatric Medical Institute', 'Высшее учебное заведение', 'Ташкент', 'Узбекистан', 'Город'),
(2514, 'Федеральное государственное бюджетное образовательное учреждение высшего образования \"Тульский государственный педагогический университет имени Л.Н. Толстого\"', 'Tula State Lev Tolstoy Pedagogical University', 'Высшее учебное заведение', 'Тула', 'Россия', 'Тульская область'),
(2541, 'Федеральное государственное бюджетное образовательное учреждение высшего образования \"Московский государственный университет имени М.В. Ломоносова\"', 'Lomonosov Moscow State University', 'Высшее учебное заведение', 'Москва', 'Россия', 'Москва'),
(2564, 'Ташкентский фармацевтический институт', 'Tashkent Pharmaceutical Institute', 'Телефон', 'Ташкент', 'Россия', 'Город'),
(2602, 'Федеральное казенное образовательное учреждение высшего образования \"Академия права и управления Федеральной службы исполнения наказаний\"', 'Сокращение', 'Высшее учебное заведение', 'Рязань', 'Россия', 'Рязанская область'),
(2655, 'Казахский национальный медицинский университет имени С.Д. Асфендиярова', 'Asfendiyarov Kazakh National Medical University', 'Высшее учебное заведение', 'Алматы', 'Казахстан', 'Город'),
(2794, 'Институт биоорганической химии имени А.С. Садыкова Академии наук Республики Узбекистан', 'Institute of Biochemistry named after A.S. Sadykov of the Academy of Sciences of Uzbekistan', 'Научно-исследовательский институт', 'Ташкент', 'Узбекистан', 'Город'),
(2815, 'Институт общей и неорганической химии Академии наук Республики Узбекистан', 'Institute of General and Inorganic Chemistry of the Academy of Sciences of Uzbekistan', 'Научно-исследовательский институт', 'Ташкент', 'Узбекистан', 'Город'),
(2826, 'Национальная академия наук Украины', 'Сокращение', 'Высшее учебное заведение', 'Киев', 'Украина', 'Город'),
(2883, 'Институт экономики промышленности Национальной академии наук Украины', 'Сокращение', 'Научно-исследовательский институт', 'Донецк', 'Украина', 'Город'),
(3018, 'Объединенный институт экономики Национальной академии наук Украины', 'Сокращение', 'Научно-исследовательский институт', 'Киев', 'Украина', 'Город'),
(3027, 'Федеральное государственное автономное учреждение Федеральный институт развития образования Министерства образования и науки Российской Федерации', 'Federal Institute Education Development', 'Научно-исследовательский институт', 'Москва', 'Россия', 'Москва'),
(3145, 'Открытое акционерное общество Институт исследования товародвижения и конъюнктуры оптового рынка', 'JSC ITKOR', 'Научно-исследовательский институт', 'Москва', 'Россия', 'Москва'),
(3210, 'Институт эпидемиологии и инфекционных болезней имени Л.В. Громашевского Академии медицинских наук Украины', 'Сокращение', 'Научно-исследовательский институт', 'Киев', 'Украина', 'Город'),
(3319, 'Институт международного права, экономики, гуманитарных наук и управления имени К.В. Россинского', 'Institute of international Law, Economics, Humanities and Management named by K.Rossinsky', 'Высшее учебное заведение', 'Краснодар', 'Россия', 'Краснодарский край'),
(3352, 'Ташкентская медицинская академия', 'Tashkent Medical Academy', 'Высшее учебное заведение', 'Ташкент', 'Узбекистан', 'Город'),
(3356, 'Министерство науки и высшего образования Российской Федерации', 'Ministry of Science and Higher Education of the Russian Federation', 'Государственное учреждение', 'Москва', 'Россия', 'Москва'),
(3490, 'Научно-исследовательский институт санитарии, гигиены и профзаболеваний Министерства здравоохранения Республики Узбекистан', 'Institute of Sanitary, Hygiene and Occupational Diseases, Ministry of Health, Republic of Uzbekistan', 'Научно-исследовательский институт', 'Ташкент', 'Узбекистан', 'Город'),
(3576, 'Федеральное государственное бюджетное учреждение \"Российская детская клиническая больница\" Министерства здравоохранения Российской Федерации', 'Сокращение', 'Медицинское учреждение', 'Москва', 'Россия', 'Москва'),
(3705, 'Федеральное государственное казенное образовательное учреждение высшего профессионального образования Саратовский юридический институт Министерства внутренних дел Российской Федерации', 'Сокращение', 'Высшее учебное заведение', 'Саратов', 'Россия', 'Саратовская область'),
(3758, 'Ташкентский институт усовершенствования врачей', 'Tashkent State Institute of Advanced Medical Studies', 'Высшее учебное заведение', 'Ташкент', 'Узбекистан', 'Город'),
(3788, 'Украинская инженерно-педагогическая академия', 'Ukrainian Engineering Pedagogics Academy', 'Высшее учебное заведение', 'Харьков', 'Украина', 'Город'),
(3881, 'Федеральное государственное бюджетное образовательное учреждение высшего образования \"Хабаровский государственный университет экономики и права\"', 'Khabarovsk State University of Economics and Law', 'Высшее учебное заведение', 'Хабаровск', 'Россия', 'Хабаровский край'),
(3887, 'Харьковский национальный экономический университет имени Семена Кузнеца', 'Simon Kuznets Kharkiv National University of Economics', 'Высшее учебное заведение', 'Харьков', 'Украина', 'Город'),
(3907, 'Федеральное государственное бюджетное учреждение \"Государственный научный центр лазерной медицины имени О.К. Скобелкина\" Федерального медико-биологического агентства', 'The State Research and Clinical Center for Laser Medicine, Healthcare Ministry of Russian Federation', 'Научный центр', 'Москва', 'Россия', 'Москва'),
(4008, 'Абхазский государственный университет', 'Сокращение', 'Телефон', 'Сухуми', 'Грузия', 'Город'),
(4065, 'Бухарский государственный медицинский институт', 'Bukhara State Medical Institute', 'Телефон', 'Бухара', 'Узбекистан', 'Город'),
(4240, 'Федеральная налоговая служба', 'Сокращение', 'Телефон', 'Москва', 'Россия', 'Москва'),
(4272, 'Институт иммунофизиологии', 'Сокращение', 'Телефон', 'Москва', 'Россия', 'Москва'),
(4311, 'Федеральное государственное бюджетное научное учреждение \"Федеральный научный центр \"Кабардино-Балкарский научный центр Российской академии наук\"', 'Kabardin-Balkar Scientific Center of Russian Academy of Sciences', 'Научный центр', 'Нальчик', 'Россия', 'Кабардино-Балкарская Республика'),
(4319, 'Карагандинский государственный медицинский университет Министерства здравоохранения Республики Казахстан', 'Karaganda State Medical University', 'Телефон', 'Караганда', 'Казахстан', 'Город'),
(4568, 'Государственное бюджетное образовательное учреждение высшего профессионального образования \"Ставропольский государственный педагогический институт\"', 'Stavropol State Pedagogical Institute', 'Высшее учебное заведение', 'Ставрополь', 'Россия', 'Ставропольский край'),
(4655, 'Федеральное государственное бюджетное образовательное учреждение высшего образования Чеченский государственный педагогический университет', 'Federal State Budget Educational Institution of Higher Education Chechen State Pedagogical University', 'Высшее учебное заведение', 'Грозный', 'Россия', 'Чеченская Республика'),
(4668, 'Федеральное государственное бюджетное образовательное учреждение высшего профессионального образования Уральский государственный лесотехнический университет', 'Ural State Forest Engineering University', 'Высшее учебное заведение', 'Екатеринбург', 'Россия', 'Свердловская область'),
(4758, 'Федеральное государственное бюджетное образовательное учреждение высшего профессионального образования Северо-кавказский горно-металлургический институт (государственный технологический университет)', 'North Caucasian Institute of Mining and Metallurgy (State Technological University)', 'Высшее учебное заведение', 'Владикавказ', 'Россия', 'Республика Северная Осетия - Алания'),
(4789, 'Федеральное государственное бюджетное учреждение \"Федеральный научно-исследовательский центр эпидемиологии и микробиологии имени почетного академика Н.Ф. Гамалеи\" Министерства здравоохранения Российской Федерации', 'N.F.Gamaleya Federal Research Centre of Epidemiology and Microbiology', 'Научно-исследовательский институт', 'Москва', 'Россия', 'Москва'),
(4812, 'Федеральное государственное бюджетное образовательное учреждение высшего образования Российский государственный социальный университет', 'Russian State Social University', 'Государственное учреждение', 'Москва', 'Россия', 'Москва'),
(4861, 'Администрация Иркутской области', 'Сокращение', 'Телефон', 'Иркутск', 'Россия', 'Иркутская область'),
(5051, 'Федеральное государственное бюджетное образовательное учреждение высшего профессионального образования \"Северо-Осетинский государственный университет имени К.Л. Хетагурова\"', 'North Ossetian State University', 'Высшее учебное заведение', 'Владикавказ', 'Россия', 'Республика Северная Осетия - Алания'),
(5264, 'Государственное образовательное учреждение дополнительного профессионального образования \"Институт повышения квалификации государственных служащих\"', 'Сокращение', 'Телефон', 'Москва', 'Россия', 'Москва'),
(5295, 'Министерство экономического развития Российской Федерации', 'The Ministry of economic development of the Russian Federation', 'Государственное учреждение', 'Москва', 'Россия', 'Москва'),
(5341, 'Федеральное государственное бюджетное учреждение науки Институт иммунологии и физиологии Уральского отделения Российской академии наук', 'Institute of Immunology and Physiology, Ural Branch of Russian Academy of Sciences', 'Научно-исследовательский институт', 'Екатеринбург', 'Россия', 'Свердловская область'),
(5350, 'Федеральное государственное бюджетное учреждение \"Российская академия наук\"', 'Russian Academy of Sciences', 'Телефон', 'Москва', 'Россия', 'Москва'),
(5626, 'Федеральное государственное бюджетное учреждение Российский онкологический научный центр имени Н.Н. Блохина Российской академии медицинских наук', 'Federal State Budgetary Scientific Institution «N.N.Blokhin Russian Cancer Research Center» of the Ministry of Health of the Russian Federation', 'Научный центр', 'Москва', 'Россия', 'Москва'),
(5745, 'Федеральное государственное бюджетное образовательное учреждение высшего образования \"Московский государственный университет пищевых производств\"', 'Moscow State University of Food Production', 'Высшее учебное заведение', 'Москва', 'Россия', 'Москва'),
(6078, 'Федеральное государственное бюджетное образовательное учреждение высшего образования Армавирский государственный педагогический университет', 'Armavir State Pedagogical University', 'Высшее учебное заведение', 'Армавир', 'Россия', 'Краснодарский край'),
(6170, 'Федеральное государственное бюджетное образовательное учреждение высшего образования \"Сочинский государственный университет\"', 'Sochi State University', 'Высшее учебное заведение', 'Сочи', 'Россия', 'Краснодарский край'),
(6505, 'Государственное казенное образовательное учреждение высшего профессионального образования Российская таможенная академия', 'RUSSIAN CUSTOMS ACADEMY', 'Высшее учебное заведение', 'Люберцы', 'Россия', 'Московская область'),
(6728, 'Федеральное государственное бюджетное образовательное учреждение высшего профессионального образования Московская государственная академия физической культуры', 'Federal State Budget', 'Высшее учебное заведение', 'Малаховка', 'Россия', 'Московская область'),
(6749, 'Федеральное государственное бюджетное образовательное учреждение высшего образования Санкт-Петербургский государственный экономический университет', 'Saint Petersburg State University of Economics', 'Высшее учебное заведение', 'Санкт-Петербург', 'Россия', 'Санкт-Петербург'),
(6761, 'Федеральное государственное бюджетное образовательное учреждение высшего образования \"Кировский государственный медицинский университет\" Министерства здравоохранения Российской Федерации', 'Federal State Budgetary Educational Institution of Higher Education \"Kirov State Medical University\" of the Ministry of Healthcare of the Russian Federation', 'Высшее учебное заведение', 'Киров', 'Россия', 'Кировская область'),
(6762, 'Национальный университет государственной налоговой службы Украины', 'National University of the State Tax Service of Ukraine', 'Государственное учреждение', 'Ирпень', 'Украина', 'Город'),
(6992, 'Государственное образовательное учреждение высшего профессионального образования \"Донецкий национальный технический университет\"', 'State Higher Education Institution Donetsk National Technical University', 'Высшее учебное заведение', 'Донецк', 'Украина', 'Город'),
(7082, 'Федеральное государственное бюджетное образовательное учреждение высшего образования Российская академия народного хозяйства и государственной службы при Президенте Российской Федерации', 'The Russian Presidential Academy Of National Economy And Public Administration', 'Высшее учебное заведение', 'Москва', 'Россия', 'Москва'),
(7201, 'Федеральное государственное казенное образовательное учреждение высшего профессионального образования Краснодарский университет Министерства внутренних дел Российской Федерации', 'The Krasnodar Universitu of the Ministry of Internal Affairs of Russia', 'Высшее учебное заведение', 'Краснодар', 'Россия', 'Краснодарский край'),
(7301, 'Киргизская государственная медицинская академия имени И.К. Ахунбаева', 'I.K. Akhunbaev Kyrgyz state medical academy', 'Высшее учебное заведение', 'Бишкек', 'Киргизия', 'Город'),
(7324, 'Федеральное государственное бюджетное учреждение науки Центр теоретических проблем физико-химической фармакологии Российской академии наук', 'Center for Theoretical Problems of Physicochemical Pharmacology, Institution of Russian Academy of Sciences', 'Государственное учреждение', 'Москва', 'Россия', 'Москва'),
(7338, 'Негосударственная автономная некоммерческая организация высшего образования \"Институт мировых цивилизаций\"', 'Institute of World Civilizationes', 'Высшее учебное заведение', 'Москва', 'Россия', 'Москва'),
(7361, 'Таджикский аграрный университет имени Шериншох Шотемур', 'Tajik Agrarian University named after Shirinsho Shohtemur', 'Телефон', 'Душанбе', 'Таджикистан', 'Город'),
(7385, 'Государственное бюджетное образовательное учреждение высшего профессионального образования Северо-Осетинская государственная медицинская академия Министерства здравоохранения Российской Федерации', 'North-Ossetian State Medical Academy', 'Высшее учебное заведение', 'Владикавказ', 'Россия', 'Республика Северная Осетия - Алания'),
(7397, 'Федеральное государственное бюджетное образовательное учреждение высшего образования \"Ставропольский государственный медицинский университет\" Министерства здравоохранения Российской Федерации', 'Stavropol State Medical University', 'Высшее учебное заведение', 'Ставрополь', 'Россия', 'Ставропольский край'),
(7568, 'Частное образовательное учреждение высшего образования Институт экономики и управления', 'Institute of Economics and Management', 'Высшее учебное заведение', 'Пятигорск', 'Россия', 'Ставропольский край'),
(7758, 'Государственное автономное учреждение здравоохранения \"Республиканский клинический онкологический диспансер Министерства здравоохранения Республики Татарстан\"', 'Сокращение', 'Телефон', 'Казань', 'Россия', 'Республика Татарстан'),
(7765, 'Бохтарский государственный университет имени Носира Хусрава', 'Kurgan-Tyube State University name after N. Chusrav', 'Телефон', 'Курган-тюбе', 'Таджикистан', 'Город'),
(7813, 'Федеральное государственное бюджетное образовательное учреждение высшего образования Кубанский государственный аграрный университет имени И.Т. Трубилина', 'Kuban State Agrarian University', 'Высшее учебное заведение', 'Краснодар', 'Россия', 'Краснодарский край'),
(7953, 'Республиканский специализированный центр хирургии имени академика В. Вахидова Министерства здравоохранения Республики Узбекистан', 'Scientific Center of Surgery named after V. Vakhidov, Ministry of Health, Republic of Uzbekistan', 'Телефон', 'Ташкент', 'Узбекистан', 'Город'),
(7979, 'Тернопольский национальный экономический университет', 'Сокращение', 'Телефон', 'Тернополь', 'Украина', 'Город'),
(8009, 'Федеральное государственное бюджетное образовательное учреждение высшего профессионального образования Чеченский государственный университет', 'The Chechen State University', 'Высшее учебное заведение', 'Грозный', 'Россия', 'Чеченская Республика'),
(8049, 'Винницкий национальный технический университет', 'Vinnytsia National Technical University', 'Высшее учебное заведение', 'Винница', 'Украина', 'Город'),
(8076, 'Федеральное государственное бюджетное образовательное учреждение высшего образования \"Российский государственный университет имени А.Н. Косыгина (Технологии. Дизайн. Искусство)\"', 'The Kosygin State University of Russia', 'Высшее учебное заведение', 'Москва', 'Россия', 'Москва'),
(13662, 'Федеральное государственное бюджетное учреждение Научно-исследовательский финансовый институт Министерства финансов Российской Федерации', 'Federal state budgetary institution Scientific and research financial institute', 'Научно-исследовательский институт', 'Москва', 'Россия', 'Москва'),
(13693, 'Федеральное государственное бюджетное учреждение науки Федеральный научный центр \"Владикавказский научный центр Российской академии наук\"', 'Vladikavkaz Scientific Centre of the Russian Academy of Sciences', 'Государственное учреждение', 'Владикавказ', 'Россия', 'Республика Северная Осетия - Алания'),
(13701, 'Образовательная автономная некоммерческая организация высшего образования Московский психолого-социальный университет', 'Educational autonomous non-profit organization of higher education Moscow Psychological and Social University', 'Высшее учебное заведение', 'Москва', 'Россия', 'Москва'),
(13825, 'Негосударственное образовательное частное учреждение высшего образования Московская академия предпринимательства при Правительстве Москвы', 'Moscow Academy of Entrepreneurship under the Government of Moscow', 'Высшее учебное заведение', 'Москва', 'Россия', 'Москва'),
(13830, 'Государственное бюджетное учреждение здравоохранения города Москвы Московский научно-практический Центр дерматовенерологии и косметологии Департамента здравоохранения города Москвы', 'Moscow Research and Practical Center for Dermatovenereology and Cosmetology, Department of Healthcare', 'Представитель (подписка)', 'Москва', 'Россия', 'Город'),
(13834, 'Федеральное бюджетное учреждение науки Екатеринбургский научно-исследовательский институт вирусных инфекций Роспотребнадзора', 'Federal Budgetary Institution of Science \"Yekaterinburg Research Institute of Viral Infections\" of Federal Service for Surveillance on Consumer Rights Protection and Human Wellbeing', 'Научно-исследовательский институт', 'Екатеринбург', 'Россия', 'Свердловская область'),
(13860, 'Государственное бюджетное научное учреждение \"Московский институт развития непрерывного образования\"', 'State Scientific Institution \"Moscow Institute for the Development of Continuing Education\"', 'Научно-исследовательский институт', 'Москва', 'Россия', 'Москва'),
(14004, 'Федеральное государственное бюджетное образовательное учреждение высшего образования \"Приморская государственная сельскохозяйственная академия\"', 'Federal State Budgetary Education Institution of Higher Professional Education Primorskaya State Agricultural Academy', 'Высшее учебное заведение', 'Уссурийск', 'Россия', 'Приморский край'),
(14026, 'Негосударственное образовательное учреждение высшего профессионального образования Московский экономико-финансовый институт', 'Non-profit educational institution of higher vocational training education Moscow economic financial institute', 'Высшее учебное заведение', 'Москва', 'Россия', 'Москва'),
(14122, 'Федеральное государственное бюджетное образовательное учреждение высшего профессионального образования Вятская государственная сельскохозяйтвенная академия', 'Federal State Budgetary Educational Institution of Higher Education Vyatka state agricultural academy', 'Высшее учебное заведение', 'Киров', 'Россия', 'Кировская область'),
(14160, 'Таджикский национальный университет', 'Tajik National university', 'Высшее учебное заведение', 'Душанбе', 'Таджикистан', 'Город'),
(14360, 'Федеральное государственное бюджетное образовательное учреждение высшего образования \"Дагестанский государственный медицинский университет\" Министерства здравоохранения Российской Федерации', 'State Budget Educational Institution Dagestan State Medical Academy', 'Высшее учебное заведение', 'Махачкала', 'Россия', 'Республика Дагестан'),
(14381, 'Федеральное государственное бюджетное образовательное учреждение высшего профессионального образования Дипломатическая академия Министерства иностранных дел Российской Федерации', 'Federal State Educational Public Institution of Higher Professional Education «Diplomatic Academy, Ministry of Foreign Affairs of the Russian Federation»', 'Высшее учебное заведение', 'Москва', 'Россия', 'Москва'),
(14450, 'Государственное бюджетное образовательное учреждение высшего профессионального образования Рязанский государственный медицинский университет имени академика И.П. Павлова', 'Ryazan State Medical University', 'Высшее учебное заведение', 'Рязань', 'Россия', 'Рязанская область'),
(14461, 'Федеральное государственное бюджетное образовательное учреждение высшего профессионального образования Ростовский государственный экономический университет (РИНХ)', 'Rostov State University of Economics', 'Высшее учебное заведение', 'Ростов-на-Дону', 'Россия', 'Ростовская область'),
(14535, 'Негосударственное частное образовательное учреждение высшего образования Технический университет УГМК', 'Non-state Higher Educational Establishment UMMC Technical University', 'Высшее учебное заведение', 'Верхняя Пышма', 'Россия', 'Свердловская область'),
(14608, 'Киргизский национальный аграрный университет имени К.И. Скрябина', 'Kyrgyz national agrarin university after K.I. Skryabin', 'Высшее учебное заведение', 'Бишкек', 'Киргизия', 'Город'),
(14671, 'Государственное бюджетное учреждение здравоохранения Московской области Московский областной научно-исследовательский клинический институт имени М.Ф. Владимирского', 'The State Budgetary Healthcare Institution of Moscow Area Moscows regional research clinical institute n.a. M.F. Vladimirskiy', 'Научно-исследовательский институт', 'Москва', 'Россия', 'Московская область'),
(14683, 'Федеральное государственное бюджетное учреждение \"Национальный медицинский исследовательский центр хирургии имени А.В. Вишневского\" Министерства здравоохранения Российской Федерации', 'Federal State Budget Institution \"A.V. Vishnevsky National Medical Research Center of Surgery\" of the Ministry of Health of the Russian Federation', 'Научно-исследовательский институт', 'Москва', 'Россия', 'Москва'),
(14702, 'Частное образовательное учреждение высшего образования \"Владикавказский институт управления\"', 'Vladikavkaz Institute of Management', 'Высшее учебное заведение', 'Владикавказ', 'Россия', 'Республика Северная Осетия - Алания'),
(14754, 'Государственное бюджетное образовательное учреждение высшего образования \"Северо-Осетинский государственный педагогический институт\"', 'North Ossetian State Pedagogical Institute', 'Высшее учебное заведение', 'Владикавказ', 'Россия', 'Республика Северная Осетия - Алания'),
(14788, 'Государственное учреждение Национальный центр законодательства при Президенте Республики Таджикистан', 'State Institution National Centre for Legislation under the President of the Republic of Tajikistan', 'Государственное учреждение', 'Душанбе', 'Таджикистан', 'Город'),
(14856, 'Ташкентский государственный стоматологический институт', 'Tashkent State Dental Institute', 'Высшее учебное заведение', 'Ташкент', 'Узбекистан', 'Город'),
(14985, 'Федеральное государственное бюджетное образовательное учреждение высшего образования \"Московский политехнический университет\"', 'Moscow Polytechnic University', 'Высшее учебное заведение', 'Москва', 'Россия', 'Москва'),
(15073, 'Государственное образовательное учреждение высшего профессионального образования Луганской народной республики \"Луганский национальный университет имени Владимира Даля\"', 'Vladymyr Dahl Luhansk National University', 'Высшее учебное заведение', 'Луганск', 'Украина', 'Город'),
(15089, 'Федеральное государственное бюджетное научное учреждение \"Институт изучения детства, семьи и воспитания Российской академии образования\"', 'the Federal State Budget Scientific Institution Institute of Study of Childhood, Family end Education of the Russian Academy of Education', 'Научно-исследовательский институт', 'Москва', 'Россия', 'Москва'),
(15105, 'Киргизский государственный технический университет имени И. Раззакова', 'Kyrgyz State Technical University named after I.Razzakov', 'Государственное учреждение', 'Бишкек', 'Киргизия', 'Город'),
(15110, 'Киргизский государственный медицинский институт переподготовки и повышения квалификации', 'Kyrgyz State Medical Institute of retraining and advanced training', 'Медицинское учреждение', 'Бишкек', 'Киргизия', 'Город'),
(15210, 'Научно-исследовательский центр индустриальных проблем развития Национальной академии наук Украины', 'RESEARCH CENTRE FOR INDUSTRIAL DEVELOPMENT PROBLEMS of NAS', 'Научно-исследовательский институт', 'Харьков', 'Украина', 'Город'),
(15284, 'Федеральное государственное бюджетное учреждение \"Национальный медико-хирургический Центр имени Н.И. Пирогова\" Министерства здравоохранения Российской Федерации', 'Сокращение', 'Представитель (Science&nbsp;Index)', 'Москва', 'Россия', 'Москва'),
(15293, 'Государственное казенное научное учреждение Академия наук Чеченской Республики', 'State Scientific Organasation Academy of Sciences of Chechen Republic', 'Государственное учреждение', 'Грозный', 'Россия', 'Чеченская Республика'),
(15379, 'Киргизско-Узбекский университет', 'Kyrgyz-Uzbek University', 'Высшее учебное заведение', 'Ош', 'Киргизия', 'Город'),
(15503, 'Институт иммунологии Академии наук Республики Узбекистан', 'Institute of IMMUNOLOGY of the Academy of sciences of the Republic of Uzbekistan', 'Научно-исследовательский институт', 'Ташкент', 'Узбекистан', 'Город'),
(16687, 'Федеральное казенное учреждение \"Медицинский учебно-научный клинический центр имени П. В. Мандрыка\" Министерства обороны Российской Федерации', 'Сокращение', 'Медицинское учреждение', 'Москва', 'Россия', 'Москва'),
(17405, 'Винницкий торгово-экономический институт Киевского национального торгово-экономического университета', 'Vinnytsia Institute of Trade and Economics of Kyiv National University of Trade and Economics', 'Телефон', 'Винница', 'Украина', 'Город'),
(17462, 'Андижанский государственный университет имени З.М. Бабура', 'Andijan State University named after Z.M. Babur', 'Телефон', 'Андижан', 'Узбекистан', 'Город'),
(17629, 'Государственное бюджетное учреждение здравоохранения города Москвы \"Детская городская клиническая больница имени З.А. Башляевой Департамента здравоохранения города Москвы\"', 'Moscow\'s Healthcare Department Children Hospital of Z.A. Bashlyaeva', 'Государственное учреждение', 'Москва', 'Россия', 'Москва'),
(17818, 'Республиканский научный центр экстренной медицинской помощи', 'Republic Research Centre of Emergency Medicine', 'Научный центр', 'Ташкент', 'Узбекистан', 'Город'),
(18032, 'Общество с ограниченной ответственностью \"ГеноТехнология\"', 'GeneTechnology LLC', 'Научно-производственное предприятие', 'Москва', 'Россия', 'Москва'),
(18062, 'Государственное бюджетное учреждение здравоохранения \"Республиканский клинический онкологический диспансер\" Министерства здравоохранения Республики Башкортостан', 'Republican Clinical Oncologic Dispensary of Ministry of Health of the Republic of Bashkortostan', 'Государственное учреждение', 'Уфа', 'Россия', 'Республика Башкортостан');

-- --------------------------------------------------------

--
-- Структура таблицы `publications`
--

CREATE TABLE `publications` (
  `id` int(11) NOT NULL,
  `title` varchar(500) NOT NULL,
  `type` varchar(255) NOT NULL,
  `year` int(11) NOT NULL,
  `language` varchar(100) NOT NULL
) ENGINE=InnoDB DEFAULT CHARSET=utf8;

--
-- Дамп данных таблицы `publications`
--

INSERT INTO `publications` (`id`, `title`, `type`, `year`, `language`) VALUES
(9084493, 'ПРОФИЛАКТИКА ОСЛОЖНЕНИЙ МЕЖКИШЕЧНЫХ ИНВАГИНАЦИОННЫХ АНАСТОМОЗОВ У ПОЖИЛЫХ ЛЮДЕЙ', 'статья в журнале - научная статья', 12, 'русский'),
(9173316, 'К ДИАГНОСТИКЕ НАРУШЕНИЙ РИТМА И ПРОВОДИМОСТИ СЕРДЦА У ДЕТЕЙ РАННЕГО ВОЗРАСТА В БЛОКЕ ИНТЕНСИВНОЙ ТЕРАПИИ И РЕАНИМАЦИИ', 'статья в журнале - научная статья', 130, 'русский'),
(9216450, 'НЕОТЛОЖНАЯ ПОМОЩЬ ПРИ КРОВОТЕЧЕНИЯХ У БОЛЬНЫХ ТРОМБОЦИТОПЕНИЕЙ', 'статья в журнале - разное', 24, 'русский'),
(9216468, 'ЛЕЧЕНИЕ БОЛЬНЫХ ЦИРРОЗАМИ ПЕЧЕНИ ПОСЛЕ ХРОНИЧЕСКОГО ВИРУСНОГО ГЕПАТИТА', 'статья в журнале - разное', 30, 'русский'),
(9216732, 'АДЕКВАТНАЯ АНАЛГЕЗИЯ И СТИМУЛЯЦИЯ ЕСТЕСТВЕННОЙ САНАЦИИ ТРАХЕО-БРОНХИАЛЬНОГО ДЕРЕВА В РАННЕМ ПОСЛЕОПЕРАЦИОННОМ ПЕРИОДЕ', 'статья в журнале - разное', 106, 'русский'),
(9216823, 'ПРИМЕНЕНИЕ МАЗИ ФЕРОС ПРИ ЛЕЧЕНИЙ ХРОНИЧЕСКОГО ГНОЙНО-АТРОФИЧЕСКОГО ГАЙМОРИТА', 'статья в журнале - материалы конференции', 28, 'русский'),
(9216825, 'ЛЕНДАЦИН В ЛЕЧЕНИИ ГНОЙНЫХ ГАЙМОРИТОВ', 'статья в журнале - материалы конференции', 29, 'русский'),
(9216854, 'ДИНАМИКА ОБМЕНА ЖЕЛЕЗА У ДЕТЕЙ С ЖЕЛЕЗОДЕФИЦИТНОЙ АНЕМИЕЙ В ПРОЦЕССЕ ЛЕЧЕНИЯ', 'статья в журнале - материалы конференции', 38, 'русский'),
(9216873, 'ПРОБЛЕМЫ ПРОФИЛАКТИКИ И ПЕЧЕНИЯ НЕЙРОЛЕЙКОЗА СОПРОВОЖДАЮЩИЕСЯ С ВНУТРИЧЕРЕПНЫМИ БОЛЯМИ У БОЛЬНЫХ ОСТРЫМИ ЛИМФОБЛАСТНЫМИ ЛЕЙКОЗАМИ', 'статья в журнале - материалы конференции', 43, 'русский'),
(9216874, 'ЛЕЧЕНИЕ И МЕДИКО-ГЕНЕТИЧЕСКАЯ РЕАБИЛИТАЦИЯ ЧЛЕНОВ СЕМЬИ БОЛЬНЫХ С НАСЛЕДСТВЕННОЙ ЭНЗИМОПЕНИЧЕСКОЙ МЕТГЕМОГЛОБИНЕМИЕЙ', 'статья в журнале - материалы конференции', 44, 'русский'),
(9216887, 'СОСТОЯНИЕ ЛАКТАЦИИ ЖЕНЩИН С АНЕМИЕЙ', 'статья в журнале - материалы конференции', 49, 'русский'),
(9216888, 'ЗАВИСИМОСТЬ СОДЕРЖАНИЯ БЕЛКА ОТ АКТИВНОСТИ ПЕПСИНОГЕНА В ГРУДНОМ МОЛОКЕ', 'статья в журнале - материалы конференции', 49, 'русский'),
(9216893, 'МЕТОД ЭКСПАНСИИ В РЕКОНСТРУКТИВНОЙ ХИРУРГИИ МОЧЕТОЧНИКА', 'статья в журнале - материалы конференции', 50, 'русский'),
(9248473, 'ВОЗРАСТНЫЕ ИНДИВИДУАЛЬНЫЕ ИЗМЕНЕНИЯ ПЛОТНОСТИ НЕЙРОНОВ КОРЫ ДВУБРЮШНОЙ ДОЛЬКИ МОЗЖЕЧКА У ЧЕЛОВЕКА', 'статья в журнале - материалы конференции', 8, 'русский'),
(9248513, 'ИСПОЛЬЗОВАНИЕ МИНЕРАЛЬНОЙ ВОДЫ АНДИЖАНСКОГО ГОСУДАРСТВЕННОГО МЕДИЦИНСКОГО ИНСТИТУТА ПРИ ВОСПАЛИТЕЛЬНЫХ ЗАБОЛЕВАНИЯХ У ЖЕНЩИН', 'статья в журнале - материалы конференции', 26, 'русский'),
(9248514, 'ОПЫТ ЛЕЧЕНИЯ ЗАБОЛЕВАНИЙ ПЕЧЕНИ И ЖЕЛЧНОГО ПУЗЫРЯ ФИТОПРЕПАРАТАМИ', 'статья в журнале - материалы конференции', 27, 'русский'),
(9248536, 'ЭХОКАРДИОМЕТРИЧЕСКИЕ ПАРАМЕТРЫ ПРИ КОМБИНИРОВАННОМ МИТРАЛЬНОМ ПОРОКЕ', 'статья в журнале - материалы конференции', 37, 'русский'),
(9248576, 'ЖЕЛУДОЧНО-КИШЕЧНЫЕ КРОВОТЕЧЕНИЯ У БОЛЬНЫХ ГЕМОФИЛИЕЙ', 'статья в журнале - материалы конференции', 56, 'русский'),
(9248577, 'ПРОФИЛАКТИКА И ЛЕЧЕНИЕ НЕЙРОЛЕЙКОЗА, СОПРОВОЖДАЮЩИЕГОСЯ ГОЛОВНЫМИ БОЛЯМИ, У БОЛЬНЫХ ОСТРЫМ ЛИМФОБЛАСТНЫМ ЛЕЙКОЗОМ', 'статья в журнале - материалы конференции', 56, 'русский'),
(9248582, 'ГЛИОАРХИТЕКТОНИКА ПО СЛОЯМ ЗРИТЕЛЬНОЙ КОРЫ (ПОЛЕЙ 17, 18, 19) У ЛЮДЕЙ ПОЖИЛОГО И СТАРЧЕСКОГО ВОЗРАСТА', 'статья в журнале - материалы конференции', 59, 'русский'),
(9248587, 'НОРМАЛЬНЫЕ ЭХОКАРДИОМЕТРИЧЕСКИЕ ПАРАМЕТРЫ ПРАВОГО ПРЕДСЕРДИЯ В ВОЗРАСТЕ ОТ 1 ГОДА ДО 29 ЛЕТ', 'статья в журнале - материалы конференции', 61, 'русский'),
(9248598, 'ДИАГНОСТИКА И ЛЕЧЕНИЕ ГЕМОАРТРОЗОВ У БОЛЬНЫХ ГЕМОФИЛИЕЙ', 'статья в журнале - материалы конференции', 66, 'русский'),
(9248601, 'ПРАКТИЧЕСКОЕ ПРИМЕНЕНИЕ ПИКФЛУОМЕТРИИ В УТОЧНЕНИИ ДИАГНОЗА БРОНХИАЛЬНОЙ АСТМЫ И ЭФФЕКТИВНОСТИ ПРОТИВОАСТМАТИЧЕСКОЙ ТЕРАПИИ', 'статья в журнале - материалы конференции', 68, 'русский'),
(9248604, 'ВЛИЯНИЕ АМПУТАЦИИ КОНЕЧНОСТИ У СОБАКИ НА ИЗМЕНЕНИЯ ТОЛЩИНЫ СЛОЕВ КОРЫ МОЗЖЕЧКА', 'статья в журнале - материалы конференции', 69, 'русский'),
(9248608, 'К ГАЗОАНАЛИТИЧЕСКОМУ МЕТОДУ ДИАГНОСТИКИ СЕРДЕЧНО-СОСУДИСТЫХ ЗАБОЛЕВАНИЙ', 'статья в журнале - материалы конференции', 71, 'русский'),
(9248669, 'ПРИМЕНЕНИЕ ПОЛУПРОВОДНИКОВОГО ЛАЗЕРА \"SOGDIANA\" В ЛЕЧЕНИИ НАГНОИВШИХСЯ ОСТАТОЧНЫХ ПОЛОСТЕЙ ПОСЛЕ ЭХИНОКОККЭКТОМИИ ПЕЧЕНИ', 'статья в журнале - материалы конференции', 99, 'русский'),
(9248738, 'СОЧЕТАННАЯ ЛАЗЕРОТЕРАПИЯ ДУОДЕНАЛЬНЫХ ЯЗВ', 'статья в журнале - материалы конференции', 131, 'русский'),
(9248807, 'ТАМПОНАДА КРУГЛОЙ СВЯЗКОЙ ПЕЧЕНИ ОСТАТОЧНОЙ ПОЛОСТИ ПРИ ЭХИНОКОККЭКТОМИИ ПЕЧЕНИ', 'статья в журнале - материалы конференции', 163, 'русский'),
(9249012, 'ОСОБЕННОСТИ КЛИНИЧЕСКОЙ КАРТИНЫ ПРОРЫВА ЭХИНОКОККОВОЙ КИСТЫ В БРОНХ У ДЕТЕЙ', 'статья в журнале - материалы конференции', 259, 'русский'),
(9249020, 'ОСОБЕННОСТИ ОБРАТИМОСТИ КАЛЬКУЛЕЗНОГО ГИДРОНЕФРОЗА ПРИ ДВУСТОРОННЕМ НЕФРОЛИТИАЗЕ У ДЕТЕЙ В ОТДАЛЕННОМ ПЕРИОДЕ ПОСЛЕ ОПЕРАЦИИ', 'статья в журнале - материалы конференции', 263, 'русский'),
(9249105, 'ИССЛЕДОВАНИЕ ФУНКЦИОНАЛЬНОГО СОСТОЯНИЯ ПЕЧЕНИ У БОЛЬНЫХ СЕПСИСОМ НЕДОНОШЕННЫХ НОВОРОЖДЕННЫХ ДЕТЕЙ', 'статья в журнале - материалы конференции', 303, 'русский'),
(9250365, 'КЛИНИЧЕСКАЯ ОЦЕНКА ЭФФЕКТИВНОСТИ ПОСТОЯННОЙ ПОДДЕРЖИВАЮЩЕЙ ПОЛИХИМИОТЕРАПИИ У БОЛЬНЫХ ОСТРЫМ ЛИМФОЛЕЙКОЗОМ', 'статья в журнале - научная статья', 5, 'русский'),
(9250466, 'ПРИНЦИПЫ РЕАБИЛИТАЦИИ БОЛЬНЫХ ТРОМБОЦИТОПЕНИЧЕСКОЙ ПУРПУРОЙ В ЗАВИСИМОСТИ ОТ ТЯЖЕСТИ ТЕЧЕНИЯ ЗАБОЛЕВАНИЯ', 'статья в журнале - научная статья', 33, 'русский'),
(9250467, 'НЕКОТОРЫЕ ВОПРОСЫ ИММУНОКОРРИГИРУЮЩЕГО ЛЕЧЕНИЯ У БОЛЬНЫХ МИЕЛОЛЕЙКОЗОМ СО ВТОРИЧНЫМ ИММУНОДЕФИЦИТОМ', 'статья в журнале - научная статья', 34, 'русский'),
(9250684, 'ОЦЕНКА СТЕПЕНИ ЗРЕЛОСТИ ДОНОШЕННЫХ НОВОРОЖДЕННЫХ', 'статья в журнале - краткое сообщение', 104, 'русский'),
(9300134, 'СОМАТИЧЕСКИЕ ТИПЫ ШКОЛЬНИКОВ И ИХ ВЗАИМОСВЯЗЬ С УРОВНЕМ АРТЕРИАЛЬНОГО ДАВЛЕНИЯ', 'статья в журнале - краткое сообщение', 111, 'русский'),
(9489629, 'УРОВЕНЬ АНТИТЕЛОСОДЕРЖАЩИХ КЛЕТОК В ОРГАНАХ КРОЛИКОВ, СЕНСИБИЛИЗИРОВАННЫХ СОСУДИСТЫМ АНТИГЕНОМ', 'статья в журнале - материалы конференции', 188, 'русский'),
(9489630, 'АУТОИММУННЫЙ МЕХАНИЗМ ПОРАЖЕНИЯ СЕРДЦА И АРТЕРИАЛЬНЫХ СОСУДОВ В ЭКСПЕРИМЕНТЕ', 'статья в журнале - материалы конференции', 189, 'русский'),
(9489716, 'ИССЛЕДОВАНИЯ ПАРАМЕТРОВ УЛЬТРАЗВУКОВОЙ ТЕРАПИИ С ИНДОМЕТАЦИНОВОЙ МАЗЬЮ В ЛЕЧЕНИИ ОСТЕОХОНДРОЗА ПОЗВОНОЧНИКА', 'статья в журнале - материалы конференции', 275, 'русский'),
(9489820, 'КУРЕНИЕ КАК ФАКТОР РИСКА ПОРАЖЕНИЙ ЛЕГКИХ У НАРКОМАНОВ', 'статья в журнале - материалы конференции', 379, 'русский'),
(9489821, 'ПОПУЛЯЦИОННЫЕ АСПЕКТЫ ВЫЯВЛЕНИЯ, ДИАГНОСТИКИ И ПРОФИЛАКТИКИ ХРОНИЧЕСКИХ НЕИНФЕКЦИОННЫХ ЗАБОЛЕВАНИЙ И ФАКТОРОВ ИХ РИСКА У НАРКОМАНОВ', 'статья в журнале - материалы конференции', 380, 'русский'),
(9928267, 'ВЛИЯНИЕ ПРИЁМА РАЗЛИЧНЫХ ПИЩЕВЫХ РАЗДРАЖИТЕЛЕЙ НА ФЕРМЕНТНЫЙ ГОМЕОСТАЗ', 'статья в журнале - научная статья', 19, 'русский'),
(9938459, 'СУТОЧНАЯ ЭКСКРЕЦИЯ СВОБОДНЫХ И КОНЪЮГИРОВАННЫХ ФРАКЦИЙ КАТЕХОЛАМИНОВ ПРИ ГИПЕРТОНИЧЕСКОЙ БОЛЕЗНИ', 'статья в журнале - материалы конференции', 73, 'русский'),
(9953940, 'ВОЗМОЖНОСТЬ ЭНТЕРАЛЬНОЙ СЕНСИБИЛИЗАЦИИ У ДЕТЕЙ ПЕРВЫХ МЕСЯЦЕВ ЖИЗНИ', 'статья в журнале - материалы конференции', 73, 'русский'),
(9955767, 'ЭФФЕКТИВНОСТЬ СПЕКТИНОМИЦИНА У БОЛЬНЫХ ГОНОРЕЕЙ', 'статья в журнале - научная статья', 61, 'русский'),
(10018097, 'ПСОРИАЗ И МЕТАБОЛИЗМ ЖЕЛЧНЫХ КИСЛОТ', 'статья в журнале - научная статья', 25, 'русский'),
(10332241, 'ОСОБЕННОСТИ ТЕЧЕНИЯ ИБС В УСЛОВИЯХ РЕЗКОКОНТИНЕНТАЛЬНОГО КЛИМАТА ФЕРГАНСКОЙ ДОЛИНЫ УЗБЕКИСТАНА', 'статья в журнале - научная статья', 23, 'русский'),
(12364736, 'О НАРУШЕНИИ ФУНКЦИОНАЛЬНОГО СОСТОЯНИЯ СИМПАТИКО-АДРЕНАЛОВОЙ СИСТЕМЫ И ПРОЦЕССОВ ПЕРЕКИСНОГО ОКИСЛЕНИЯ ЛИПИДОВ ПРИ САХАРНОМ ДИАБЕТЕ 2 ТИПА С АРТЕРИАЛЬНОЙ ГИПЕРТОНИЕЙ У МУЖЧИН', 'статья в журнале - научная статья', 27, 'русский'),
(12517258, 'ТЕЧЕНИЕ БЕРЕМЕННОСТИ У ЖЕНЩИН С ХРОНИЧЕСКИМ ПИЕЛОНЕФРИТОМ', 'статья в журнале - научная статья', 109, 'русский'),
(12517275, 'ХРОНИЧЕСКИЙ ПИЕЛОНЕФРИТ У ЮНОШЕЙ: РАСПРОСТРАНЕННОСТЬ, ФАКТОРЫ РИСКА И СПОСОБЫ ПРОФИЛАКТИКИ В УСЛОВИЯХ ФЕРГАНСКОЙ ДОЛИНЫ УЗБЕКИСТАНА', 'статья в журнале - научная статья', 201, 'русский'),
(12517277, 'К ВОПРОСУ О СОСТОЯНИИ ФУНКЦИОНАЛЬНОЙ АКТИВНОСТИ СИМПАТИКО-АДРЕНАЛОВОЙ СИСТЕМЫ И СВОБОДНОРАДИКАЛЬНЫХ ПРОЦЕССОВ У ЖЕНЩИН ФЕРТИЛЬНОГО ВОЗРАСТА С МЕТАБОЛИЧЕСКИМ СИНДРОМОМ', 'статья в журнале - научная статья', 208, 'русский'),
(12517284, 'К ОБЪЕКТИВИЗАЦИИ КЛИНИЧЕСКИХ СИМПТОМОВ, ТИПА И СТАДИЙ ОСТРОГО НАРУШЕНИЯ КРОВООБРАЩЕНИЯ У БОЛЬНЫХ ДЕТЕЙ РАННЕГО ВОЗРАСТА', 'статья в журнале - научная статья', 244, 'русский'),
(12517287, 'К ИЗУЧЕНИЮ ФАКТОРОВ РИСКА ТАЗОВОГО ПРЕДЛЕЖАНИЯ ПЛОДА', 'статья в журнале - научная статья', 258, 'русский'),
(12798759, 'ИЗМЕНЕНИЯ ГОМЕОСТАЗА ПЕПСИНОГЕНА ПРИ РАЗЛИЧНЫХ СРОКАХ ЖЕЛУДОЧНО-ДУОДЕНАЛЬНОЙ АСПИРАЦИИ В ПОСЛЕОПЕРАЦИОННОМ ПЕРИОДЕ', 'статья в журнале - научная статья', 291, 'русский'),
(12798761, 'СТРУКТУРНЫЕ ОСОБЕННОСТИ МИОКАРДА ПРИ ОСТРОЙ ИНСОЛЯЦИИ И ВВЕДЕНИИ СУКЦИНАСОЛА', 'статья в журнале - научная статья', 304, 'русский'),
(12798763, 'ПЕРВИЧНАЯ, ВТОРИЧНАЯ И ТРЕТИЧНАЯ ПРОФИЛАКТИКА ХРОНИЧЕСКИХ ЗАБОЛЕВАНИЙ ПОЧЕК', 'статья в журнале - научная статья', 316, 'русский'),
(12798778, 'ОСОБЕННОСТИ ФОРМИРОВАНИЯ И ТЕЧЕНИЯ КЕРАТИТОВ В КЛИМАТИЧЕСКИХ УСЛОВИЯХ ФЕРГАНСКОЙ ДОЛИНЫ УЗБЕКИСТАНА', 'статья в журнале - научная статья', 395, 'русский'),
(12919128, 'ОСОБЕННОСТИ СТРУКТУРНО-ФУНКЦИОНАЛЬНОГО СТАНОВЛЕНИЯ ДВЕНАДЦАТИПЕРСТНОЙ КИШКИ И БРУННЕРОВЫХ ЖЕЛЕЗ КРЫС В РАННИЙ ПОСТНАТАЛЬНЫЙ ПЕРИОД ЖИЗНИ', 'статья в журнале - научная статья', 77, 'русский'),
(12922899, 'РЕНТГЕНОКАРДИОМЕТРИЧЕСКАЯ ХАРАКТЕРИСТИКА СЕРДЕЧНО-СОСУДИСТОЙ СИСТЕМЫ ДЕТЕЙ С ВРОЖДЕННОЙ ВОРОНКООБРАЗНОЙ ДЕФОРМАЦИЕЙ ГРУДНОЙ КЛЕТКИ', 'статья в журнале - научная статья', 562, 'русский'),
(12927898, 'ЭХОГРАФИЧЕСКИЕ ОСОБЕННОСТИ СОСТОЯНИЯ ПЕЧЕНИ, БИЛИАРНОГО ТРАКТА И ПОДЖЕЛУДОЧНОЙ ЖЕЛЕЗЫ ПРИ ХРОНИЧЕСКИХ ВИРУСНЫХ ГЕПАТИТАХ В И С', 'статья в журнале - научная статья', 91, 'русский'),
(12936557, 'КЛИНИКО-ПСИХОЛОГИЧЕСКАЯ ОЦЕНКА ШКОЛЬНОЙ ДЕЗАДАПТАЦИИ', 'статья в журнале - краткое сообщение', 110, 'русский'),
(12938750, 'КОЛИЧЕСТВЕННЫЕ ХАРАКТЕРИСТИКИ КОРЫ ЭНТОРИНАЛЬНОГО ПОЛЯ БОЛЬШОГО МОЗГА У ЛЮДЕЙ РАЗНОГО ВОЗРАСТА', 'статья в журнале - научная статья', 53, 'русский'),
(12957185, 'ДЕФИЦИТ ЖЕЛЕЗА У ДЕТЕЙ ШКОЛЬНОГО ВОЗРАСТА', 'статья в журнале - краткое сообщение', 149, 'русский'),
(12972621, 'УРОВЕНЬ СОМАТИЧЕСКОГО ЗДОРОВЬЯ МАТЕРЕЙ И ОСОБЕННОСТИ АНТЕНАТАЛЬНОГО РАЗВИТИЯ ДЕТЕЙ КАК ФАКТОРЫ РИСКА НАРУШЕНИЯ РЕПРОДУКТИВНОГО ЗДОРОВЬЯ ДЕВОЧЕК-ПОДРОСТКОВ В УЗБЕКИСТАНЕ', 'статья в журнале - научная статья', 8, 'русский'),
(13010846, 'ФЕРМЕНТНЫЙ ГОМЕОСТАЗ И СЕКРЕЦИЯ ФЕРМЕНТОВ СЛЮННЫХ ЖЕЛЕЗ ПРИ ВЫСОКОЙ ТЕМПЕРАТУРЕ И ИНСОЛЯЦИИ', 'статья в журнале - научная статья', 760, 'русский'),
(13010854, 'АНАЛИЗ РЕЗУЛЬТАТОВ ЭКСПЕРИМЕНТАЛЬНО-КЛИНИЧЕСКИХ ИССЛЕДОВАНИЙ ХИРУРГИЧЕСКОГО ЛЕЧЕНИЯ ОСТРОЙ НЕПРОХОДИМОСТИ СИГМОВИДНОЙ КИШКИ', 'статья в журнале - научная статья', 806, 'русский'),
(13014972, 'ГОМЕОСТАЗ ПИЩЕВАРИТЕЛЬНЫХ ГИДРОЛАЗ КРОВИ У БОЛЬНЫХ С ХРОНИЧЕСКИМ НАРУШЕНИЕМ ДУОДЕНАЛЬНОЙ ПРОХОДИМОСТИ В ЗАВИСИМОСТИ ОТ СРОКОВ ПОСЛЕОПЕРАЦИОННОЙ АСПИРАЦИИ', 'статья в журнале - научная статья', 625, 'русский'),
(13014973, 'ОСОБЕННОСТИ РАСПРОСТРАНЕННОСТИ И КЛИНИЧЕСКОГО ТЕЧЕНИЯ ОСНОВНЫХ ХРОНИЧЕСКИХ ГАСТРОДУОДЕНАЛЬНЫХ ЗАБОЛЕВАНИЙ СРЕДИ МУЖСКОГО И ЖЕНСКОГО НАСЕЛЕНИЯ ФЕРГАНСКОЙ ДОЛИНЫ УЗБЕКИСТАНА', 'статья в журнале - научная статья', 631, 'русский'),
(13014977, 'ЗНАЧЕНИЕ МЕТЕОРОЛОГИЧЕСКИХ ФАКТОРОВ В РАЗВИТИИ И ПРОГРЕССИРОВАНИИ ГЛАУКОМЫ В УСЛОВИЯХ РЕЗКОКОНТИНЕНТАЛЬНОГО КЛИМАТА УЗБЕКИСТАНА', 'статья в журнале - научная статья', 652, 'русский'),
(13014978, 'ЭПИДЕМИОЛОГИЧЕСКИЕ АСПЕКТЫ РАСПРОСТРАНЕННОСТИ И ПРОФИЛАКТИКИ АРТЕРИАЛЬНОЙ ГИПОТОНИИ У ЮНОШЕЙ (ПОПУЛЯЦИОННЫЕ ИССЛЕДОВАНИЯ)', 'статья в журнале - научная статья', 655, 'русский'),
(13014979, 'К ВОПРОСУ О СОСТОЯНИИ ОБМЕНА КАТЕХОЛАМИНОВ И ПРОЦЕССОВ ПЕРЕКИСНОГО ОКИСЛЕНИЯ ЛИПИДОВ ПРИ РАЗЛИЧНЫХ ФОРМАХ НАРУШЕНИЙ МОЗГОВОГО КРОВООБРАЩЕНИЯ У БОЛЬНЫХ САХАРНЫМ ДИАБЕТОМ 2-ГО ТИПА', 'статья в журнале - научная статья', 659, 'русский'),
(13014980, 'ЧАСТОТА И СТРУКТУРА, ФАКТОРЫ РИСКА ПРЕЖДЕВРЕМЕННЫХ РОДОВ СРЕДИ ЖЕНЩИН Г. АНДИЖАНА', 'статья в журнале - научная статья', 664, 'русский'),
(13017334, 'ОЦЕНКА ФУНКЦИОНАЛЬНОЙ АКТИВНОСТИ СИМПАТИКО-АДРЕНАЛОВОЙ СИСТЕМЫ И ПРОЦЕССОВ ПЕРЕКИСНОГО ОКИСЛЕНИЯ ЛИПИДОВ ПРИ САХАРНОМ ДИАБЕТЕ 2 ТИПА С АРТЕРИАЛЬНОЙ ГИПЕРТОНИЕЙ У МУЖЧИН', 'статья в журнале - научная статья', 448, 'русский'),
(13024502, 'ИЗУЧЕНИЕ РАСПРОСТРАНЕННОСТИ ОСНОВНЫХ ХРОНИЧЕСКИХ НЕИНФЕКЦИОННЫХ ЗАБОЛЕВАНИЙ У ЖЕНЩИН УЗБЕКИСТАНА В СВЯЗИ С МОДИФИЦИРУЕМЫМИ ФАКТОРАМИ РИСКА', 'статья в журнале - обзорная статья', 183, 'русский'),
(13085245, 'ХАРАКТЕРИСТИКА АДАПТИВНЫХ ВОЗМОЖНОСТЕЙ ВЕГЕТАТИВНОЙ НЕРВНОЙ СИСТЕМЫ У БОЛЬНЫХ ЮВЕНИЛЬНЫМ РЕВМАТОИДНЫМ АРТРИТОМ', 'статья в журнале - научная статья', 19, 'русский'),
(13332878, 'ЛАПАРОСКОПИЧЕСКАЯ ХОЛЕЦИСТЭКТОМИЯ - КОНВЕРСИЯ. ПРОБЛЕМА ВЫБОРА ДОСТУПА', 'статья в журнале - научная статья', 15, 'русский'),
(13332888, 'К МЕТОДИКЕ ОЦЕНКИ ОТДАЛЕННЫХ РЕЗУЛЬТАТОВ МАЛОИНВАЗИВНЫХ МЕТОДИК ХИРУРГИЧЕСКОГО ЛЕЧЕНИЯ ЖЕЛЧНОКАМЕННОЙ БОЛЕЗНИ И ЕЕ ОСЛОЖНЕНИЙ', 'статья в журнале - научная статья', 16, 'русский'),
(13332895, 'К ПРОБЛЕМЕ ОСЛОЖНЕНИЙ ЛАПАРОСКОПИЧЕСКОЙ ХОЛЕЦИСТЭКТОМИИ', 'статья в журнале - научная статья', 58, 'русский'),
(13332901, 'КОМПЬЮТЕРНОЕ МОДЕЛИРОВАНИЕ И ОБОСНОВАНИЕ ДОСТУПОВ В ЭНДОХИРУРГИИ ХОЛЕЦИСТОЛИТИАЗА', 'статья в журнале - научная статья', 32, 'русский'),
(13756770, 'ОСОБЕННОСТИ КЛИНИЧЕСКОГО ТЕЧЕНИЯ НЕЙРОЦИРКУЛЯТОРНОЙ ДИСТОНИИ НА ФОНЕ ВИЧ-ИНФЕКЦИИ', 'статья в журнале - научная статья', 13, 'русский'),
(13756772, 'ЭПИДЕМИОЛОГИЯ ПРЕДГИПЕРТЕНЗИИ И АРТЕРИАЛЬНОЙ ГИПЕРТЕНЗИИ У ПОПУЛЯЦИИ ВИЧ-ИНФИЦИРОВАННЫХ ЛИЦ', 'статья в журнале - научная статья', 19, 'русский'),
(13859331, 'ФИТОХИМИЧЕСКОЕ ИССЛЕДОВАНИЕ КСАНТОНОВ И ФЛАВОНОИДОВ GENTIANA KARELINII', 'статья в журнале - научная статья', 127, 'русский'),
(14628028, 'ГЕМОГРАММЫ И ЛЕЙКОФОРМУЛЫ ПЕРИФЕРИЧЕСКОЙ КРОВИ У БОЛЬНЫХ ОСТРЫМ ЛИМФОБЛАСТНЫМ ЛЕЙКОЗОМ В ДИНАМИКЕ ЛЕЧЕНИЯ В ПЕРИОДЕ ПОСТОЯННОЙ ПОДДЕРЖИВАЮЩЕЙ ТЕРАПИИ С ПОЛНОЙ РЕМИССИЕЙ И ВЫЖИВАЕМОСТЬЮ ДО ДВУХ ЛЕТ', 'статья в журнале - научная статья', 106, 'русский'),
(14628030, 'ГЕМОГРАММЫ И ЛЕЙКОФОРМУЛЫ ПЕРИФЕРИЧЕСКОЙ КРОВИ У БОЛЬНЫХ ОСТРЫМ ЛИМФОБЛАСТНЫМ ЛЕЙКОЗОМ В ДИНАМИКЕ ЛЕЧЕНИЯ, КОНСОЛИДАЦИИ ИНДУКЦИИ И В ПЕРИОДЕ ПОДДЕРЖИВАЮЩЕЙ ТЕРАПИИ С ПОЛНОЙ РЕМИССИЕЙ И ВЫЖИВАЕМОСТЬЮ 2 И БОЛЕЕ ЛЕТ', 'статья в журнале - научная статья', 115, 'русский'),
(14671836, 'ОСОБЕННОСТИ ТЕЧЕНИЯ ТУБЕРКУЛЕЗА ПРИ СОЧЕТАНИИ С ГЕМОБЛАСТОЗАМИ', 'статья в журнале - научная статья', 48, 'русский'),
(14778220, 'ЭНДОЛИМФАТИЧЕСКАЯ СТИМУЛЯЦИЯ ЧРЕСКОЖНОЙ АНАЛГЕЗИИ В ЭКСТРЕННОЙ ХИРУРГИИ', 'статья в журнале - научная статья', 28, 'русский'),
(15202794, 'СОВРЕМЕННЫЕ АСПЕКТЫ ЛЕЧЕНИЯ АРТЕРИАЛЬНОЙ ГИПОТЕНЗИИ', 'статья в журнале - научная статья', 60, 'русский'),
(15202803, 'ВЗАИМОСВЯЗЬ НАРУШЕНИЙ МЕТАБОЛИЗМА КАТЕХОЛАМИНОВ И ИММУНОВОСПАЛИТЕЛЬНЫХ ЦИТОКИНОВ В ПАТОГЕНЕЗЕ ИШЕМИЧЕСКОЙ БОЛЕЗНИ СЕРДЦА', 'статья в журнале - научная статья', 131, 'русский'),
(15202812, 'ДИНАМИКА СОДЕРЖАНИЯ МИКРОЭЛЕМЕНТОВ У НОВОРОЖДЕННЫХ С НАРУШЕНИЕМ НЕОНАТАЛЬНОЙ АДАПТАЦИИ В УСЛОВИЯХ ЗАГРЯЗНЕНИЯ ОКРУЖАЮЩЕЙ СРЕДЫ', 'статья в журнале - научная статья', 193, 'русский'),
(15202822, 'ВЫРАЖЕННОСТЬ ИММУНОЛОГИЧЕСКОЙ РЕАКТИВНОСТИ ПРИ ПАТОГЕНЕТИЧЕСКОМ ПОДХОДЕ ЛЕЧЕНИЯ ИШЕМИЧЕСКОЙ БОЛЕЗНИ СЕРДЦА', 'статья в журнале - научная статья', 251, 'русский'),
(15223058, 'ИЗМЕНЕНИЕ ЖЕЛУДОЧНОЙ СЕКРЕЦИИ ПРИ ВВЕДЕНИИ В ПЕРИФЕРИЧЕСКУЮ И ПОРТАЛЬНУЮ ВЕНЫ ПЕНТАГАСТРИНА И ЛЕЙ-ЭНКЕФАЛИНА', 'статья в журнале - научная статья', 252, 'русский'),
(15247122, 'ПРОГНОСТИЧЕСКАЯ ЗНАЧИМОСТЬ ДЕБЮТА ПРИСТУПООБРАЗНОЙ ШИЗОФРЕНИИ ДЛЯ СОЦИАЛЬНО-ТРУДОВОГО ПРОГНОЗА', 'статья в журнале - научная статья', 17, 'русский'),
(15251495, 'ЭФФЕКТИВНОСТЬ МОКСОНИДИНА В ТЕРАПИИ АРТЕРИАЛЬНОЙ ГИПЕРТОНИИ У БОЛЬНЫХ САХАРНЫМ ДИАБЕТОМ 2 ТИПА', 'статья в журнале - научная статья', 90, 'русский'),
(15543002, 'СЛУЧАИ ПОЗДНЕГО ИЗОЛИРОВАННОГО ЭКСТРАМЕДУЛЛЯРНОГО РЕЦИДИВА ОСТРОГО ЛИМФОЛЕЙКОЗА С ПОРАЖЕНИЕМ ЦЕНТРАЛЬНОЙ НЕРВНОЙ СИСТЕМЫ', 'статья в журнале - научная статья', 55, 'русский'),
(15543006, 'ЭПИДЕМИОЛОГИЯ ПРЕДГИПЕРТЕНЗИИ СРЕДИ НАСЕЛЕНИЯ (ПО РЕЗУЛЬТАТАМ РАЗЛИЧНЫХ ПОДХОДОВ К ИЗУЧАЕМОЙ ПРОБЛЕМЕ)', 'статья в журнале - обзорная статья', 67, 'русский'),
(15560428, 'ОТДАЛЁННЫЕ РЕЗУЛЬТАТЫ ИНВАГИНАЦИОННОГО ИЛЕОТРАНСВЕРЗОАНАСТОМОЗА', 'статья в журнале - научная статья', 58, 'русский'),
(15566033, 'ИНТАРАНАТАЛЬНАЯ КАРДИОТОКОГРАФИЯ В ОЦЕНКЕ СОСТОЯНИЯ ПЛОДА ПРИ ГОЛОВНОМ И ТАЗОВОМ ПРЕДЛЕЖАНИИ', 'статья в журнале - научная статья', 1, 'русский'),
(15566101, 'СООТВЕТСТВИЕ МАССЫ ТЕЛА ПОСТНАТАЛЬНОМУ ГЕСТАЦИОННОМУ ВОЗРАСТУ НОВОРОЖДЕННЫХ, РОДИВШИХСЯ ОТ ЖЕНЩИН С ПРЕЭКЛАМПСИЕЙ', 'статья в журнале - научная статья', 69, 'русский'),
(15566114, 'ОСОБЕННОСТИ РАННЕГО АДАПТАЦИОННОГО ПЕРИОДА НОВОРОЖДЕННЫХ, РОДИВШИХСЯ ОТ ЖЕНЩИН С ПРЕЭКЛАМПСИЕЙ В ЗАВИСИМОСТИ ОТ ПОСТНАТАЛЬНОГО ГЕСТАЦИОННОГО ВОЗРАСТА', 'статья в журнале - научная статья', 82, 'русский'),
(15617182, 'ЭТИОПАТОГЕНЕТИЧЕСКИЕ АСПЕКТЫ РЕЦИДИВНОГО ЭХИНОКОККОЗА ПЕЧЕНИ И ЕГО ДИАГНОСТИКА', 'статья в журнале - обзорная статья', 91, 'русский'),
(15627935, 'ЛЕЧЕНИЕ ПАТОЛОГИЧЕСКИХ ПЕРЕЛОМОВ ТЕЛ ШЕЙНЫХ ПОЗВОНКОВ', 'статья в журнале - научная статья', 54, 'русский'),
(15643581, 'ЭНТЕРОСОРБЦИЯ, АНТИОКСИДАНТНАЯ ТЕРАПИЯ И ВНУТРИВЕННОЕ ЛАЗЕРНОЕ ОБЛУЧЕНИЕ КРОВИ В КОМПЛЕКСНОМ ЛЕЧЕНИИ МЕХАНИЧЕСКОЙ ЖЕЛТУХИ НЕОПУХОЛЕВОГО ГЕНЕЗА', 'статья в журнале - научная статья', 19, 'русский'),
(16256545, 'ДИНАМИКА КАРДИОРЕСПИРАТОРНЫХ ЗАБОЛЕВАНИЙ В ЗАВИСИМОСТИ ОТ ЧИСЛА ВОЛЬФА', 'статья в журнале - краткое сообщение', 250, 'русский'),
(16330972, 'ДИНАМИКА КАРДИОРЕСПИРАТОРНЫХ ЗАБОЛЕВАНИЙ В ЗАВИСИМОСТИ ОТ СОСТОЯНИЯ ИОНОСФЕРЫ', 'статья в журнале - краткое сообщение', 241, 'русский'),
(16363943, 'РАСПРОСТРАНЕННОСТЬ ДОБРОКАЧЕСТВЕННОЙ ГИПЕРПЛАЗИИ ПРЕДСТАТЕЛЬНОЙ ЖЕЛЕЗЫ СРЕДИ НАСЕЛЕНИЯ (РЕЗУЛЬТАТЫ ОДНОМОМЕНТНЫХ И ПРОСПЕКТИВНЫХ ЭПИДЕМИОЛОГИЧЕСКИХ ИССЛЕДОВАНИЙ)', 'статья в журнале - научная статья', 360, 'русский'),
(16363955, 'ВЛИЯНИЕ РОСТОВЫХ ФАКТОРОВ НА РАЗВИТИЕ ЖЕЛЕЗОДЕФИЦИТНЫХ АНЕМИЙ У ДЕВОЧЕК-ПОДРОСТКОВ', 'статья в журнале - научная статья', 437, 'русский'),
(16363957, 'ЭПИДЕМИОЛОГИЧЕСКАЯ МОДЕЛЬ ФОРМИРОВАНИЯ И ПЕРВИЧНОЙ ПРОФИЛАКТИКИ ПОВЫШЕННОГО АРТЕРИАЛЬНОГО ДАВЛЕНИЯ СРЕДИ НЕОРГАНИЗОВАННОГО НАСЕЛЕНИЯ ФЕРГАНСКОЙ ДОЛИНЫ', 'статья в журнале - научная статья', 448, 'русский'),
(16363960, 'НЕКОТОРЫЕ ОСОБЕННОСТИ ПРОФИЛАКТИКИ ХРОНИЧЕСКИХ ГАСТРОДУОДЕНАЛЬНЫХ ЗАБОЛЕВАНИЙ НА ФОНЕ ВИЧ-ИНФЕКЦИИ', 'статья в журнале - научная статья', 466, 'русский'),
(16537037, 'ХРОНИЧЕСКИЙ ПРОСТАТИТ: СОВРЕМЕННОЕ СОСТОЯНИЕ ПРОБЛЕМЫ', 'статья в журнале - научная статья', 600, 'русский'),
(16537049, 'СОРБЦИОННАЯ И АНТИОКСИДАНТНАЯ ТЕРАПИЯ ПРИ МЕХАНИЧЕСКОЙ ЖЕЛТУХЕ НЕОПУХОЛЕВОГО ГЕНЕЗА', 'статья в журнале - научная статья', 65, 'русский'),
(16537056, 'СРАВНИТЕЛЬНАЯ ОЦЕНКА СТЕПЕНИ ОТНОСИТЕЛЬНОГО РИСКА РАЗВИТИЯ ХРОНИЧЕСКИХ ОБСТРУКТИВНЫХ ЗАБОЛЕВАНИЙ ЛЕГКИХ В СВЯЗИ С МОДИФИЦИРУЕМЫМИ И НЕМОДИФИЦИРУЕМЫМИ ФАКТОРАМИ РИСКА У ВИЧ-ИНФИЦИРОВАННОЙ ПОПУЛЯЦИИ', 'статья в журнале - научная статья', 111, 'русский'),
(16537177, 'СЕКРЕЦИЯ ГИДРОЛИТИЧЕСКИХ ФЕРМЕНТОВ ПОДЖЕЛУДОЧНОЙ ЖЕЛЕЗЫ И ФЕРМЕНТНЫЙ ГОМЕОСТАЗ ПРИ γ-ОБЛУЧЕНИИ', 'статья в журнале - научная статья', 174, 'русский'),
(16620241, 'ВОЗМОЖНОСТИ КОЛЛАПАНОПЛАСТИКИ ПРИ РЕКОНСТРУКТИВНЫХ ОПЕРАЦИЯХ НА ШЕЙНОМ ОТДЕЛЕ ПОЗВОНОЧНИКА', 'статья в журнале - научная статья', 27, 'русский'),
(16815372, 'СОВРЕМЕННОЕ СОСТОЯНИЕ ПРОБЛЕМЫ ХИРУРГИЧЕСКОГО ЛЕЧЕНИЯ ПРОБОДНЫХ ДУОДЕНАЛЬНЫХ ЯЗВ', 'статья в журнале - обзорная статья', 97, 'русский'),
(16861682, 'ВОЗМОЖНОСТИ ПРОЛОНГИРОВАНИЯ БЕРЕМЕННОСТИ У ЖЕНЩИН С ОТХОЖДЕНИЕМ ОКОЛОПЛОДНЫХ ВОД ВО II И НАЧАЛЕ III ТРИМЕСТРОВ', 'статья в журнале - научная статья', 321, 'русский'),
(16861796, 'ОСОБЕННОСТИ АДАПТАЦИИ ФЕРМЕНТОВ ПОДЖЕЛУДОЧНОЙ ЖЕЛЕЗЫ И КРОВИ К КАЧЕСТВУ ПИЩИ, В УСЛОВИЯХ ВЫСОКОЙ ТЕМПЕРАТУРЫ И ИНСОЛЯЦИИ', 'статья в журнале - научная статья', 339, 'русский'),
(16986841, 'ФЛАВОНОИДЫ НАДЗЕМНОЙ ЧАСТИ И КОРНЕЙ PSEUDOSOPHORA ALOPECUROIDES (L.) SWEET', 'статья в журнале - научная статья', 137, 'русский'),
(17044610, 'ХАРАКТЕРИСТИКА АДАПТАЦИОННЫХ РЕАКЦИЙ ОРГАНИЗМА ПО ДАННЫМ ГЕМОДИНАМИКИ У ДЕТЕЙ С КАРДИАЛЬНОЙ ФОРМОЙ ВЕГЕТОСОСУДИСТОЙ ДИСТОНИИ', 'статья в журнале - научная статья', 599, 'русский'),
(17076433, 'ОСОБЕННОСТИ ИММУННОГО СТАТУСА В ЦЕНТРАЛЬНОМ И РЕГИОНАРНОМ КРОВОТОКЕ У БОЛЬНЫХ С ЗАБОЛЕВАНИЕМ ВЕН НИЖНИХ КОНЕЧНОСТЕЙ', 'статья в журнале - научная статья', 50, 'русский'),
(17107658, 'ДИНАМИКА ПЕПСИНОГЕНА И БЕЛКА В ГРУДНОМ МОЛОКЕ', 'статья в журнале - научная статья', 12, 'русский'),
(17253870, 'ИЗУЧЕНИЕ РАСПРОСТРАНЕННОСТИ ОСНОВНЫХ ХРОНИЧЕСКИХ НЕИНФЕКЦИОННЫХ ЗАБОЛЕВАНИЙ У ЖЕНЩИН УЗБЕКИСТАНА В СВЯЗИ С МОДИФИЦИРУЕМЫМИ ФАКТОРАМИ РИСКА', 'статья в журнале - научная статья', 49, 'русский'),
(17306339, 'РЕКОНСТРУКТИВНО-ВОССТАНОВИТЕЛЬНАЯ ОПЕРАЦИЯ МЕТОДОМ ИНВАГИНАЦИИ В КОЛОРЕКТАЛЬНОЙ ХИРУРГИИ', 'статья в журнале - научная статья', 50, 'русский'),
(17641604, 'ХИРУРГИЧЕСКОЕ ЛЕЧЕНИЕ ПЕРФОРАТИВНЫХ ЯЗВ ДВЕНАДЦАТИПЕРСТНОЙ КИШКИ', 'статья в журнале - научная статья', 397, 'русский'),
(17685217, 'РЕЗУЛЬТАТЫ ХИРУРГИЧЕСКОГО ЛЕЧЕНИЯ ЗАВОРОТА СИГМОВИДНОЙ КИШКИ У БОЛЬНЫХ ПОЖИЛОГО ВОЗРАСТА', 'статья в журнале - научная статья', 5, 'русский'),
(17850396, 'ВЛИЯНИЕ РАЗЛИЧНЫХ ФОРМ ХИТОЗАНА НА ОКИСЛИТЕЛЬНО-ВОССТАНОВИТЕЛЬНЫЕ ПРОЦЕССЫ В ПЕЧЕНИ ПРИ МЕТАБОЛИЧЕСКОМ СИНДРОМЕ', 'статья в журнале - научная статья', 432, 'русский'),
(17865896, 'СРАВНИТЕЛЬНО-ВОЗРАСТНЫЕ ОСОБЕННОСТИ КЛИНИЧЕСКИХ И ПАТОГЕНЕТИЧЕСКИХ АСПЕКТОВ ШКОЛЬНОЙ ДЕЗАДАПТАЦИИ', 'статья в журнале - научная статья', 20, 'русский'),
(17888158, 'ФЕНОТИПИЧЕСКИЕ ПРИЗНАКИ НАРУШЕНИЙ РИТМА И ПРОВОДИМОСТИ СЕРДЦА У ДЕТЕЙ', 'статья в журнале - научная статья', 10, 'русский'),
(17888168, 'АНТРОПОМЕТРИЧЕСКИЕ ПОКАЗАТЕЛИ НОВОРОЖДЕННЫХ, РОДИВШИХСЯ В ТАЗОВОМ ПРЕДЛЕЖАНИИ', 'статья в журнале - научная статья', 57, 'русский'),
(17889595, 'АССОЦИАТИВНАЯ СВЯЗЬ ДИЗМОРФИЙ С НАРУШЕНИЕМ РИТМА СЕРДЦА У ДЕТЕЙ', 'статья в журнале - научная статья', 3, 'русский'),
(17937421, 'ВЛИЯНИЕ СУЛЬФАПОРИНА НА ПОКАЗАТЕЛИ СИСТЕМЫ ОКСИДА АЗОТА ПРИ ЭКСПЕРИМЕНТАЛЬНОЙ ГИПЕРХОЛЕСТЕРИНЕМИИ', 'статья в журнале - научная статья', 39, 'русский'),
(18022116, 'ЭНДОПЕРИТОНЕОСОРБЦИЯ В ЛЕЧЕНИИ РАЗЛИТОГО ПЕРИТОНИТА ПРИ КИШЕЧНОЙ НЕПРОХОДИМОСТИ', 'статья в журнале - научная статья', 34, 'русский'),
(18022577, 'ДИФФЕРЕНЦИАЛЬНАЯ ДИАГНОСТИКА ЮВЕНИЛЬНОЙ ДИСМЕНОРЕИ', 'статья в журнале - научная статья', 28, 'русский'),
(18061713, 'ФУНКЦИОНАЛЬНОЕ СОСТОЯНИЕ ЩИТОВИДНОЙ ЖЕЛЕЗЫ ПРИ БРОНХИАЛЬНОЙ АСТМЕ У ДЕТЕЙ В УСЛОВИЯХ ФЕРГАНСКОЙ ДОЛИНЫ', 'статья в журнале - научная статья', 186, 'русский'),
(18081836, 'СУБАРАХНОИДАЛЬНАЯ АНЕСТЕЗИЯ В РЕКОНСТРУКТИВНО-ПЛАСТИЧЕСКОЙ ХИРУРГИИ', 'статья в журнале - научная статья', 25, 'русский'),
(18141755, 'КЛИНИЧЕСКОЕ ЗНАЧЕНИЕ ОКСИПРОЛИНА У ДЕВУШЕК С ДИСПЛАЗИЕЙ СОЕДИНИТЕЛЬНОЙ ТКАНИ ПРИ ПЕРВИЧНОЙ ДИСМЕНОРЕЕ', 'статья в журнале - научная статья', 100, 'русский'),
(18236241, 'ОПЫТ ЛЕЧЕНИЯ ОСТРОГО КОРОНАРНОГО СИНДРОМА НА ДОГОСПИТАЛЬНОМ ЭТАПЕ В РАЗЛИЧНЫХ ГОРОДАХ СНГ', 'статья в журнале - научная статья', 11, 'русский'),
(18354331, 'К ВОПРОСУ О ЛЕЧЕНИИ АЛКОГОЛИЗМА', 'статья в журнале - научная статья', 85, 'русский'),
(18737498, 'КОРРЕКЦИЯ СУЛЬФАПОРИНОМ ЭНДОТЕЛИАЛЬНОЙ ДИСФУНКЦИИ У КРОЛИКОВ С ГИПЕРХОЛЕСТЕРИНЕМИЕЙ', 'статья в журнале - научная статья', 36, 'русский'),
(18816594, 'COMPLEX TREATMENT OF CLINICAL AND NEUROLOGIC MANIFESTATIONS OF METASTATIC TUMORS OF VERTEBRAE BODIES COMPLICATED BY COMPRESSION OF SPINAL CORD', 'статья в журнале - научная статья', 7, 'английский'),
(18816595, 'PLASTIC OPERATIONS UNDER METASTATIC TUMORS IN CERVICAL SPINE', 'статья в журнале - научная статья', 9, 'английский'),
(18912903, 'ПУТИ ОПТИМИЗАЦИИ ЛЕЧЕНИЯ ОСТРОГО КОРОНАРНОГО СИНДРОМА', 'статья в журнале - научная статья', 26, 'русский'),
(18933990, 'UP-TO-DATE APPROACHES TO DIAGNOSTICS OF PREMATURE RUPTURE OF FETAL MEMBRANES IN PREGNANTS', 'статья в журнале - научная статья', 11, 'английский'),
(19058574, 'ОСОБЕННОСТИ ЛАКТАЦИИ ЖЕНЩИН С АНЕМИЕЙ - ФАКТОР РИСКА ГИПОТРОФИИ У ДЕТЕЙ', 'статья в журнале - научная статья', 31, 'русский'),
(19058576, 'ИЗУЧЕНИЕ СТРУКТУРЫ ИНТЕРВАЛА Q-T (Q-T1 И Т1 -Т) ЭКГ ДЕТЕЙ РАННЕГО ВОЗРАСТА', 'статья в журнале - научная статья', 37, 'русский'),
(19058599, 'К СОДЕРЖАНИЮ И АКТИВНОСТИ ПИЩЕВАРИТЕЛЬНЫХ ФЕРМЕНТОВ В ГРУДНОМ МОЛОКЕ У ЖЕНЩИН С АНЕМИЕЙ', 'статья в журнале - научная статья', 49, 'русский'),
(19093792, 'ИНТРАОПЕРАЦИОННОЕ РАСТЯЖЕНИЕ КОЖИ ПРИ УСТРАНЕНИИ РУБЦОВЫХ ДЕФОРМАЦИЙ НОСОГУБНОЙ ОБЛАСТИ', 'статья в журнале - научная статья', 54, 'русский'),
(19096537, 'ОСОБЕННОСТИ РОСТА АНТРОПОМЕТРИЧЕСКИХ ПАРАМЕТРОВ НИЖНЕЙ КОНЕЧНОСТИ В ШКОЛЬНОМ ПЕРИОДЕ', 'статья в журнале - научная статья', 29, 'русский'),
(19096538, 'УСТРАНЕНИЕ РУБЦОВЫХ ДЕФОРМАЦИЙ И КОНТРАКТУР ШЕИ С ПОМОЩЬЮ ПРЕДВАРИТЕЛЬНО РАСТЯНУТЫХ ТКАНЕЙ', 'статья в журнале - научная статья', 32, 'русский'),
(19120523, 'НОВЫЙ СПОСОБ ЛЕЧЕНИЯ АЛКОГОЛИЗМА', 'статья в журнале - научная статья', 3, 'русский'),
(19134463, 'ГЕМОСТАЗ РАН ПЕЧЕНИ ПОСЛЕ ЕЁ РЕЗЕКЦИИ', 'статья в журнале - материалы конференции', 13, 'русский'),
(19134483, 'СПОСОБ УКРЫТИЯ РАНЕВОЙ ПОВЕРХНОСТИ ПЕЧЕНИ ПОСЛЕ ЕЁ РЕЗЕКЦИИ', 'статья в журнале - материалы конференции', 29, 'русский'),
(19134492, 'ЭХИНОКОККОЗ ПЕЧЕНИ И МЕХАНИЧЕСКАЯ ЖЕЛТУХА', 'статья в журнале - материалы конференции', 36, 'русский'),
(19134493, 'РАСПРОСТРАНЕННОСТЬ ПСИХИЧЕСКИХ РАССТРОЙСТВ ПРИ ВИРУСНЫХ ГЕПАТИТАХ', 'статья в журнале - материалы конференции', 37, 'русский'),
(19134505, 'РАСПРОСТРАНЕННОСТЬ АЛКОГОЛЬНЫХ ПОРАЖЕНИЙ ПЕЧЕНИ', 'статья в журнале - материалы конференции', 46, 'русский'),
(19134512, 'РОЛЬ ПЕЧЕНИ В ПЕПТИДЕРГИЧЕСКИХ МЕХАНИЗМАХ РЕГУЛЯЦИИ ПОДЖЕЛУДОЧНОЙ ЖЕЛЕЗЫ', 'статья в журнале - материалы конференции', 51, 'русский'),
(19134513, 'УЧАСТИЕ ПЕЧЕНИ В ПЕПТИДЕРГИЧЕСКИХ РЕГУЛЯТОРНЫХ ПРОЦЕССАХ', 'статья в журнале - материалы конференции', 51, 'русский'),
(19141530, 'К ОЦЕНКЕ НЕРВНО-ПСИХИЧЕСКОГО РАЗВИТИЯ НОВОРОЖДЕННЫХ ДЕТЕЙ', 'статья в журнале - научная статья', 20, 'русский'),
(20167668, 'РОЛЬ БИОСИНТЕТИЧЕСКИХ ПОКРЫТИЙ В ЛЕЧЕНИИ ПОВЕРХНОСТНЫХ ОЖОГОВ II-IIIA СТЕПЕНИ', 'статья в журнале - научная статья', 487, 'русский'),
(20224756, 'ИСПОЛЬЗОВАНИЕ ХИМИОТЕРАПИИ В ЛЕЧЕНИИ ПЕРВИЧНОГО РАКА ПЕЧЕНИ', 'статья в журнале - научная статья', 187, 'русский'),
(20306980, 'ИММУННЫЙ ГОМЕОСТАЗ У БОЛЬНЫХ ЯЗВЕННОЙ БОЛЕЗНЬЮ ДВЕНАДЦАТИПЕРСТНОЙ КИШКИ ПРИ ПРИМЕНЕНИИ РЕГИОНАРНОЙ ИММУНОСТИМУЛЯЦИИ', 'статья в журнале - научная статья', 10, 'русский'),
(20373107, 'МОРФОЛОГИЧЕСКИЕ И МОРФОМЕТРИЧЕСКИЕ ПОКАЗАТЕЛИ ПОДВЗДОШНОЙ КИШКИ В НОРМЕ И ПРИ СЕПСИСЕ', 'статья в журнале - краткое сообщение', 89, 'русский'),
(20408901, 'ЖЕЛЕЗОДЕФИЦИТНЫЕ СОСТОЯНИЯ У НАРКОМАНОВ (ЭПИДЕМИОЛОГИЧЕСКИЕ ИССЛЕДОВАНИЯ)', 'статья в журнале - научная статья', 47, 'русский'),
(20409982, 'ОСОБЕННОСТИ ТЕЧЕНИЯ ЖЕЛЕЗОДЕФИЦИТНЫХ СОСТОЯНИЙ НА ФОНЕ НАРКОТИЗАЦИИ НАСЕЛЕНИЯ', 'статья в журнале - научная статья', 58, 'русский'),
(20413128, 'ДИСФУНКЦИЯ ЭНДОТЕЛИЯ И НАРУШЕНИЕ ОКИСЛИТЕЛЬНЫХ ПРОЦЕССОВ В ПЕЧЕНИ ПРИ МЕТАБОЛИЧЕСКОМ СИНДРОМЕ И ИХ КОРРЕКЦИЯ ХИТОЗАНОМ (ЭКСПЕРИМЕНТ)', 'статья в журнале - научная статья', 201, 'русский'),
(20413131, 'ЛЕКАРСТВЕННАЯ РЕЗИСТЕНТНОСТЬ У БОЛЬНЫХ МЕСТНОРАСПРОСТРАНЕННЫМ РАКОМ ЯИЧНИКОВ', 'статья в журнале - научная статья', 216, 'русский'),
(20434204, 'ПРОБЛЕМЫ ВНЕДРЕНИЯ ДОГОСПИТАЛЬНОЙ ТРОМБОЛИТИЧЕСКОЙ ТЕРАПИИ Y БОЛЬНЫХ ОСТРЫМ КОРОНАРНЫМ СИНДРОМОМ С ПОДЪЕМОМ СЕГМЕНТА SТ', 'статья в журнале - научная статья', 30, 'русский'),
(20782552, 'ЭКОНОМНАЯ РЕЗЕКЦИЯ ЖЕЛУДКА С ФОРМИРОВАНИЕМ ГАСТРОДУОДЕНОАНА-СТОМОЗА В ХИРУРГИИ ЯЗВЕННОЙ БОЛЕЗНИ ДВЕНАДЦАТИПЕРСТНОЙ КИШКИ', 'статья в журнале - научная статья', 59, 'русский'),
(20782556, 'МАЛОИНВАЗИВНЫЕ МЕТОДЫ ХИРУРГИЧЕСКОЙ КОРРЕКЦИИ ОСЛОЖНЕННОЙ ОСТАТОЧНОЙ ПОЛОСТИ ПОСЛЕ ЭХИНОКОККЭКТОМИИ ПЕЧЕНИ', 'статья в журнале - научная статья', 66, 'русский'),
(20819903, 'CHRONIC DISEASE PREVENTION RESEARCH IN CENTRAL ASIA, THE URALS, SIBERIA AND MONGOLIA - PAST, PRESENT AND FUTURE', 'статья в журнале - обзорная статья', 987, 'английский'),
(20931399, 'МАЛОИНВАЗИВНЫЕ ВМЕШАТЕЛЬСТВА ПРИ ОСТРОМ ХОЛЕЦИСТИТЕ, ОСЛОЖНЕННОМ МЕХАНИЧЕСКОЙ ЖЕЛТУХОЙ', 'статья в журнале - научная статья', 40, 'русский'),
(21046045, 'ВЛИЯНИЕ АМПУТАЦИИ КОНЕЧНОСТИ НА ОКОЛОНЕЙРОННЫЕ СОСУДЫ ХВОСТАТОГО И ЧЕЧЕВИЦЕОБРАЗНОГО ЯДЕР МОЗГА У СОБАКИ', 'статья в журнале - научная статья', 55, 'русский'),
(21109095, 'ВОЗДУШНО-ПЛАЗМЕННЫЕ ПОТОКИ В РЕЖИМЕ КОАГУЛЯЦИИ, NO-ТЕРАПИИ В КОМПЛЕКСНОМ ЛЕЧЕНИИ ДЛИТЕЛЬНО НЕЗАЖИВАЮЩИХ И ХРОНИЧЕСКИХ РАН (ЯЗВ) НИЖНИХ КОНЕЧНОСТЕЙ', 'статья в журнале - научная статья', 9, 'русский'),
(21109098, 'ЭФФЕКТИВНОСТЬ КОМБИНИРОВАННОГО ПРИМЕНЕНИЯ ФЛАВОНОИДНЫХ АНТИОКСИДАНТОВ И ЭНТЕРОСОРБЦИИ ПРИ МЕХАНИЧЕСКОЙ ЖЕЛТУХЕ НЕОПУХОЛЕВОГО ГЕНЕЗА', 'статья в журнале - научная статья', 23, 'русский'),
(21109107, 'ПРИМЕНЕНИЕ КОМПОЗИТНЫХ МАТЕРИАЛОВ ДЛЯ СТАБИЛИЗАЦИИ ШЕЙНОГО ОТДЕЛА ПОЗВОНОЧНИКА', 'статья в журнале - научная статья', 61, 'русский'),
(21115498, 'РОЛЬ ФАКТОРОВ СИСТЕМЫ ОКСИДА АЗОТА В ДИНАМИКЕ ФОРМИРОВАНИЯ У ЭКСПЕРИМЕНТАЛЬНЫХ ЖИВОТНЫХ МЕТАБОЛИЧЕСКОГО СИНДРОМА', 'статья в журнале - научная статья', 96, 'русский'),
(21142923, 'РОЛЬ И ВОЗМОЖНОСТИ ПРИМЕНЕНИЯ ЭНТЕРОСОРБЦИИ ПРИ МЕХАНИЧЕСКОЙ ЖЕЛТУХЕ НЕОПУХОЛЕВОГО ГЕНЕЗА (ОБЗОР ЛИТЕРАТУРЫ)', 'статья в журнале - обзорная статья', 37, 'русский'),
(21240743, 'АНАЛИЗ ВЫЯВЛЯЕМОСТИ ФАКТОРОВ РИСКА, ПОРАЖЕНИЯ ОРГАНОВ МИШЕНИ И АССОЦИИРОВАННЫХ КЛИНИЧЕСКИХ СОСТОЯНИЙ У ПОПУЛЯЦИИ С ПРЕДГИПЕРТЕНЗИЕЙ И АРТЕРИАЛЬНОЙ ГИПЕРТЕНЗИЕЙ', 'статья в журнале - научная статья', 40, 'русский'),
(21267460, 'LIPID-LIPOPROTEIN AND OXIDATIVE STRESS MARKERS IN PATIENTS WITH METABOLIC SYNDROME', 'статья в журнале - научная статья', 19, 'английский'),
(21273657, 'РЕЗУЛЬТАТЫ ФОРМИРОВАНИЯ ТОЛСТОКИШЕЧНОГО АНАСТОМОЗА ПОСЛЕ РЕЗЕКЦИИ СИГМОВИДНОЙ КИШКИ (ЭКСПЕРИМЕНТАЛЬНОЕ ИССЛЕДОВАНИЕ)', 'статья в журнале - научная статья', 17, 'русский'),
(21311280, 'К ВОПРОСУ О ВЗАИМОСВЯЗИ АКТИВНОСТИ СИМПАТИКО-АДРЕНАЛОВОЙ СИСТЕМЫ И МЕДИАТОРОВ ИММУННЫХ НАРУШЕНИЙ У БОЛЬНЫХ МЕТАБОЛИЧЕСКИМ СИНДРОМОМ', 'статья в журнале - научная статья', 72, 'русский'),
(21315227, 'ВОЗРАСТНЫЕ, ИНДИВИДУАЛЬНЫЕ ОСОБЕННОСТИ ЭХОПАРАМЕТРОВ ЯИЧНИКОВ У ЖЕНЩИН ОТ 25 ДО 54 ЛЕТ', 'статья в журнале - научная статья', 78, 'русский'),
(21457039, 'ОБОСНОВАНИЕ ГАСТРОДУОДЕНОАНАСТОМОЗА С ЭКОНОМНОЙ РЕЗЕКЦИЕЙ ЖЕЛУДКА В ХИРУРГИИ ЯЗВЕННОЙ БОЛЕЗНИ ДВЕНАДЦАТИПЕРСТНОЙ КИШКИ', 'статья в журнале - научная статья', 37, 'русский'),
(21587530, 'РЕГИОНАЛЬНАЯ ЛИМФОКОРРЕКЦИЯ ПРИ ОСТРОМ ПЕРИТОНИТЕ', 'статья в журнале - научная статья', 48, 'русский'),
(21587545, 'ОСОБЕННОСТИ ВЗАИМОДЕЙСТВИЯ НИТЕЙ ВИКРИЛА С ТКАНЯМИ ПРИ НАЛОЖЕНИИ КИШЕЧНЫХ ШВОВ (ЭКСПЕРИМЕНТАЛЬНОЕ ИССЛЕДОВАНИЕ)', 'статья в журнале - научная статья', 5, 'русский'),
(21706201, 'ЗНАЧИМОСТЬ РЕГИОНАЛЬНОЙ ЛИМФАТИЧЕСКОЙ АНТИБИОТИКОТЕРАПИИ ПРИ ЛЕЧЕНИИ ОЖОГОВЫХ РАН', 'статья в журнале - научная статья', 44, 'русский'),
(21706296, 'ВЛИЯНИЕ ИНТРАОПЕРАЦИОННОЙ ЭСПАНДЕРНОЙ ДЕРМОТЕНЗИИ ПРИ ПЛАСТИКЕ ОЖОГОВЫХ ПОВРЕЖДЕНИЙ НА СТРУКТУРУ КОЖИ НОСА И ГУБ', 'статья в журнале - научная статья', 51, 'русский'),
(22025876, 'НОРМАЛЬНЫЕ УЛЬТРАЗВУКОВЫЕ РАЗМЕРЫ ПРЕДСЕРДИЙ И ЖЕЛУДОЧКОВ СЕРДЦА У ЛЮДЕЙ В ВОЗРАСТЕ 25-64 ЛЕТ', 'статья в журнале - научная статья', 52, 'русский'),
(22134841, 'РАСПРОСТРАНЕННОСТЬ НЕЙРОЦИРКУЛЯТОРНОЙ ДИСТОНИИ В РАЗЛИЧНЫХ ГРУППАХ ВИЧ-ИНФИЦИРОВАННОЙ ПОПУЛЯЦИИ', 'статья в журнале - научная статья', 45, 'русский'),
(22253585, 'НИЗКАЯ ФИЗИЧЕСКАЯ АКТИВНОСТЬ И ОСОБЕННОСТИ ПИТАНИЯ В КАЧЕСТВЕ ФАКТОРОВ РИСКА НЕЙРОЦИРКУЛЯТОРНОЙ ДИСТОНИИ У ВИЧ-ИНФИЦИРОВАННОЙ ПОПУЛЯЦИИ', 'статья в журнале - научная статья', 45, 'русский'),
(22253594, 'РАСПРОСТРАНЕННОСТЬ НЕКОТОРЫХ ПОВЕДЕНЧЕСКИХ ФАКТОРОВ РИСКА НЕЙРОЦИРКУЛЯТОРНОЙ ДИСТОНИИ В ПОПУЛЯЦИИ ВИЧ-ИНФИЦИРОВАННЫХ', 'статья в журнале - научная статья', 47, 'русский'),
(22253697, 'ХИРУРГИЧЕСКОЕ ЛЕЧЕНИЕ ОСТРОГО ХОЛЕЦИСТИТА, ОСЛОЖНЕННОГО МЕХАНИЧЕСКОЙ ЖЕЛТУХОЙ', 'статья в журнале - научная статья', 11, 'русский'),
(22413369, 'РЕЗУЛЬТАТЫ КОРРИГИРУЮЩЕЙ ТОРАКОПЛАСТИКИ ПРИ КИЛЕВИДНОЙ ДЕФОРМАЦИИ ГРУДНОЙ КЛЕТКИ У ДЕТЕЙ', 'статья в журнале - научная статья', 67, 'русский'),
(22627854, 'ВЛИЯНИЕ СОРБЦИОННОЙ, АНТИОКСИДАНТНОЙ И НИЗКОИНТЕНСИВНОЙ ЛАЗЕРНОЙ ТЕРАПИИ НА УРОВЕНЬ ЭНДОГЕННОЙ ИНТОКСИКАЦИИ И ЛИПОПЕРОКСИДАЦИИ ПРИ НЕОПУХОЛЕВОЙ МЕХАНИЧЕСКОЙ ЖЕЛТУХЕ', 'статья в журнале - материалы конференции', 57, 'русский'),
(22741801, 'КОМПЛЕКСНОЕ ЛЕЧЕНИЕ ИНФИЛЬТРАТИВНО-НАГНОИТЕЛЬНОЙ ТРИХОФИТИИ РАСТВОРОМ \"ВИТАДЕРМ\"', 'статья в журнале - материалы конференции', 112, 'русский'),
(22741802, 'ЛЕЧЕНИЕ ПАХОВОЙ ЭПИДЕРМОФИТИИ ПРЕПАРАТОМ ЦИКЛОПИРОКСОЛАМИНА', 'статья в журнале - материалы конференции', 114, 'русский'),
(22741836, 'КОМПЛЕКСНОЕ ЛЕЧЕНИЕ КАНДИДОЗНОГО УРЕТРИТА У МУЖЧИН', 'статья в журнале - материалы конференции', 212, 'русский'),
(22741852, 'КЛИНИЧЕСКИЙ СЛУЧАЙ: ХРОМОМИКОЗ', 'статья в журнале - материалы конференции', 252, 'русский'),
(22742245, 'КОМПЛЕКСНОЕ ЛЕЧЕНИЕ КАНДИДОЗА КОЖИ', 'статья в журнале - научная статья', 88, 'русский'),
(22742266, 'ЛЕЧЕНИЕ МИКРОСПОРИИ ПРЕПАРАТАМИ ТЕРБИНАФИНА', 'статья в журнале - научная статья', 132, 'русский'),
(22742267, 'КЛИНИЧЕСКИЙ ОПЫТ ЛЕЧЕНИЯ МИКРОСПОРИИ ЦИКЛОПИРОКСОЛАМИНОМ', 'статья в журнале - научная статья', 134, 'русский'),
(22742306, 'АКТИНОМИКОЗ: ОПИСАНИЕ ОДНОГО СЛУЧАЯ', 'статья в журнале - научная статья', 225, 'русский'),
(22810872, 'ОПЫТ ИСПОЛЬЗОВАНИЯ МЕТОДОВ ЛИМФАТИЧЕСКОЙ ТЕРАПИИ В СИСТЕМЕ НЕОТЛОЖНОЙ МЕДИЦИНСКОЙ ПОМОЩИ', 'статья в журнале - научная статья', 60, 'русский'),
(22811852, 'ОПЫТ ВНЕДРЕНИЯ ПРОТОКОЛЬНОЙ МЕДИЦИНЫ В ОТДЕЛЕНИЯХ ХИРУРГИЧЕСКОГО ПРОФИЛЯ ОБЛАСТНОГО ЦЕНТРА ЭКСТРЕННОЙ МЕДИЦИНСКОЙ ПОМОЩИ', 'статья в журнале - научная статья', 51, 'русский'),
(22901614, 'ПРИМЕНЕНИЕ НИФУРОКСАЗИДА В КОМПЛЕКСНОМ ЛЕЧЕНИИ ДИАРЕИ У ДЕТЕЙ ДО 1 ГОДА', 'статья в журнале - научная статья', 69, 'русский'),
(22989584, 'КЛИНИКО-ФУНКЦИОНАЛЬНАЯ ХАРАКТЕРИСТИКА ДЕТЕЙ С КИЛЕВИДНОЙ ДЕФОРМАЦИЕЙ ГРУДНОЙ КЛЕТКИ ДО И ПОСЛЕ ОПЕРАЦИИ', 'статья в журнале - научная статья', 64, 'русский'),
(23048425, 'НИЗКАЯ ФИЗИЧЕСКАЯ АКТИВНОСТЬ И ОСОБЕННОСТИ ПИТАНИЯ В КАЧЕСТВЕ ФАКТОРОВ РИСКА НЕЙРОЦИРКУЛЯТОРНОЙ ДИСТОНИИ У ВИЧ-ИНФИЦИРОВАННОЙ ПОПУЛЯЦИИ', 'статья в журнале - научная статья', 49, 'русский'),
(23060859, 'РАСПРОСТРАНЕННОСТЬ ПРЕДГИПЕРТЕНЗИИ В ПОПУЛЯЦИИ ВИЧ-ИНФИЦИРОВАННЫХ ЛИЦ, ПРОЖИВАЮЩИХ В ФЕРГАНСКОЙ ДОЛИНЕ, СОСТАВЛЯЮЩИХ ГРУППЫ ПОВЫШЕННОГО РИСКА', 'статья в журнале - научная статья', 42, 'русский'),
(23576333, 'ХИРУРГИЧЕСКОЕ ЛЕЧЕНИЕ ХРОНИЧЕСКОГО КОЛОСТАЗА', 'статья в журнале - материалы конференции', 111, 'русский'),
(23776185, 'ФУНКЦИОНАЛЬНАЯ АКТИВНОСТЬ СИМПАТИКО-АДРЕНАЛОВОЙ СИСТЕМЫ И СИСТЕМЫ ПЕРЕКИСНОГО ОКИСЛЕНИЯ ЛИПИДОВ У БОЛЬНЫХ ГИПЕРТОНИЧЕСКОЙ БОЛЕЗНЬЮ В СОЧЕТАНИИ С ТИРЕОТОКСИКОЗОМ', 'статья в журнале - краткое сообщение', 581, 'русский'),
(23776186, 'ФЕРМЕНТОВ ВЫДЕЛИТЕЛЬНАЯ ДЕЯТЕЛЬНОСТЬ СЛЮННЫХ ЖЕЛЕЗ У БЕРЕМЕННЫХ С ГЕСТОЗАМИ НА ФОНЕ ПИЕЛОНЕФРИТА', 'статья в журнале - краткое сообщение', 582, 'русский'),
(23799497, 'ИНГИБИРОВАНИЕ УРЕАЗЫ - ФЕРМЕНТА РАЗЛОЖЕНИЯ МОЧЕВИНЫ', 'статья в сборнике трудов конференции', 2015, 'русский'),
(23903965, 'ПРИМЕНЕНИЕ ПРЕПАРАТА ЦЕРЕБРОЛИЗИН В КОМПЛЕКСНОМ ЛЕЧЕНИИ КОГНИТИВНЫХ НАРУШЕНИЙ ПРИ СОСУДИСТЫХ ПОРАЖЕНИЯХ ГОЛОВНОГО МОЗГА', 'статья в сборнике трудов конференции', 2015, 'русский'),
(23904000, 'СПОСОБ ФОРМИРОВАНИЯ АНАСТОМОЗА В ХИРУРГИИ ТОЛСТОЙ КИШКИ', 'статья в сборнике трудов конференции', 2015, 'русский'),
(23904203, 'КЛИНИЧЕСКИЕ ОСОБЕННОСТИ ТЕЧЕНИЯ КРУГЛОГОДИЧНОГО АЛЛЕРГИЧЕСКОГО РИНИТА У ДЕТЕЙ С БРОНХИАЛЬНОЙ АСТМОЙ', 'статья в сборнике трудов конференции', 2015, 'русский'),
(23904394, 'ОСОБЕННОСТИ КЛИНИЧЕСКИХ ПРОЯВЛЕНИЙ БРОНХИАЛЬНОЙ АСТМЫ У ДЕТЕЙ С ТИРЕОИДНЫМИ ДИСФУНКЦИЯМИ', 'статья в сборнике трудов конференции', 2015, 'русский'),
(23952845, 'ВОЗРАСТНАЯ ХАРАКТЕРИСТИКА ЭХОПАРАМЕТРОВ МОЗГОВОГО, КОРКОВОГО СЛОЕВ И ДИАМЕТРОВ ФОЛЛИКУЛ ЯИЧНИКОВ ПРИ ВТОРИЧНОЙ АМЕНОРЕЕ', 'статья в сборнике трудов конференции', 2013, 'русский'),
(23952874, 'ЭХОПАРАМЕТРЫ ГЛУБИННЫХ ОБРАЗОВАНИЙ ПОЧЕК В I ЗРЕЛОМ ВОЗРАСТЕ', 'статья в сборнике трудов конференции', 2013, 'русский'),
(24072936, 'ИЗМЕНЕНИЯ МИКРОБИОЦЕНОЗА СЛИЗИСТЫХ ВЛАГАЛИЩА И ЦЕРВИКАЛЬНОГО КАНАЛАУ БЕРЕМЕННЫХ ЖЕНЩИН', 'статья в журнале - краткое сообщение', 65, 'русский'),
(24164348, 'ИЗМЕНЕНИЯ ВЫСОТЫ ОЛИГОДЕНДРОЦИТОВ В СЛОЯХ КОРЫ ПОЛЯ 8 ЛОБНОЙ ДОЛИ ГОЛОВНОГО МОЗГА ЧЕЛОВЕКА', 'статья в сборнике трудов конференции', 2013, 'русский'),
(24217048, 'ДИАГНОСТИКА ГНОЙНЫХ ОСЛОЖНЕНИЙ ПОСЛЕ ЭКСТРЕННЫХ ОПЕРАЦИЙ НА ОРГАНАХ БРЮШНОЙ ПОЛОСТИ', 'статья в журнале - разное', 32, 'русский'),
(24217049, 'РАННЯЯ РЕЛАПАРОТОМИЯ В АБДОМИНАЛЬНОЙ ХИРУРГИИ ПРИ ГНОЙНО-СЕПТИЧЕСКИХ ОСЛОЖНЕНИЯХ', 'статья в журнале - разное', 33, 'русский'),
(24217052, 'ХИРУРГИЧЕСКАЯ ТАКТИКА У БОЛЬНЫХ, ОПЕРИРОВАННЫХ ПО ПОВОДУ ПЕРФОРАТИВНЫХ ЯЗВ, С ГНОЙНО-СЕПТИЧЕСКИМИ ОСЛОЖНЕНИЯМИ', 'статья в журнале - разное', 35, 'русский'),
(24217053, 'ЛЕЧЕНИЕ ГНОЙНЫХ ОСЛОЖНЕНИЙ В НЕОТЛОЖНОЙ АБДОМИНАЛЬНОЙ ХИРУРГИИ', 'статья в журнале - разное', 36, 'русский'),
(24265105, 'НЕЙРОПРОТЕКТОРНАЯ ЗАЩИТА КОГНИТИВНЫХ ДИСФУНКЦИЙ У БОЛЬНЫХ СТАРШИХ ВОЗРАСТНЫХ ГРУПП', 'статья в сборнике трудов конференции', 2014, 'русский'),
(24308526, 'ОЦЕНКА СОДЕРЖАНИЯ ЦИТОКИНОВ У СУПРУЖЕСКИХ ПАР С БЕСПЛОДИЕМ НЕЯСНОГО ГЕНЕЗА', 'статья в журнале - научная статья', 22, 'русский'),
(24308527, 'CHANGES IN THE ENDOMETRIUM IN WOMEN WITH MISCARRIAGE IN THE ANAMNESIS', 'статья в журнале - научная статья', 23, 'русский'),
(24308530, 'ПРОГНОЗИРОВАНИЕ ВНУТРИУТРОБНОГО ИНФИЦИРОВАНИЯ ПЛОДА У БЕРЕМЕННЫХ ЖЕНЩИН С ЦИТОМЕГАЛОВИРУСНОЙ ИНФЕКЦИЕЙ', 'статья в журнале - научная статья', 25, 'русский'),
(24308559, 'КОРРЕКЦИЯ СОСТОЯНИЯ СОЕДИНИТЕЛЬНОЙ ТКАНИ ПРИМЕНЕНИЕМ МАГНЕ В6 ПРИ ЮВЕНИЛЬНОЙ ДИСМЕНОРЕЕ', 'статья в журнале - научная статья', 46, 'русский'),
(24308562, 'ПРОФИЛАКТИКА ПЕРЕДАЧИ ВИЧ-ИНФЕКЦИИ ОТ МАТЕРИ К РЕБЕНКУ', 'статья в журнале - научная статья', 49, 'русский'),
(24353032, 'ЭХОКАРДИОМЕТРИЧЕСКИЕ ПАРАМЕТРЫ СЕРДЦА ПРИ НЕДОСТАТОЧНОСТИ МИТРАЛЬНОГО КЛАПАНА В ВОЗРАСТЕ ОТ 8 ДО 12 ЛЕТ', 'статья в журнале - научная статья', 33, 'русский'),
(24389284, 'ПРЕВЕНТИВНАЯ АНТИБИОТИКОТЕРАПИЯ ПРИ РАЗЛИЧНЫХ ОПЕРАЦИЯХ НА ЖЕЛУДКЕ', 'статья в журнале - материалы конференции', 114, 'русский'),
(24389285, 'ПОСЛЕОПЕРАЦИОННОЕ ОБЕЗБОЛИВАНИЕ С ПРИМЕНЕНИЕМ ПРИНЦИПА МУЛЬТИМОДАЛЬНОСТИ ПОСЛЕ ДЛИТЕЛЬНЫХ И ТРАВМАТИЧНЫХ ОПЕРАТИВНЫХ ВМЕШАТЕЛЬСТВ', 'статья в журнале - материалы конференции', 115, 'русский'),
(24389286, 'ОПЫТ ИСПОЛЬЗОВАНИЯ ПРОТОКОЛОВ ВЫПОЛНЕНИЯ ИНВАЗИВНЫХ ПРОЦЕДУР С ИСПОЛЬЗОВАНИЕМ УЛЬТРАЗВУКОВОГО КОНТРОЛЯ В ПРАКТИКЕ ОТДЕЛЕНИЙ АНЕСТЕЗИОЛОГИИ-РЕАНИМАЦИИ МНОГОПРОФИЛЬНОГО СТАЦИОНАРА', 'статья в журнале - материалы конференции', 116, 'русский'),
(24610630, 'УЛУЧШЕНИЕ ФУНКЦИИ СЛУХОВОЙ ТРУБЫ У БОЛЬНЫХ ХРОНИЧЕСКИМ МЕЗОТИМПАНИТОМ', 'статья в сборнике трудов конференции', 2015, 'русский'),
(24611987, 'АКТУАЛЬНЫЕ ВОПРОСЫ РАННЕЙ ДИАГНОСТИКИ РАКА МОЛОЧНОЙ ЖЕЛЕЗЫ', 'статья в сборнике трудов конференции', 2015, 'русский'),
(24611997, 'ОПТИМИЗАЦИЯ РЕЗУЛЬТАТОВ ХИМИОТЕРАПИИ РАКА МОЛОЧНОЙ ЖЕЛЕЗЫ', 'статья в сборнике трудов конференции', 2015, 'русский'),
(24829563, 'ЭКОНОМНАЯ РЕЗЕКЦИЯ ЖЕЛУДКА И МЕТОД ВЫБОРА ГАСТРОДУАДЕНОАНАСТОМОЗА В ХИРУРГИИ ЯЗВЕННОЙ БОЛЕЗНИ ДВЕНАДЦАТИПЕРСТНОЙ КИШКИ', 'статья в сборнике трудов конференции', 2011, 'русский'),
(24829566, 'К ВОПРОСУ ПРОФИЛАКТИКИ НАГНОЕНИЙ ОСТАТОЧНОЙ ПОЛОСТИ ПОСЛЕ ЭХИНОКОККЭКТОМИИ ПЕЧЕНИ', 'статья в сборнике трудов конференции', 2011, 'русский'),
(24845800, 'РАСПРОСТРАНЕННОСТЬ ХРОНИЧЕСКОГО ГНОЙНОГО СРЕДНЕГО ОТИТА СРЕДИ ДЕТЕЙ В ВОЗРАСТЕ 2-14 ЛЕТ', 'статья в журнале - научная статья', 104, 'русский'),
(25026368, 'ИЗУЧЕНИЕ ЭЛЕКТРОННОЙ СТРУКТУРЫ И КВАНТОВО-ХИМИЧЕСКИЕ РАСЧЕТЫ N,N 1-ГЕКСАМЕТИЛЕН БИС-[(АМИНОАРОИЛ) МОЧЕВИН]', 'статья в сборнике трудов конференции', 2014, 'русский'),
(25029439, 'ТРЕТИЧНЫЙ ПЕРИТОНИТ - ПРОБЛЕМА, РЕШАЕМАЯ МЕТОДАМИ РЕГИОНАРНОЙ ЛИМФАТИЧЕСКОЙ ТЕРАПИИ', 'статья в журнале - научная статья', 38, 'русский'),
(25029440, 'ДЕСЯТИЛЕТНИЙ ОПЫТ ИСПОЛЬЗОВАНИЯ МЕТОДОВ ЛИМФАТИЧЕСКОЙ ТЕРАПИИ В РЕФОРМИРОВАННОЙ СИСТЕМЕ ЭКСТРЕННОЙ МЕДИЦИНСКОЙ ПОМОЩИ УЗБЕКИСТАНА', 'статья в журнале - краткое сообщение', 42, 'русский'),
(25137781, 'ОПИСАНИЕ ТЕХНОЛОГИЧЕСКОГО ПРОЦЕССА, ПРОИЗВОДСТВА N,N 1-ГЕКСАМЕТИЛЕН БИС-[(ДИБЕНЗИЛАМИНО)МОЧЕВИНЫ] И ЛАБОРАТОРНЫЙ МЕТОД ПОЛУЧЕНИЯ N,N 1-ДИХЛОР-N,N 1-ГЕКСАМЕТИЛЕН БИС-[(ДИБЕНЗИЛАМИНО)МОЧЕВИН]', 'статья в сборнике трудов конференции', 2013, 'русский'),
(25263859, 'СЛАНЦЕВЫЙ ГАЗ - ПЕРСПЕКТИВЫ ПРИМЕНЕНИЯ', 'статья в сборнике трудов конференции', 2014, 'русский'),
(25427827, 'ПРОДЛЕННАЯ ЭПИДУРАЛЬНАЯ АНЕСТЕЗИЯ В КОМПЛЕКСНОМ ЛЕЧЕНИИ АНОМАЛИЙ РОДОВОЙ ДЕЯТЕЛЬНОСТИ', 'статья в сборнике трудов конференции', 2015, 'русский'),
(25611349, 'ОСОБЕННОСТИ УЛЬТРАЗВУКОВОЙ КАРТИНЫ ГЕПАТОБИЛИАРНОЙ СИСТЕМЫ У ЛИЦ ПОЖИЛОГО ВОЗРАСТА С ЦИРРОЗОМ ПЕЧЕНИ', 'статья в журнале - материалы конференции', 59, 'русский'),
(25771352, 'НЕЙРОПРОТЕКЦИЯ МОЗГОВОГО ИНСУЛЬТА У ДЕТЕЙ В ВОССТАНОВИТЕЛЬНОМ ПЕРИОДЕ', 'статья в сборнике трудов конференции', 2015, 'русский'),
(25772148, 'ПРОБЛЕМЫ КОМБИНИРОВАННОЙ АНТИБАКТЕРИАЛЬНОЙ ТЕРАПИИ В ДЕТСКОЙ ПУЛЬМОНОЛОГИИ', 'статья в сборнике трудов конференции', 2015, 'русский'),
(25772405, 'УСТРАНЕНИЕ ПОСЛЕОЖОГОВЫХ РУБЦОВЫХ МИКРОСТОМИЙ У БОЛЬНЫХ С ЭПИЛЕПСИЕЙ', 'статья в сборнике трудов конференции', 2015, 'русский'),
(25785353, 'ВОПРОСЫ И ПРОБЛЕМЫ ФАРМАКОТЕРАПИИ В ГЕРИАТРИИ', 'статья в сборнике трудов конференции', 2015, 'русский'),
(25789280, 'ПРИМЕНЕНИЕ ПРЕПАРАТА ЦЕРЕБРОЛИЗИН В КОМПЛЕКСНОМ ЛЕЧЕНИИ КОГНИТИВНЫХ НАРУШЕНИЙ ПРИ СОСУДИСТЫХ ПОРАЖЕНИЯХ ГОЛОВНОГО МОЗГА', 'статья в сборнике трудов конференции', 2015, 'русский'),
(25789388, 'ПРИМЕНЕНИЕ ДОНЕПЕЗИЛА У ПАЦИЕНТОВ С КОГНИТИВНЫМИ РАССТРОЙСТВАМИ НА ФОНЕ САХАРНОГО ДИАБЕТА 2 ТИПА', 'статья в сборнике трудов конференции', 2015, 'русский'),
(25789730, 'ИЗМЕНЕНИЕ ЛИПИДНОГО ОБМЕНА У БОЛЬНЫХ С ДИСЦИРКУЛЯТОРНОЙ ЭНЦЕФАЛОПАТИЕЙ', 'статья в сборнике трудов конференции', 2015, 'русский'),
(25789776, 'ФАРМАКОЭПИДЕМИОЛОГИЯ АНТИБАКТЕРИАЛЬНОЙ ТЕРАПИИ ПРИ ПАТОЛОГИИ БЕРЕМЕННЫХ', 'статья в сборнике трудов конференции', 2015, 'русский'),
(25790086, 'ОСОБЕННОСТИ ВЫРАЖЕННОСТИ ВЕГЕТАТИВНЫХ ПРОЯВЛЕНИЙ У БОЛЬНЫХ С ПОСТИНСУЛЬТНОЙ ДЕПРЕССИЕЙ В ЗАВИСИМОСТИ ОТ ПОЛУШАРНОЙ ЛАТЕРАЛИЗАЦИИ ПАТОЛОГИЧЕСКОГО ОЧАГА', 'статья в сборнике трудов конференции', 2015, 'русский'),
(25921725, 'ВТОРОЕ РОЖДЕНИЕ ДРЕВНЕГО БАЛЬЗАМА', 'статья в журнале - материалы конференции', 70, 'русский'),
(26001506, 'ТРЕВОЖНО-ДЕПРЕССИВНЫЕ РАССТРОЙСТВА И СИФИЛИС', 'статья в журнале - научная статья', 121, 'русский'),
(26001860, 'ПОСЛЕОПЕРАЦИОННЫЕ КОГНИТИВНЫЕ НАРУШЕНИЯ У ГЕРИАТРИЧЕСКИХ БОЛЬНЫХ И ИХ ПРОФИЛАКТИКА', 'статья в журнале - научная статья', 256, 'русский'),
(26028931, 'ФУНКЦИОНАЛЬНОЕ СОСТОЯНИЕ ЩИТОВИДНОЙ ЖЕЛЕЗЫ У ДЕТЕЙ С БРОНХИАЛЬНОЙ АСТМОЙ В УСЛОВИЯХ ФЕРГАНСКОЙ ДОЛИНЫ', 'статья в журнале - краткое сообщение', 69, 'русский'),
(26200856, 'ЛИМФОТРОПНАЯ ПРОФИЛАКТИКА И ЛЕЧЕНИЕ ПОСЛЕОПЕРАЦИОННЫХ ПНЕВМОНИЙ В АБДОМИНАЛЬНОЙ ХИРУРГИИ', 'статья в сборнике трудов конференции', 2016, 'русский'),
(26200857, 'ВЫБОР РЕГИОНА ЛИМФОТРОПНО-АНТИБАКТЕРИАЛЬНОЙ ТЕРАПИИ ПРИ ОСТРОМ АППЕНДИЦИТЕ, СОЧЕТАННЫМ С ВОСПАЛИТЕЛЬНЫМИ ЗАБОЛЕВАНИЯМИ ОРГАНОВ ГЕНИТАЛИЙ', 'статья в сборнике трудов конференции', 2016, 'русский'),
(26200899, 'СРАВНИТЕЛЬНАЯ ОЦЕНКА ХИРУРГИЧЕСКИХ МЕТОДОВ ЛЕЧЕНИЯ БОЛЬНЫХ ОСТРЫМ КАЛЬКУЛЕЗНЫМ ХОЛЕЦИСТИТОМ, ОСЛОЖНЕННЫМ МЕХАНИЧЕСКОЙ ЖЕЛТУХОЙ', 'статья в сборнике трудов конференции', 2016, 'русский'),
(26200900, 'СОВРЕМЕННЫЕ МЕДИЦИНСКИЕ ТЕХНОЛОГИИ В ДИАГНОСТИКЕ И ЛЕЧЕНИИ ОСТРОГО ХОЛЕЦИСТИТА ОСЛОЖНЕННОМ ХОЛЕДОХОЛИТИАЗОМ', 'статья в сборнике трудов конференции', 2016, 'русский'),
(26200901, 'РОЛЬ ЛИМФАТИЧЕСКОЙ СИСТЕМЫ НА ВСАСЫВАНИЕ ЖИРОВ В КИШЕЧНИКЕ ПОСЛЕ РЕЗЕКЦИИ ЖЕЛУДКА', 'статья в сборнике трудов конференции', 2016, 'русский'),
(26200902, 'ИЗУЧЕНИЕ ВСАСЫВАТЕЛЬНОЙ ОСОБЕННОСТИ ЛИМФАТИЧЕСКИХ СОСУДОВ КИШЕЧНИКА ПОСЛЕ РЕЗЕКЦИИ ЖЕЛУДКА', 'статья в сборнике трудов конференции', 2016, 'русский'),
(26200903, 'ИЗУЧЕНИЕ КОМПЕНСАТОРНО-ПРИСПОСОБИТЕЛЬНОЙ РЕАКЦИИ ЛИМФАТИЧЕСКИХ СОСУДОВ ТОНКОЙ КИШКИ ПОСЛЕ РЕЗЕКЦИИ ЖЕЛУДКА', 'статья в сборнике трудов конференции', 2016, 'русский'),
(26230055, 'ИЗМЕНЕНИЯ ПОКАЗАТЕЛЕЙ АРТЕРИАЛЬНОГО ДАВЛЕНИЯ НОВОРОЖДЕННЫХ, РОДИВШИХСЯ ОТ ЖЕНЩИН С ПРЕЭКЛАМП-СИЕЙ', 'статья в журнале - материалы конференции', 208, 'русский'),
(26230056, 'ОЧАГИ ХРОНИЧЕСКОЙ ИНФЕКЦИИ И АРТЕРИАЛЬНАЯ ГИПЕРТЕНЗИЯ У ДЕТЕЙ', 'статья в журнале - материалы конференции', 209, 'русский'),
(26385565, 'ВЗАИМОСВЯЗЬ УРОГЕНИТАЛЬНОЙ ИНФЕКЦИИ С ПРЕЖДЕВРЕМЕННЫМИ РОДАМИ', 'статья в журнале - научная статья', 107, 'русский'),
(26385566, 'СТРУКТУРА ВЫСЕВАЕМОЙ МИКРОФЛОРЫ У БЕРЕМЕННЫХ С ПРЕЖДЕВРЕМЕННЫМ РАЗРЫВОМ ПЛОДНЫХ ОБОЛОЧЕК', 'статья в журнале - научная статья', 112, 'русский'),
(26452280, 'МЕСТНОЕ ЛЕЧЕНИЕ ИНФИЛЬТРАТИВНО-НАГНОИТЕЛЬНОЙ ТРИХОФИТИИ ЛОБКОВОЙ ОБЛАСТИ ПРЕПАРАТОМ ЦИКЛОПИРОКСОЛАМИНА', 'статья в журнале - материалы конференции', 27, 'русский'),
(26452281, 'ТЕРАПИЯ ИНФИЛЬТРАТИВНО-НАГНОИТЕЛЬНОЙ ТРИХОФИТИИ КОМБИНИРОВАННЫМ АНТИСЕПТИЧЕСКИМ ПРЕПАРАТОМ', 'статья в журнале - материалы конференции', 29, 'русский'),
(26452305, 'ИТРАКОНАЗОЛ В ТЕРАПИИ БОЛЬНЫХ ОНИХОМИКОЗАМИ СТОП И КИСТЕЙ', 'статья в журнале - материалы конференции', 91, 'русский'),
(26452337, 'ОПТИМИЗАЦИЯ ФАРМАКОТЕРАПИИ КАНДИДОЗОВ У ЖЕНЩИН ФЕРТИЛЬНОГО ВОЗРАСТА', 'статья в журнале - материалы конференции', 194, 'русский'),
(26452338, 'БИОПЛЕНКИ ГРИБОВ: РЕШАЮЩАЯ РОЛЬ ИНИЦИАТОРА СБОРКИ В ПРОЛОНГИРОВАНИИ РЕЗИСТЕНТНОСТИ И ДЕГРАДАЦИИ', 'статья в журнале - материалы конференции', 195, 'русский'),
(26472330, 'БИОЛОГИЧЕСКОЕ СОЗРЕВАНИЕ ДЕВОЧЕК, ЗАНИМАЮЩИХСЯ СПОРТОМ', 'статья в журнале - научная статья', 39, 'русский'),
(26472346, 'СОСТОЯНИЕ НОВОРОЖДЕННЫХ В ПЕРИОДЕ АДАПТАЦИИ, РОДИВШИХСЯ ОТ ЖЕНЩИН С ХРОНИЧЕСКИМ ВИРУСНЫМ ГЕПАТИТОМ', 'статья в журнале - научная статья', 51, 'русский'),
(26472347, 'ИЗУЧЕНИЕ МАТОЧНО-ПЛАЦЕНТАРНО-ПЛОДОВОГО КРОВОТОКА У ПЛОДА ЖЕНЩИН, СТРАДАЮЩИХ ХРОНИЧЕСКИМ ВИРУСНЫМ ГЕПАТИТОМ МИНИМАЛЬНОЙ СТЕПЕНИ АКТИВНОСТИ', 'статья в журнале - научная статья', 51, 'русский'),
(26472348, 'МОРФОЛОГИЧЕСКИЕ ИЗМЕНЕНИЯ ПЛАЦЕНТЫ ПРИ ФЕТОПЛАЦЕНТАРНОЙ НЕДОСТАТОЧНОСТИ НА ФОНЕ УРОГЕНИТАЛЬНОЙ ИНФЕКЦИИ', 'статья в журнале - научная статья', 52, 'русский'),
(26472349, 'СОСТОЯНИЕ ВАГИНАЛЬНОГО БИОЦЕНОЗА У ЖЕНЩИН С ПРЕЖДЕВРЕМЕННЫМИ РОДАМИ', 'статья в журнале - научная статья', 52, 'русский'),
(26472351, 'БИОХИМИЧЕСКОЕ ИЗМЕНЕНИЕ ФЕТОПЛАЦЕНТАРНОГО КОМПЛЕКСА У ЖЕНЩИН С ПРЕЖДЕВРЕМЕННЫМИ РОДАМИ ИНФЕКЦИОННОГО ГЕНЕЗА', 'статья в журнале - научная статья', 54, 'русский'),
(26472352, 'ПРИМЕНЕНИЕ ЗИДОВУДИНА У ВИЧ-ИНФИЦИРОВАННЫХ БЕРЕМЕННЫХ', 'статья в журнале - научная статья', 54, 'русский'),
(26472359, 'АНАЛИЗ ПЕРИНАТАЛЬНЫХ ИСХОДОВ У БЕРЕМЕННЫХ С ХРОНИЧЕСКИМ ВИРУСНЫМ ГЕПАТИТОМ', 'статья в журнале - научная статья', 59, 'русский'),
(26472375, 'ИЗУЧЕНИЕ МЕНСТРУАЛЬНО-ОВАРИАЛЬНОГО ЦИКЛА У ЖЕНЩИН С АУТОИММУННЫМ ООФОРИТОМ', 'статья в журнале - научная статья', 69, 'русский'),
(26472388, 'ЗНАЧЕНИЕ ИММУНОКОРРЕКЦИИ ПРИ ХИМИОТЕРАПИИ РАКА МОЛОЧНОЙ ЖЕЛЕЗЫ', 'статья в журнале - научная статья', 79, 'русский'),
(26481230, 'ТЕРАПИЯ ПОВЕРХНОСТНОГО КАНДИДОЗА КОЖИ КРЕМОМ ТЕРБИНАФИНА', 'статья в журнале - материалы конференции', 128, 'русский'),
(26481231, 'НАРУЖНАЯ ТЕРАПИЯ ЗООАНТРОПОНОЗНОЙ ТРИХОФИТИИ', 'статья в журнале - материалы конференции', 129, 'русский'),
(26481232, 'КРЕМ ТЕРБИНАФИНА В ТЕРАПИИ РАЗНОЦВЕТНОГО ЛИШАЯ', 'статья в журнале - материалы конференции', 131, 'русский'),
(26481272, 'ЛЕЧЕНИЕ БОЛЬНЫХ ЖЕЛУДОЧНО-КИШЕЧНОГО ТРАКТА С СОПУТСТВУЮЩИМ КАНДИДОЗОМ', 'статья в журнале - материалы конференции', 265, 'русский'),
(26492632, 'РЕНТГЕНОЛОГИЧЕСКИЙ ПРИЗНАК ХАРАКТЕРНЫЙ ДЛЯ ЗАВОРОТА СЛЕПОЙ КИШКИ 1 ТИПА', 'статья в журнале - научная статья', 57, 'русский'),
(26501419, 'ПРОФИЛАКТИКА ПЕРЕДАЧИ ВИЧ-ИНФЕКЦИИ ОТ МАТЕРИ РЕБЕНКУ', 'статья в журнале - материалы конференции', 64, 'русский'),
(26501420, 'РОЛЬ ИНФЕКЦИОННЫХ ЗАБОЛЕВАНИЙ ЛОР-ОРГАНОВ В ГЕНЕЗЕ ЖЕНСКОГО БЕСПЛОДИЯ И ИХ ВЛИЯНИЕ НА ФУНКЦИЮ ГИПОТАЛАМО-ГИПОФИЗАРНОЙ СИСТЕМЫ', 'статья в журнале - материалы конференции', 64, 'русский'),
(26506840, 'МЕТОДЫ ВНУТРЕННЕГО ДРЕНИРОВАНИЯ КИСТЫ ПОДЖЕЛУДОЧНОЙ ЖЕЛЕЗЫ', 'статья в журнале - научная статья', 45, 'русский'),
(26506841, 'ТАКТИЧЕСКИЕ АСПЕКТЫ ДИССЕМЕНИРОВАННОГО И ОСЛОЖНЕННОГО ЭХИНОКОККОЗА ОРГАНОВ БРЮШНОЙ ПОЛОСТИ', 'статья в журнале - научная статья', 47, 'русский'),
(26508438, 'ГАСТРОДУОДЕНАЛЬНАЯ АСПИРАЦИЯ В ПОСЛЕОПЕРАЦИОННОМ ПЕРИОДЕ, ЕЕ ЗНАЧЕНИЕ В ИЗМЕНЕНИИ ФЕРМЕНТНОГО ГОМЕОСТАЗА ПРИ ЯЗВЕННОЙ БОЛЕЗНИ ДВЕНАДЦАТИПЕРСТНОЙ КИШКИ', 'статья в журнале - научная статья', 74, 'русский'),
(26508439, 'ПУТИ УЛУЧШЕНИЯ РЕЗУЛЬТАТОВ ХИРУРГИЧЕСКОГО ЛЕЧЕНИЯ ЯЗВЕННОЙ БОЛЕЗНИ ЖЕЛУДКА И ДВЕНАДЦАТИПЕРСТНОЙ КИШКИ', 'статья в журнале - научная статья', 78, 'русский'),
(26508440, 'ХИРУРГИЧЕСКАЯ ТАКТИКА ПРИ ДУОДЕНАЛЬНЫХ КРОВОТЕЧЕНИЯХ ЯЗВЕННОГО ГЕНЕЗА', 'статья в журнале - научная статья', 81, 'русский'),
(26509535, 'ЮНОШЕСКАЯ АНГИОФИБРОМА ОСНОВАНИЯ ЧЕРЕПА', 'статья в журнале - научная статья', 9, 'русский'),
(26564966, 'ПРОФИЛАКТИКА РАЗВИТИЯ МИОПИИ У ШКОЛЬНИКОВ', 'статья в журнале - научная статья', 144, 'русский'),
(26638982, 'ПРОФИЛАКТИКА СПАЗМА АККОМОДАЦИИ У ДЕТЕЙ', 'статья в журнале - научная статья', 133, 'русский'),
(27197046, 'СОСТОЯНИЕ ВЕГЕТАТИВНОЙ НЕРВНОЙ СИСТЕМЫ ВО ВЗАИМОСВЯЗИ С ИЗМЕНЕНИЕМ СТЕРОИДНОГО ПРОФИЛЯ ПРИ ЮВЕНИЛЬНОЙ ДИСМЕНОРЕЕ У ДЕВУШЕК С ДИСПЛАЗИЕЙ СОЕДИНИТЕЛЬНОЙ ТКАНИ', 'статья в журнале - научная статья', 229, 'русский'),
(27470079, 'РОЛЬ НАЗОГАСТРОДУОДЕНАЛЬНОГО ЗОНДИРОВАНИЯИ АСПИРАЦИИ В ПРОФИЛАКТИКЕ НАРУШЕНИЙ ГОМЕОСТАЗА ПИЩЕВАРИТЕЛЬНЫХ ФЕРМЕНТОВ У БОЛЬНЫХ ЯЗВЕННОЙ БОЛЕЗНЬЮ ДВЕНАДЦАТИПЕРСТНОЙ КИШКИ', 'статья в журнале - научная статья', 30, 'русский'),
(27881567, 'CANCER EPIDEMIOLOGY AND CONTROL IN NORTH-WESTERN AND CENTRAL ASIA - PAST, PRESENT AND FUTURE', 'статья в журнале - обзорная статья', 17, 'английский'),
(27945096, 'DRUG USE IN CHILDREN HOSPITALIZED WITH CARDIO-RHEUMATOLOGIC DISEASES IN ANDIJAN, UZBEKISTAN: A CROSS-SECTIONAL DESCRIPTIVE STUDY', 'статья в журнале - научная статья', 11, 'английский'),
(28228007, 'НАРУШЕНИЯ МИКРОФЛОРЫ ТОЛСТОГО КИШЕЧНИКА У БОЛЬНЫХ ДЕТЕЙ С ОЖОГОВОЙ БОЛЕЗНЬЮ ОТ 1 ДО 3 ЛЕТ', 'статья в сборнике трудов конференции', 2016, 'русский'),
(28228009, 'ИЗУЧЕНИЕ ИММУНОТРОПНЫХ СВОЙСТВ БИОПРЕПАРАТОВ', 'статья в сборнике трудов конференции', 2016, 'русский'),
(28394638, 'СОСТОЯНИЕ ИММУНОЛОГИЧЕСКИХ ПОКАЗАТЕЛЕЙ В СВЯЗИ С ИММУНИЗАЦИЕЙ СОСУДИСТО-ТКАНЕВЫМ ГОМОАНТИГЕНОМ', 'статья в сборнике трудов конференции', 2016, 'русский'),
(28394642, 'ПАТОМОРФОЛОГИЧЕСКИЕ И ИММУННЫЕ СДВИГИ ПРИ ВВЕДЕНИИ АНАЛОГИЧНОГО АНТИГЕНА', 'статья в сборнике трудов конференции', 2016, 'русский'),
(28394879, 'ЭКОЛОГИЧЕСКИЕ АСПЕКТЫ ЗАГРЯЗНЕНИЯ АТМОСФЕРНОГО ВОЗДУХА', 'статья в сборнике трудов конференции', 2016, 'русский'),
(28394881, 'СОВРЕМЕННЫЕ ВОПРОСЫ ПАТОФИЗИОЛОГИЧЕСКИХ АСПЕКТОВ ВЛИЯНИЯ ПЕСТИЦИДОВ НА ЗДОРОВЬЕ ЧЕЛОВЕКА', 'статья в сборнике трудов конференции', 2016, 'русский'),
(28394882, 'БЕЛКОВО-ЛИПИДНЫЙ ПРОФИЛЬ КРОВИ ПРИ АУТОИММУННЫХ СОСТОЯНИЯХ В ЭКСПЕРИМЕНТЕ', 'статья в сборнике трудов конференции', 2016, 'русский'),
(28394883, 'ПРИМЕНЕНИЕ ИВЕРМЕКТИНА У БОЛЬНЫХ ЧЕСОТКОЙ В УСЛОВИЯ АНДИЖАНСКОЙ ОБЛАСТИ', 'статья в сборнике трудов конференции', 2016, 'русский'),
(28410774, 'ХАРАКТЕРНЫЕ ОСОБЕННОСТИ ДИСЛИПИДЕМИИ СРЕДИ НАСЕЛЕНИЯ ФЕРГАНСКОЙ ДОЛИНЫ В ЗАВИСИМОСТИ ОТ ВОЗРАСТА', 'статья в сборнике трудов конференции', 2017, 'русский');
INSERT INTO `publications` (`id`, `title`, `type`, `year`, `language`) VALUES
(28410775, 'СОЧЕТАНИЕ ФАКТОРОВ РИСКА СЕРДЕЧНО СОСУДИСТЫХ ЗАБОЛЕВАНИЙ У МУЖЧИН И ЖЕНЩИН ФЕРГАНСКОЙ ДОЛИНЫ', 'статья в сборнике трудов конференции', 2017, 'русский'),
(28410776, 'СРАВНИТЕЛЬНЫЙ АНАЛИЗ СТРУКТУРЫ ДИСЛИПИДЕМИИ У МУЖЧИН И ЖЕНЩИН ФЕРГАНСКОЙ ДОЛИНЫ', 'статья в сборнике трудов конференции', 2017, 'русский'),
(28410788, 'ОЦЕНКА УРОВНЕЙ ДЕЗАДАПТАЦИИ У МИГРАНТОВ И НЕДВИГАЮЩЕГОСЯ НАСЕЛЕНИЯ С ЯЗВЕННОЙ БОЛЕЗНЬЮ ЖЕЛУДКА И ДВЕНАДЦАТИПЕРСТНОЙ КИШКИ', 'статья в сборнике трудов конференции', 2017, 'русский'),
(28410792, 'МИГРАЦИОННЫЕ ПРОЦЕССЫ В РАЗВИТИИ ЯЗВЕННОЙ БОЛЕЗНИ ЖЕЛУДКА И ДВЕНАДЦАТИПЕРСТНОЙ КИШКИ', 'статья в сборнике трудов конференции', 2017, 'русский'),
(28872684, 'ГОМЕОСТАЗ ПИЩЕВАРИТЕЛЬНЫХ ФЕРМЕНТОВ У БОЛЬНЫХ С ДУОДЕНАЛЬНЫМИ ЯЗВАМИ', 'статья в журнале - научная статья', 27, 'русский'),
(28872690, 'ХИРУРГИЧЕСКАЯ ТАКТИКА ПРИ ПОСЛЕОПЕРАЦИОННЫХ И РЕЦИДИВНЫХ ВЕНТРАЛЬНЫХ ГРЫЖАХ', 'статья в журнале - научная статья', 50, 'русский'),
(28872706, 'СОЧЕТАНИЕ ОСТРОГО АППЕНДИЦИТА С ЗАВОРОТОМ ЖИРОВОГО ПОДВЕСКА СЛЕПОЙ КИШКИ (СЛУЧАЙ ИЗ ПРАКТИКИ)', 'статья в журнале', 110, 'русский'),
(28875227, 'ВОПРОСЫ ОРГАНИЗАЦИИ МНОГОПРОФИЛЬНОЙ МЕДИЦИНСКОЙ ПОМОЩИ БОЛЬНЫМ ИНФЕКЦИЕЙ МОЧЕВОГО ТРАКТА НА ФОНЕ ВИЧ/СПИД', 'статья в журнале - краткое сообщение', 77, 'русский'),
(28945184, 'КИСТОЗНЫЙ ПНЕВМАТОЗ СИГМОВИДНОЙ КИШКИ, ОСЛОЖНЕННЫЙ ПЕРФОРАЦИЕЙ И ПЕРИТОНИТОМ (СЛУЧАЙ ИЗ ПРАКТИКИ)', 'статья в журнале - научная статья', 128, 'русский'),
(29040626, 'СОВРЕМЕННЫЕ МЕТОДЫ ДИАГНОСТИКИ БОЛЬНЫХ С НЕПРОХОДИМОСТЬЮ ПРАВОЙ ПОЛОВИНЫ ТОЛСТОЙ КИШКИ', 'статья в журнале - научная статья', 85, 'русский'),
(29040640, 'ИССЛЕДОВАНИЕ ГОРМОНАЛЬНОГО СТАТУСА У БОЛЬНЫХ РАКОМ ЯИЧНИКОВ С РАЗЛИЧНЫМИ ГИСТОЛОГИЧЕСКИМИ ВИДАМИ ОПУХОЛИ', 'статья в журнале - научная статья', 133, 'русский'),
(29125924, 'ФЛАВОНОИДЫ RUSSOWIA SOGDIANA (BGE). FEDSCH', 'статья в сборнике трудов конференции', 2017, 'русский'),
(29186778, 'ВОЗРАСТНЫЕ ОСОБЕННОСТИ СТРУКТУРНЫХ ПРЕОБРАЗОВАНИЙ КОРЫ ОСТРОВКОВОЙ ДОЛИ (ПОЛЕЙ 13, 14) ГОЛОВНОГО МОЗГА ЧЕЛОВЕКА', 'диссертация', 0, 'русский'),
(29187340, 'РОЛЬ АДИПОКИНОВ, ТРИГЛИЦЕРИДОВ И СВОБОДНЫХ ЖИРНЫХ КИСЛОТ В РАЗВИТИИ ИНСУЛИНОРЕЗИСТЕНТНОСТИ ПРИ МЕТАБОЛИЧЕСКОМ СИНДРОМЕ', 'статья в журнале - научная статья', 70, 'русский'),
(29187347, 'К ЦЕНТИЛЬНЫМ ХАРАКТЕРИСТИКАМ ОСНОВНЫХ ПОКАЗАТЕЛЕЙ ФИЗИЧЕСКОГО РАЗВИТИЯ ШКОЛЬНИКОВ В ВОЗРАСТЕ 12-16 ЛЕТ', 'статья в журнале - научная статья', 98, 'русский'),
(29270932, 'ВОЗРАСТНЫЕ И ИНДИВИДУАЛЬНЫЕ ИЗМЕНЕНИЯ ЦИТОАРХИТЕКТОНИКИ КОРКОВЫХ ПОЛЕЙ 17, 18, 19 ЗАТЫЛОЧНОЙ ОБЛАСТИ В ЛЕВОМ И ПРАВОМ ПОЛУШАРИЯХ МОЗГА ЧЕЛОВЕКА', 'диссертация', 0, 'русский'),
(29271095, 'ВОЗРАСТНЫЕ ПРЕОБРАЗОВАНИЯ ЦИТОАРХИТЕКТОНИКИ КОРКОВЫХ ФОРМАЦИЙ ЭНТОРИНАЛЬНОЙ ОБЛАСТИ И ГИППОКАМПА (ПОЛЯ 28 И 34 ПО БРОДМАНУ) МОЗГА ЧЕЛОВЕКА', 'диссертация', 0, 'русский'),
(29331771, 'ДИАГНОСТИЧЕСКИЕ КРИТЕРИИ ЭХИНОКОККОЗА ПЕЧЕНИ И МЕРЫ ПРОФИЛАКТИКИ ЕГО РЕЦИДИВА', 'статья в журнале - научная статья', 65, 'русский'),
(29331772, 'ОБОСНОВАНИЕ ДЕКОМПРЕССИИ И ЖЕЛУДОЧНО-КИШЕЧНОГО ЛАВАЖА ОБЛАСТИ АНАСТОМОЗОВ В ХИРУРГИИ ЯЗВЕННОЙ БОЛЕЗНИ ЖЕЛУДКА И ДВЕНАДЦАТИПЕРСТНОЙ КИШКИ', 'статья в журнале - научная статья', 71, 'русский'),
(29331773, 'ОПТИМИЗАЦИЯ ХИРУРГИЧЕСКОЙ ТАКТИКИ ПРИ ОСЛОЖНЕННОМ МНОЖЕСТВЕННОМ ЭХИНОКОККОЗЕ БРЮШНОЙ ПОЛОСТИ', 'статья в журнале - научная статья', 75, 'русский'),
(29331812, 'ПОКАЗАТЕЛИ ДОППЛЕРОМЕТРИИ У БЕРЕМЕННЫХ С АНТИФОСФОЛИПИДНЫМ СИНДРОМОМ НА ФОНЕ КОМПЛЕКСНОГО ЛЕЧЕНИЯ ЭССЕНЦИАЛЕ ФОРТЕ Н', 'статья в журнале - научная статья', 79, 'русский'),
(29331814, 'СОДЕРЖАНИЕ ЦИТОКИНОВ У БЕРЕМЕННЫХ С АНТИФОСФОЛИПИДНЫМ СИНДРОМОМ', 'статья в журнале - научная статья', 85, 'русский'),
(29417114, 'ВЛИЯНИЕ БЕЛКОВ И ИХ ГИДРОЛИЗАТОВ НА ПЕРЕВАРИВАЕМОСТЬ ЖИРОВ', 'статья в журнале - научная статья', 6, 'русский'),
(29434508, 'РЕАБИЛИТАЦИЯ ДЕТЕЙ С ВРОЖДЕННЫМИ ПОРОКАМИ СЕРДЦА', 'тезисы доклада на конференции', 2016, 'русский'),
(29735880, 'ОСТРЫЙ КАЛЬКУЛЕЗНЫЙ ХОЛЕЦИСТИТ: НЕРЕШЕННЫЕ ПРОБЛЕМЫ И ПУТИ УЛУЧШЕНИЯ РЕЗУЛЬТАТОВ ХИРУРГИЧЕСКОГО ЛЕЧЕНИЯ', 'статья в журнале - материалы конференции', 0, 'русский'),
(29735881, 'ОЦЕНКА ОТДАЛЕННЫХ РЕЗУЛЬТАТОВ ХИРУРГИЧЕСКОГО ЛЕЧЕНИЯ БОЛЬНЫХ С ОСТРЫМ КАЛЬКУЛЕЗНЫМ ХОЛЕЦИСТИТОМ', 'статья в журнале - материалы конференции', 0, 'русский'),
(29735882, 'ПЕРВИЧНАЯ РЕЗЕКЦИЯ ЖЕЛУДКА ПРИ ПЕРФОРАТИВНЫХ ЯЗВАХ ДВЕНАДЦАТИПЕРСТНОЙ КИШКИ', 'статья в журнале - материалы конференции', 0, 'русский'),
(29735883, 'ОТДАЛЕННЫЕ РЕЗУЛЬТАТЫ ИНВАГИНАЦИОННОГО ИЛЕОТРАНСВЕРЗОАНАСТОМОЗА', 'статья в журнале - материалы конференции', 0, 'русский'),
(29736101, 'МИНИЛАПАРОТОМИЯ ПРИ ОСТРОМ ХОЛЕЦИСТИТЕ У ПОЖИЛЫХ', 'статья в журнале - материалы конференции', 0, 'русский'),
(29736102, 'МЕТОД ХИРУРГИЧЕСКОГО ЛЕЧЕНИЯ РЕЦИДИВНОГО ЭХИНОКОККОЗА ПЕЧЕНИ', 'статья в журнале - материалы конференции', 0, 'русский'),
(29736103, 'ДРЕНИРОВАНИЕ ЖЕЛЧНЫХ ПРОТОКОВ ПРИ ЖЕЛЧНОКАМЕННОЙ БОЛЕЗНИ, ОСЛОЖНЕННОЙ МЕХАНИЧЕСКОЙ ЖЕЛТУХОЙ', 'статья в журнале - материалы конференции', 0, 'русский'),
(29736104, 'ИНВАГИНАЦИОННЫЙ МЕТОД ЛИКВИДАЦИИ ОСТАТОЧНОЙ ПОЛОСТИ ПРИ ЭХИНОКОККЭКТОМИИ ПЕЧЕНИ', 'статья в журнале - материалы конференции', 0, 'русский'),
(29736110, 'ВЫБОР ХИРУРГИЧЕСКОГО ДОСТУПА ПРИ РЕЦИДИВНОЙ И ДИССЕМИНИРОВАННОЙ ФОРМЕ ЭХИНОКОККОЗА ПЕЧЕНИ', 'статья в журнале - материалы конференции', 0, 'русский'),
(29736181, 'ПУТИ ПРОФИЛАКТИКИ ГНОЙНО-ВОСПАЛИТЕЛЬНЫХ ОСЛОЖНЕНИЙ В МАЛОИНВАЗИВНОЙ ХИРУРГИИ ХОЛЕЦИСТОЛИТИАЗА', 'статья в журнале - материалы конференции', 0, 'русский'),
(29769851, 'СРАВНИТЕЛЬНАЯ ОЦЕНКА ПОКАЗАТЕЛЕЙ ФИЗИЧЕСКОГО РАЗВИТИЯ ДЕТЕЙ-СПОРТСМЕНОВ ФЕРГАНСКОЙ ОБЛАСТИ', 'статья в журнале - научная статья', 31, 'русский'),
(29769852, 'ХАРАКТЕРИСТИКА МЫШЕЧНО-ДВИГАТЕЛЬНЫХ ВОЗМОЖНОСТЕЙ ДЕТЕЙ-СПОРТСМЕНОВ В ЗАВИСИМОСТИ ОТ УРОВНЯ ИХ ФИЗИЧЕСКОГО РАЗВИТИЯ', 'статья в журнале - научная статья', 34, 'русский'),
(29769869, 'РЕНТГЕНОЛОГИЧЕСКОЕ ОБОСНОВАНИЕ УДЛИНЕНИЯ МОЧЕТОЧНИКА ПРИ ЕГО ПРОДОЛЬНОМ ДОЗИРОВАННОМ РАСТЯЖЕНИИ (ЭКСПЕРИМЕНТАЛЬНАЯ РАБОТА)', 'статья в журнале - научная статья', 83, 'русский'),
(29769871, 'МОРФОФУНКЦИОНАЛЬНЫЕ ИЗМЕНЕНИЯ ЦИТОАРХИТЕКТОНИКИ СТЕНКИ МОЧЕТОЧНИКА У СОБАК ПРИ ПРОДОЛЬНОМ ЕГО РАСТЯЖЕНИИ (ЭКСПЕРИМЕНТАЛЬНАЯ РАБОТА)', 'статья в журнале - научная статья', 91, 'русский'),
(29769876, 'ЭКСПЕРИМЕНТАЛЬНОЕ ОБОСНОВАНИЕ О ВОЗМОЖНОСТИ ПРИМЕНЕНИЯ РЕГИОНАЛЬНОЙ ЭНДОЛИМФАТИЧЕСКОЙ ТЕРАПИИ ПРИ ОСТРОЙ ТОНКОКИШЕЧНОЙ НЕПРОХОДИМОСТИ', 'статья в журнале - научная статья', 9, 'русский'),
(29769880, 'ДИАГНОСТИЧЕСКИЕ КРИТЕРИИ ОСТРОГО КОРОНАРНОГО СИНДРОМА', 'статья в журнале - научная статья', 27, 'русский'),
(29769882, 'ТИРЕОИДНЫЙ СТАТУС ЖЕНЩИН, ПРОЖИВАЮЩИХ В АНДИЖАНСКОЙ ОБЛАСТИ, В ЗАВИСИМОСТИ ОТ УРОВНЯ ТТГ', 'статья в журнале - научная статья', 36, 'русский'),
(29769892, 'ВЗАИМОСВЯЗЬ СОСТОЯНИЯ СОЕДИНИТЕЛЬНОЙ ТКАНИ И МАГНИЕВОГО ДЕФИЦИТА ПРИ ЮВЕНИЛЬНОЙ ДИСМЕНОРЕЕ', 'статья в журнале - научная статья', 74, 'русский'),
(29815594, 'ФУНКЦИОНАЛЬНОЕ СОСТОЯНИЕ ГИПОФИЗАРНО-ЯИЧНИКОВОЙ СИСТЕМЫ У БОЛЬНЫХ АТОПИЧЕСКИМ ДЕРМАТИТОМ В ПРОЦЕССЕ ЛАЗЕРНОЙ ТЕРАПИИ', 'статья в журнале - материалы конференции', 78, 'русский'),
(29815670, 'ПСИХОТЕРАПИЯ ПРИ ЛЕЧЕНИИ ТРЕВОЖНО-ФОБИЧЕСКИХ РАССТРОЙСТВ', 'статья в журнале - материалы конференции', 200, 'русский'),
(29815671, 'ЭКСТРЕННАЯ ПОМОЩЬ ПАЦИЕНТАМ С НЕЗАВЕРШЕННЫМИ СУИЦИДАМИ', 'статья в журнале - материалы конференции', 201, 'русский'),
(29815917, 'ФУНКЦИОНАЛЬНОЕ СОСТОЯНИЕ ГИПОФИЗАРНО-ЯИЧНИКОВОЙ СИСТЕМЫ У БОЛЬНЫХ АТОПИЧЕСКИМ ДЕРМАТИТОМ В ПРОЦЕССЕ ЛАЗЕРНОЙ ТЕРАПИИ', 'статья в журнале - материалы конференции', 90, 'русский'),
(29834339, 'ОТНОШЕНИЕ К СВОЕМУ ЗДОРОВЬЮ И ПРОФИЛАКТИКЕ ПОВЫШЕННОГО АРТЕРИАЛЬНОГО ДАВЛЕНИЯ У ВИЧ-ИНФИЦИРОВАННОГО НАСЕЛЕНИЯ ФЕРГАНСКОЙ ДОЛИНЫ', 'тезисы доклада на конференции', 2014, 'русский'),
(29834426, 'РАСПРОСТРАНЕННОСТЬ ГИПЕРТУРИКЕМИИ СРЕДИ ПОПУЛЯЦИИ ВИЧ-ПОЗИТИВНОГО НАСЕЛЕНИЯ В ГРУППАХ, РАЗЛИЧНЫХ ПО СОЦИАЛЬНОМУ ГРАДИЕНТУ', 'тезисы доклада на конференции', 2014, 'русский'),
(29834514, 'ВЛИЯНИЕ ДИСТАЛЬНОГО СПЛЕНОРЕНАЛЬНОГО АНАСТОМОЗА НА УРОВЕНЬ ПОРТАЛЬНОЙ ГИПЕРТЕНЗИИ И ФЛЕБЭКТАЗИЙ У ДЕТЕЙ С ЦИРРОЗОМ ПЕЧЕНИ', 'статья в сборнике трудов конференции', 2017, 'русский'),
(29834553, 'ВКЛАД МОДИФИЦИРУЕМЫХ СОМАТИЧЕСКИХ ФАКТОРОВ РИСКА В РАЗВИТИИ ПОВЫШЕННОГО АРТЕРИАЛЬНОГО ДАВЛЕНИЯ СРЕДИ ВИЧ-ПОЗИТИВНОГО НАСЕЛЕНИЯ', 'тезисы доклада на конференции', 2014, 'русский'),
(29834556, 'ВОЗРАСТНЫЕ ОСОБЕННОСТИ ЭПИДЕМИОЛОГИИ АРТЕРИАЛЬНОЙ ГИПЕРТЕНЗИИ СРЕДИ ВИЧ-ПОЗИТИВНОГО НАСЕЛЕНИЯ', 'тезисы доклада на конференции', 2014, 'русский'),
(29834619, 'РАСПРОСТРАНЕННОСТЬ ПРЕДГИПЕРТЕНЗИИ У ВИЧ-ИНФИЦИРОВАННОГО НАСЕЛЕНИЯ В ГРУППАХ, РАЗЛИЧНЫХ ПО ПРОФЕССИОНАЛЬНОМУ СТАТУСУ', 'тезисы доклада на конференции', 2014, 'русский'),
(29834620, 'РАСПРОСТРАНЕННОСТЬ ПРЕДГИПЕРТЕНЗИИ В ПОПУЛЯЦИИ ВИЧ-ИНФИЦИРОВАННЫХ', 'тезисы доклада на конференции', 2014, 'русский'),
(29838987, 'ТИРЕОИДНЫЙ СТАТУС У ЖЕНЩИН, ПРОЖИВАЮЩИХ В АНДИЖАНСКОЙ ОБЛАСТИ, В ЗАВИСИМОСТИ ОТ УРОВНЯ ТТГ', 'статья в сборнике трудов конференции', 2017, 'русский'),
(29846122, 'РОЛЬ СЕКРЕТОРНОЙ АКТИВНОСТИ ЖИРОВОЙ ТКАНИ В МЕТАБОЛИЧЕСКИХ ИЗМЕНЕНИЯХ У ПАЦИЕНТОВ С МЕТАБОЛИЧЕСКИМ СИНДРОМОМ', 'статья в журнале - научная статья', 33, 'русский'),
(29846139, 'ХАРАКТЕРИСТИКА КЛИНИЧЕСКИХ ПОКАЗАТЕЛЕЙ У ЖЕНЩИН С БЕСПЛОДИЕМ, ПРОЖИВАЮЩИХ В АНДИЖАНСКОЙ ОБЛАСТИ', 'статья в журнале - научная статья', 92, 'русский'),
(29846146, 'РОЛЬ МАРКЕРОВ ИНСУЛИНОРЕЗИСТЕНТНОСТИ И ГОРМОНОВ ЖИРОВОЙ ТКАНИ В ИНДУКЦИИ ФИБРОГЕНЕЗА ПРИ МЕТАБОЛИЧЕСКОМ СИНДРОМЕ', 'статья в журнале - научная статья', 123, 'русский'),
(29857780, 'СОСТОЯНИЕ КОСTНОГО ОБМЕНА У ЖЕНЩИН РАННЕГО ФЕРТИЛЬНОГО ВОЗРАСТА С НЕВЫНАШИВАНИЕМ БЕРЕМЕННОСТИ', 'статья в журнале - научная статья', 102, 'русский'),
(29857781, 'ПРИМЕНЕНИЕ МАГНЕ В6 С ЦЕЛЬЮ КОРРЕКЦИИ СОСТОЯНИЯ СОЕДИНИТЕЛЬНОЙ ТКАНИ ПРИ ЮВЕНИЛЬНОЙ ДИСМЕНОРЕЕ', 'статья в журнале - научная статья', 105, 'русский'),
(29857790, 'ВОЗРАСТНЫЕ ИЗМЕНЕНИЯ ЭХОПАРАМЕТРОВ ЯИЧНИКОВ В НОРМЕ И ПРИ ПЕРВИЧНОЙ АМЕНОРЕЕ У ДЕВУШЕК В ВОЗРАСТЕ 13-16 ЛЕТ', 'статья в журнале - научная статья', 133, 'русский'),
(29857791, 'СРАВНИТЕЛЬНАЯ ДИНАМИКА ЭХОПАРАМЕТРОВ МАТКИ В НОРМЕ И ПРИ ВТОРИЧНОЙ АМЕНОРЕЕ', 'статья в журнале - научная статья', 137, 'русский'),
(29873305, 'К ЛЕЧЕНИЮ ПСИХОГЕННОГО КОМПОНЕНТА БРОНХИАЛЬНОЙ АСТМЫ', 'тезисы доклада на конференции', 2016, 'русский'),
(29873380, 'ВЕГЕТАТИВНЫЕ НАРУШЕНИЯ У БОЛЬНЫХ С КАРДИАЛГИЕЙ', 'тезисы доклада на конференции', 2016, 'русский'),
(29879211, 'УЛЬТРАЗВУКОВАЯ ОЦЕНКА НОВООБРАЗОВАНИЙ ПОЧЕК', 'тезисы доклада на конференции', 2017, 'русский'),
(29879263, 'ОСОБЕННОСТИ УЛЬТРАЗВУКОВОЙ ДИАГНОСТИКИ ПРИОБРЕТЕННЫХ ПОРОКОВ СЕРДЦА', 'тезисы доклада на конференции', 2017, 'русский'),
(29879265, 'ОСОБЕННОСТИ УЛЬТРАЗВУКОВОЙ ДИАГНОСТИКИ ПАРАЗИТАРНЫХ ЗАБОЛЕВАНИЙ ПЕЧЕНИ', 'тезисы доклада на конференции', 2017, 'русский'),
(29879266, 'НЕКОТОРЫЕ АСПЕКТЫ УЛЬТРАЗВУКОВОЙ ДИАГНОСТИКИ ВРОЖДЕННЫХ ПОРОКОВ СЕРДЦА У ПЛОДА', 'тезисы доклада на конференции', 2017, 'русский'),
(29879302, 'НЕКОТОРЫЕ ОСОБЕННОСТИ УЛЬТРАЗВУКОВОЙ ДИАГНОСТИКИ ВАРИКОЗНО РАСШИРЕННЫХ ВЕН НИЖНИХ КОНЕЧНОСТЕЙ', 'тезисы доклада на конференции', 2017, 'русский'),
(29879355, 'ОСОБЕННОСТИ УЛЬТРАЗВУКОВОЙ ДИАГНОСТИКИ ПОРТАЛЬНОЙ ГИПЕРТЕНЗИИ', 'тезисы доклада на конференции', 2017, 'русский'),
(29879374, 'ОСОБЕННОСТИ УЛЬТРАЗВУКОВОЙ ДИАГНОСТИКИ КАРДИОМИОПАТИЙ', 'тезисы доклада на конференции', 2017, 'русский'),
(29879391, 'ВОЗМОЖНОСТИ МАГНИТНО-РЕЗОНАНСОВОЙ ТОМОГРАФИИ ПРИ ДИАГНОСТИКЕ ОПУХОЛЕЙ ПОЯСНИЧНО-КРЕСТЦОВОГО ОТДЕЛА ПОЗВОНОЧНИКА', 'тезисы доклада на конференции', 2017, 'русский'),
(29972927, 'СПРЕИ В ЛЕЧЕНИИ РАЗНОЦВЕТНОГО ЛИШАЯ', 'статья в журнале - материалы конференции', 54, 'русский'),
(29981089, 'ОСОБЕННОСТИ АМПЛИТУДНО-ИНТЕРВАЛЬНЫХ ПОКАЗАТЕЛЕЙ НА ЭКГ У ДЕТЕЙ В ВОЗРАСТЕ 1 МЕСЯЦА', 'статья в журнале - научная статья', 163, 'русский'),
(30004847, 'ЭФФЕКТИВНОСТЬ ИСПОЛЬЗОВАНИЯ ИММУНОТЕРАПИИ В КОМПЛЕКСНОМ ЛЕЧЕНИИ ОСТРЫХ ВНЕБОЛЬНИЧНЫХ ПНЕВМОНИЙ У ДЕТЕЙ РАННЕГО ВОЗРАСТА', 'статья в журнале - научная статья', 15, 'русский'),
(30091939, 'ЛЕЧЕНИЕ ПРЕПАРАТОМ ДЕРМОБАКТЕР БОЛЬНЫХ ИСТИННОЙ ЭКЗЕМОЙ', 'тезисы доклада на конференции', 2016, 'русский'),
(30091940, 'ПРЕДВАРИТЕЛЬНЫЕ РЕЗУЛЬТАТЫ ЭФФЕКТИВНОСТИ НОВОГО ПРЕПАРАТА ЛИПОВИТИЛИН В ТЕРАПИИ БОЛЬНЫХ ВИТИЛИГО', 'тезисы доклада на конференции', 2016, 'русский'),
(30091941, 'ДЕРМАТОЛОГИЧЕСКИЙ ИНДЕКС КАЧЕСТВА ЖИЗНИ У БОЛЬНЫХ ЧЕСОТКОЙ', 'тезисы доклада на конференции', 2016, 'русский'),
(30091942, 'НАРУЖНАЯ ТЕРАПИЯ ИНФИЛЬТРАТИВНО-НАГНОИТЕЛЬНОЙ ТРИХОФИТИИ НАСТОЙКОЙ ВИТАДЕРМ', 'тезисы доклада на конференции', 2016, 'русский'),
(30290513, 'ИЗМЕНЕНИЕ ПАНКРЕАТИЧЕСКОЙ СЕКРЕЦИИ У КРЫС ПРИ ВНУТРИПОРТАЛЬНОМ ВВЕДЕНИИ ХЦК-8', 'статья в журнале - научная статья', 6, 'русский'),
(30290515, 'ИЗМЕНЕНИЕ ЖЕЛУДОЧНОЙ СЕКРЕЦИИ У КРЫС ПРИ ВНУТРИПОРТАЛЬНОМ ВВЕДЕНИИ ПЕНТАГАСТРИНА', 'статья в журнале - научная статья', 11, 'русский'),
(30740054, 'СОВЕРШЕНСТВОВАНИЕ ИНСТРУМЕНТАЛЬНЫХ И ЛАБОРАТОРНЫХ МЕТОДОВ ИССЛЕДОВАНИЯ В ДИАГНОСТИКЕ РАКА ЯИЧНИКОВ', 'статья в журнале - научная статья', 68, 'русский'),
(30752761, 'ЭФФЕКТИВНОСТЬ ЛАЗЕРОТЕРАПИИ В КОМПЛЕКСЕ С КРЕМОМ \"ОБЛЕПИХОВОЕ МАСЛО И МУМИЁ\" У БОЛЬНЫХ КРАСНЫМ ПЛОСКИМ ЛИШАЕМ', 'статья в журнале - материалы конференции', 43, 'русский'),
(30755158, 'ФЛАВОНОИДЫ RUSSOWIA SOGDIANA (BUNGE) B. FEDTSCH', 'статья в журнале - краткое сообщение', 225, 'русский'),
(30865669, 'ИЗУЧЕНИЕ КОРРЕЛЯЦИОННОЙ ЗАВИСИМОСТИ ВЕСТИБУЛЯРНОЙ АТАКСИИ С ХАРАКТЕРОМ ТЕЧЕНИЯ И СРОКАМИ МАНИФЕСТАЦИИ ЗАБОЛЕВАНИЯ У БОЛЬНЫХ САХАРНЫМ ДИАБЕТОМ', 'статья в сборнике трудов конференции', 2017, 'русский'),
(32296305, 'ВОЗМОЖНЫЕ ПУТИ КОРРЕКЦИИ СЕКРЕТОРНОЙ ФУНКЦИИ ПОДЖЕЛУДОЧНОЙ ЖЕЛЕЗЫ С ЕЁ ПРОТОКОВОЙ СИСТЕМЫ', 'статья в сборнике трудов конференции', 2017, 'русский'),
(32338522, 'ВЫЯВЛЕНИЕ ВЛИЯНИЯ ПЕРЕДВИЖНЫХ ИСТОЧНИКОВ ЗАГРЯЗНЕНИЯ АТМОСФЕРЫ НА ТЕРРИТОРИЯХ ПРИЛЕГАЮЩИХ К МАГИСТРАЛЬНЫМ УЛИЦАМ ГОРОДА АНДИЖАНА В ЧАСЫ ПИК', 'статья в сборнике трудов конференции', 2017, 'русский'),
(32413793, 'КОМПЛЕКСНОЕ ЛЕЧЕНИЕ ВУЛЬГАРНЫХ УГРЕЙ ПРЕПАРАТАМИ ФЛУКОНАЗОЛ, ЦЕФТРИАКСОН, ДЕРМИКОЛД', 'статья в журнале - материалы конференции', 52, 'русский'),
(32413794, 'ДИНАМИКА КАЧЕСТВА ЖИЗНИ БОЛЬНЫХ АКНЕ И ПСОРИАЗОМ КАК ПОКАЗАТЕЛЬ ЭФФЕКТИВНОСТИ ТЕРАПИИ', 'статья в журнале - материалы конференции', 53, 'русский'),
(32413795, 'ОПЫТ ПРИМЕНЕНИЯ ОРНИДАЗОЛА И ИВЕРМЕКТИНА У БОЛЬНЫХ ДЕМАДЕКОЗОМ', 'статья в журнале - материалы конференции', 54, 'русский'),
(32413796, 'КРЕМ ФАКТОР ДЕРМИКО В НАРУЖНОЙ ТЕРАПИИ ВТОРИЧНО ИНФИЦИРОВАННОМ ДЕРМАТОЗЕ РОЗАЦЕА', 'статья в журнале - материалы конференции', 57, 'русский'),
(32413797, 'СПЕЦИАЛЬНОЕ ДРАЖЕ МЕРЦ В ТЕРАПИИ ОЧАГОВОЙ АЛОПЕЦИИ', 'статья в журнале - материалы конференции', 58, 'русский'),
(32651181, 'ВОЗРАСТНЫЕ ОСОБЕННОСТИ РАСПРОСТРАНЕННОСТИ ПРЕДГИПЕРТЕНЗИИ И АРТЕРИАЛЬНОЙ ГИПЕРТЕНЗИИ В ПОПУЛЯЦИИ ВИЧ-ИНФИЦИРОВАННЫХ ЛИЦ', 'статья в журнале - научная статья', 33, 'русский'),
(32686251, 'ОПТИМИЗАЦИЯ ДИАГНОСТИКИ И ЛЕЧЕНИЕ ЛИМФАДЕНИТА', 'статья в сборнике трудов конференции', 2017, 'русский'),
(32686267, 'ЧАСТОТА ПОБОЧНЫЙ РЕАКЦИЙ ПРЕПАРАТОВ У БОЛЬНЫХ МУЛЬТИРЕЗИСТЕНТНЫМ ТУБЕРКУЛЕЗОМ И ПУТИ ИХ ПРЕОДОЛЕНИЯ', 'статья в сборнике трудов конференции', 2017, 'русский'),
(32796065, 'ТЕМАТИЧЕСКАЯ НАПРАВЛЕННОСТЬ ЛЕКСИЧЕСКОЙ РАБОТЫ НА ЗАНЯТИЯХ РУССКОГО ЯЗЫКА', 'статья в сборнике трудов конференции', 2018, 'русский'),
(34969978, 'РОЛЬ МАГНИТНО-РЕЗОНАНСНОЙ ТОМОГРАФИИ ПРИ ДИАГНОСТИКЕ ОПУХОЛЕЙ ПОЯСНИЧНО-КРЕСТЦОВОГО ОТДЕЛА ПОЗВОНОЧНИКА', 'тезисы доклада на конференции', 2018, 'русский'),
(34999148, 'ОСОБЕННОСТИ БИОЭЛЕКТРИЧЕСКОЙ АКТИВНОСТИ МОЗГА У ДЕТЕЙ С ИДИОПАТИЧЕСКОЙ ЭПИЛЕПСИЕЙ', 'статья в журнале - научная статья', 80, 'русский'),
(35097227, 'НАРУШЕНИЕ ЛИПИДНОГО ОБМЕНА У ЖЕНЩИН С СУБКЛИНИЧЕСКИМ ГИПОТИРЕОЗОМ, ПРОЖИВАЮЩИХ В АНДИЖАНСКОЙ ОБЛАСТИ', 'статья в журнале - материалы конференции', 63, 'русский'),
(35189947, 'СОВРЕМЕННЫЕ МЕТОДЫ ТЕРАПИИ ОСЛОЖНЕННЫХ ФОРМ АТОПИЧЕСКОГО ДЕРМАТИТА У ДЕТЕЙ', 'статья в журнале - научная статья', 12, 'русский'),
(35189949, 'ЛИМФАТИЧЕСКАЯ АНТИБИОТИКОТЕРАПИЯ ПРИ СИНУИТАХ', 'статья в журнале - научная статья', 15, 'русский'),
(35189950, 'КАНДИДОЗ МИНДАЛИН, ВОПРОСЫ КЛИНИКИ, ДИАГНОСТИКИ И МЕТОДЫ ЛЕЧЕНИЯ', 'статья в журнале - научная статья', 19, 'русский'),
(35189951, 'СОВРЕМЕННЫЕ ПОДХОДЫ В ЛЕЧЕНИИ ОГНЕСТРЕЛЬНЫХ РАНЕНИЙ КОНЕЧНОСТЕЙ', 'статья в журнале - научная статья', 22, 'русский'),
(35189954, 'ДЕПРЕССИВНЫЕ РАССТРОЙСТВА И ИХ КОРРЕКЦИЯ У БОЛЬНЫХ С СЕРДЕЧНО-СОСУДИСТЫМИ ЗАБОЛЕВАНИЯМИ', 'статья в журнале - научная статья', 36, 'русский'),
(35189955, 'ПАРАМЕТРЫ ОКИСЛИТЕЛЬНОГО СТРЕССА У ЛИЦ МОЛОДОГО ВОЗРАСТА С РИСКОМ ВНЕЗАПНОЙ СЕРДЕЧНОЙ СМЕРТИ', 'статья в журнале - научная статья', 41, 'русский'),
(35189961, 'ГДЕ ИЗЫСКАТЬ РЕСУРСЫ ДЛЯ СУЩЕСТВЕННОГО УЛУЧШЕНИЯ РАБОТЫ НЕФРОЛОГИЧЕСКОЙ СЛУЖБЫ В КЛИМАТИЧЕСКИХ УСЛОВИЯХ ФЕРГАНСКОЙ ДОЛИНЫ? СООБЩЕНИЕ 1: НА ПУТИ К СОЗДАНИЮ ЭФФЕКТИВНОЙ ПРОФИЛАКТИКИ', 'статья в журнале - научная статья', 73, 'русский'),
(35189962, 'ГДЕ ИЗЫСКАТЬ РЕСУРСЫ ДЛЯ СУЩЕСТВЕННОГО УЛУЧШЕНИЯ РАБОТЫ НЕФРОЛОГИЧЕСКОЙ СЛУЖБЫ В КЛИМАТИЧЕСКИХ УСЛОВИЯХ ФЕРГАНСКОЙ ДОЛИНЫ? СООБЩЕНИЕ 2: ЗАОСТРИТЬ ВНИМАНИЕ НА РЕЗУЛЬТАТЫ ПЕРИОДИЧЕСКИХ ЭПИДЕМИОЛОГИЧЕСКИХ ИССЛЕДОВАНИЙ', 'статья в журнале - научная статья', 76, 'русский'),
(35234827, 'СОВРЕМЕННЫЕ МЕТОДЫ ТЕРАПИИ ОСЛОЖНЕННЫХ ФОРМ АТОПИЧЕСКОГО ДЕРМАТИТА У ДЕТЕЙ', 'статья в журнале - научная статья', 29, 'русский'),
(35234828, 'СОВРЕМЕННЫЕ МЕТОДЫ ДИАГНОСТИКИ АРТЕРИАЛЬНОГО ДАВЛЕНИЯ У ПОДРОСТКОВ С АРТЕРИАЛЬНОЙ ГИПЕРТЕНЗИЕЙ', 'статья в журнале - научная статья', 32, 'русский'),
(35234831, 'ПРОФИЛАКТИКА И ЛЕЧЕНИЕ ОСЛОЖНЕННЫХ ОЖОГОВЫХ РАН', 'статья в журнале - научная статья', 38, 'русский'),
(35234834, 'КЛИНИКО-ФАРМАКОДИНАМИЧЕСКИЙ ЭФФЕКТ ИНДАПАМИДА У БОЛЬНЫХ С АРТЕРИАЛЬНОЙ ГИПЕРТЕНЗИЕЙ', 'статья в журнале - научная статья', 51, 'русский'),
(35234846, 'ВЛИЯНИЕ ВИРУСОВ ГЕПАТИТОВ В И С НА ЭКСПРЕССИЮ АУТОАНТИТЕЛ', 'статья в журнале - научная статья', 103, 'русский'),
(35234848, 'ГДЕ ИЗЫСКАТЬ РЕСУРСЫ ДЛЯ СУЩЕСТВЕННОГО УЛУЧШЕНИЯ РАБОТЫ НЕФРОЛОГИЧЕСКОЙ СЛУЖБЫ В КЛИМАТИЧЕСКИХ УСЛОВИЯХ ФЕРГАНСКОЙ ДОЛИНЫ? СООБЩЕНИЕ 3: ИЗУЧЕНИЕ ВЛИЯНИЯ ЭПИДЕМИОЛОГИЧЕСКИХ И НЕКОТОРЫХ КЛИМАТО-ПОГОДНЫХ ФАКТОРОВ НА ТЕЧЕНИЕ ПНК', 'статья в журнале - научная статья', 112, 'русский'),
(35234849, 'ГДЕ ИЗЫСКАТЬ РЕСУРСЫ ДЛЯ СУЩЕСТВЕННОГО УЛУЧШЕНИЯ РАБОТЫ НЕФРОЛОГИЧЕСКОЙ СЛУЖБЫ В КЛИМАТИЧЕСКИХ УСЛОВИЯХ ФЕРГАНСКОЙ ДОЛИНЫ? СООБЩЕНИЕ 4: ИЗУЧЕНИЕ ВЛИЯНИЯ АТМОСФЕРНЫХ ПРОЦЕССОВ НА РАЗВИТИЕ И ТЕЧЕНИЕ НЕФРОТИЧЕСКИХ КРИЗИСОВ', 'статья в журнале - научная статья', 115, 'русский'),
(35234851, 'ЭФФЕКТЫ ВНУТРИПОРТАЛЬНОГО ВВЕДЕНИЯ ХЦК-8 НА ПАНКРЕАТИЧЕСКУЮ СЕКРЕЦИЮ У КРЫС', 'статья в журнале - научная статья', 122, 'русский'),
(35234852, 'ВЛИЯНИЕ ВНУТРИПОРТАЛЬНОГО ВВЕДЕНИЯ ПЕНТАГАСТРИНА НА ЖЕЛУДОЧНУЮ СЕКРЕЦИЮ У КРЫС', 'статья в журнале - научная статья', 126, 'русский'),
(35234853, 'ВЛИЯНИЕ НЕРАЦИОНАЛЬНОЙ БЕЛКОВОЙ ПИЩИ НА ГИСТОСТРУКТУРУ СЛИЗИСТОЙ ОБОЛОЧКИ ЖЕЛУДКА КРЫС', 'статья в журнале - научная статья', 130, 'русский'),
(35256343, 'НЕОТЛОЖНОЕ ЛЕЧЕНИЕ ХИМИЧЕСКИХ ОЖОГОВ ПИЩЕВОДА', 'статья в журнале - научная статья', 79, 'русский'),
(35268853, 'ЖЕЛЕЗОДЕФИЦИТНАЯ АНЕМИЯ КАК ФАКТОР РИСКА ГИПОГАЛАКТИИ У КОРМЯЩИХ МАТЕРЕЙ', 'статья в журнале - научная статья', 62, 'украинский'),
(35268860, 'КЛИНИЧЕСКИЕ ПРОЯВЛЕНИЯ ТУБЕРКУЛЕЗА ЛЕГКИХ НА РАННИХ И ПОЗДНИХ СТАДИЯХ ВИЧ-ИНФЕКЦИИ\"', 'статья в журнале - научная статья', 96, 'украинский'),
(35268866, 'ЛАБОРАТОРНЫЕ ОСОБЕННОСТИ ПНЕВМОНИЙ, ВЫЗВАННЫХ АТИПИЧНЫМИ ВОЗБУДИТЕЛЯМИ, В СОПОСТАВЛЕНИИ С ТАКОВЫМИ ПРИ ТУБЕРКУЛЕЗЕ У ДЕТЕЙ', 'статья в журнале - научная статья', 124, 'украинский'),
(35303486, 'СОВЕРШЕНСТВОВАНИЕ СПЕЦИАЛИЗИРОВАННОЙ СИСТЕМЫ ХИРУРГИЧЕСКОЙ РЕАБИЛИТАЦИИ БОЛЬНЫХ С ПОСЛЕДСТВИЯМИ ОЖОГОВ', 'статья в журнале - материалы конференции', 227, 'русский'),
(35303495, 'ХИРУРГИЧЕСКОЕ ЛЕЧЕНИЕ ПОСЛЕДСТВИЙ ОЖОГОВ СВОДА ЧЕРЕПА', 'статья в журнале - материалы конференции', 236, 'русский'),
(35303496, 'ХИРУРГИЧЕСКОЕ ЛЕЧЕНИЕ РУБЦОВЫХ ДЕФОРМАЦИЙ ЛИЦА', 'статья в журнале - материалы конференции', 237, 'русский'),
(35303497, 'ХИРУРГИЧЕСКОЕ ЛЕЧЕНИЕ РУБЦОВЫХ ДЕФОРМАЦИЙ ШЕИ', 'статья в журнале - материалы конференции', 237, 'русский'),
(35303498, 'ХИРУРГИЧЕСКОЕ ЛЕЧЕНИЕ РУБЦОВЫХ КОНТРАКТУР КРУПНЫХ СУСТАВОВ', 'статья в журнале - материалы конференции', 238, 'русский'),
(35410586, 'СРАВНИТЕЛЬНАЯ ОЦЕНКА ЭФФЕКТИВНОСТИ КОМБИНИРОВАННОГО ЛЕЧЕНИЯ БОЛЬНЫХ С РАКОМ ЯИЧНИКОВ С III-IV СТАДИЕЙ ЗАБОЛЕВАНИЯ', 'тезисы доклада на конференции', 2018, 'русский'),
(35572973, 'К ВОПРОСУ ХИРУРГИЧЕСКИХ МЕТОДОВ ЛЕЧЕНИЯ ИНСУЛЬТ ГЕМАТОМ', 'тезисы доклада на конференции', 2017, 'русский'),
(35573039, 'ХИРУРГИЧЕСКИЕ МЕТОДЫ ЛЕЧЕНИЯ НЕТРАВМАТИЧЕСКИХ СУБДУРАЛЬНЫХ ГЕМАТОМ У ЛИЦ ПОЖИЛОГО И СТАРЧЕСКОГО ВОЗРАСТА', 'тезисы доклада на конференции', 2017, 'русский'),
(35603185, 'РАЗЛИЧНЫЕ КЛИНИЧЕСКИЕ ПРОЯВЛЕНИЯ ГРЫЖ МЕЖПОЗВОНКОВЫХ ДИСКОВ ПОЯСНИЧНОГО ОТДЕЛА ПОЗВОНОЧНИКА', 'тезисы доклада на конференции', 2017, 'русский'),
(35608397, 'В-КЛЕТОЧНАЯ АКТИВАЦИЯ И АНТИ-В-КЛЕТОЧНАЯ ТЕРАПИЯ ПРИ РЕВМАТОИДНОМ АРТРИТЕ', 'тезисы доклада на конференции', 2017, 'русский'),
(35620001, 'ОСОБЕННОСТИ ИНКРЕЦИИ ПИЩЕВАРИТЕЛЬНЫХ ГИДРОЛАЗ ЖЕЛУДКА И ПОДЖЕЛУДОЧНОЙ ЖЕЛЕЗЫ ПРИ ХРОНИЧЕСКОМ ВИРУСНОМ ГЕПАТИТЕ В', 'статья в журнале - научная статья', 30, 'русский'),
(35646712, 'СОВРЕМЕННЫЕ МЕТОДЫ ДИАГНОСТИКИ И ЛЕЧЕНИИ ГИПЕРПЛАСТИЧЕСКИХ ПРОЦЕССОВ ЭНДОМЕТРИЯ', 'статья в журнале - тезисы доклада на конференции', 139, 'русский'),
(35646713, 'ЭНДОСКОПИЧЕСКИЙ МЕТОД ДИАГНОСТИКИ И ЛЕЧЕНИЯ ГИПЕРПЛАСТИЧЕСКИХ ПРОЦЕССОВ ЭНДОМЕТРИЯ', 'статья в журнале - тезисы доклада на конференции', 140, 'русский'),
(35646714, 'ЭФФЕКТИВНОСТЬ ПРЕГРАВИДАРНОЙ ПОДГОТОВКИ ЖЕНЩИН С ЦИТОМЕГАЛОВИРУСНОЙ ИНФЕКЦИЕЙ В АНАМНЕЗЕ', 'статья в журнале - тезисы доклада на конференции', 141, 'русский'),
(35646715, 'ОСОБЕННОСТИ ПАТОЛОГИИ ЭНДОМЕТРИЯ В ПРЕМЕНОПАУЗАЛЬНОМ ПЕРИОДЕ', 'статья в журнале - тезисы доклада на конференции', 142, 'русский'),
(35646825, 'ПРОФИЛАКТИКА ПЕРЕДАЧИ ВИЧ-ИНФЕКЦИИ ОТ МАТЕРИ К РЕБЕНКУ ВО ВРЕМЯ БЕРЕМЕННОСТИ И РОДОВ', 'статья в журнале - тезисы доклада на конференции', 299, 'русский'),
(36002187, 'ХИРУРГИЧЕСКАЯ ТАКТИКА ПРИ СОЧЕТАННЫХ ОСЛОЖНЕНИЯХ ЯЗВ ДВЕНАДЦАТИПЕРСТНОЙ КИШКИ', 'статья в журнале - научная статья', 43, 'русский'),
(36066412, 'ТРИПСИН КАК МОДИФИЦИРУЮЩИЙ ФАКТОР В УТИЛИЗАЦИИ ПЕЧЕНЬЮ ПЕНТАГАСТРИНА', 'статья в журнале - научная статья', 30, 'русский'),
(36409865, 'ОЦЕНКА ЛОКАЛЬНОГО ИММУНИТЕТА ПРИ ВОСПА-ЛИТЕЛЬНОМ ГЕНЕЗЕ БЕСПЛОДИЯ', 'статья в журнале - научная статья', 85, 'русский'),
(36486892, 'ВОССТАНОВЛЕНИЕ ТЫЛЬНОЙ ПОВЕРХНОСТИ КИСТИ КОЖНО-ФАЦИАЛЬНЫМ ЛОСКУТОМ БРЮШНОЙ СТЕНКИ', 'статья в журнале - научная статья', 165, 'русский'),
(36486900, 'ЛЕЧЕБНО-ДИАГНОСТИЧЕСКИЙ АЛГОРИТМ С ПРИМЕНЕНИЕМ ВИДЕОЛАПАРОСКОПИИ ПРИ ЗАКРЫТЫХ И ОТКРЫТЫХ ПОВРЕЖДЕНИЯХ ПАРЕНХИМАТОЗНЫХ ОРГАНОВ БРЮШНОЙ ПОЛОСТИ', 'статья в журнале - научная статья', 199, 'русский'),
(36538638, 'КОРРЕКЦИЯ ИММУНОЛОГИЧЕСКОГО СТАТУСА БРЮШНОЙ ПОЛОСТИ МЕТОДОМ РЕГИОНАЛЬНОЙ ЛИМФАТИЧЕСКОЙ ТЕРАПИИ В УСЛОВИЯХ АБДОМИНАЛЬНОГО СЕПСИСА', 'тезисы доклада на конференции', 2018, 'русский'),
(36538639, 'СТИМУЛЯЦИЯ ЛИМФАТИЧЕСКОГО ДРЕНАЖА ПОЧЕК У ЭКСТРЕННЫХ ХИРУРГИЧЕСКИХ БОЛЬНЫХ', 'тезисы доклада на конференции', 2018, 'русский'),
(36538754, 'РЕГИОНАЛЬНАЯ ЛИМФАТИЧЕСКАЯ ТЕРАПИЯ: ОТ ФУНДАМЕНТАЛЬНЫХ ИССЛЕДОВАНИЙ ДО ЛЕЧЕБНЫХ ТЕХНОЛОГИЙ', 'тезисы доклада на конференции', 2018, 'русский'),
(36538767, 'ЛИМФАТИЧЕСКАЯ ТЕРАПИЯ ПОВРЕЖДЕНИЙ МАГИСТРАЛЬНЫХ СОСУДОВ КОНЕЧНОСТЕЙ', 'тезисы доклада на конференции', 2018, 'русский'),
(36538769, 'ЛИМФОГЕННАЯ ДЕТОКСИКАЦИЯ ОСТРОГО РАЗЛИТОГО ПЕРИТОНИТА', 'тезисы доклада на конференции', 2018, 'русский'),
(36538792, 'ЛИМФОТРОПНАЯ АНАЛГЕЗИЯ У ЭКСТРЕННЫХ ХИРУРГИЧЕСКИХ БОЛЬНЫХ', 'тезисы доклада на конференции', 2018, 'русский'),
(36543403, 'ИСПОЛЬЗОВАНИЕ ХИМИОТЕРАПИИ В ЛЕЧЕНИИ ПЕРВИЧНОГО РАКА ПЕЧЕНИ', 'статья в журнале - научная статья', 187, 'русский'),
(36619663, 'ЛЕЧЕНИЕ ПРЕПАРАТОМ ДЕРМОБАКТЕР БОЛЬНЫХ ПАРАТРАВМАТИЧЕСКОЙ ЭКЗЕМОЙ', 'тезисы доклада на конференции', 2017, 'русский'),
(36619664, 'ВАЛАЦИКЛОВИР В ТЕРАПИИ ПРОСТОГО ПУЗЫРКОВОГО ЛИШАЯ', 'тезисы доклада на конференции', 2017, 'русский'),
(36619665, 'ТЕРАПИЯ ИНФИЛЬТРАТИВНО-НАГНОИТЕЛЬНОЙ ТРИХОФИТИИ ПРЕПАРАТОМ \"ДЕРМОБАКТЕР\" В УСЛОВИЯХ ФЕРГАНСКОЙ ДОЛИНЫ', 'тезисы доклада на конференции', 2017, 'русский'),
(36619666, 'ТРЕВОЖНО-ДЕПРЕССИВНЫЕ РАССТРОЙСТВА У БОЛЬНЫХ СИФИЛИСОМ', 'тезисы доклада на конференции', 2017, 'русский'),
(36619667, 'ФАРМАКОТЕРАПИЯ КАНДИДОЗОВ У ЖЕНЩИН ФЕРТИЛЬНОГО ВОЗРАСТА', 'тезисы доклада на конференции', 2017, 'русский'),
(36619668, 'КОМПЛЕКСНАЯ ТЕРАПИЯ ДЕМОДЕКОЗА ПРЕПАРАТОМ АВЕРМ ПЛЮС У БОЛЬНЫХ РОЗАЦЕА', 'тезисы доклада на конференции', 2017, 'русский'),
(36691485, 'О ДИАГНОСТИКЕ ПОВРЕЖДЕНИЙ ОПОРНО-ДВИГАТЕЛЬНОГО АППАРАТА ПРИ ЧРЕЗВЫЧАЙНЫХ СИТУАЦИЯХ', 'тезисы доклада на конференции', 2018, 'русский'),
(36691668, 'ТАКТИКА МЕДИЦИНСКОЙ ПОМОЩИ ПРИ ОГНЕСТРЕЛЬНЫХ РАНЕНИЯХ В ЧРЕЗВЫЧАЙНЫХ СИТУАЦИЯХ', 'тезисы доклада на конференции', 2018, 'русский'),
(36800748, 'РАСПРОСТРАНЕННОСТЬ ИНФЕКЦИЙ НСV В РАЗЛИЧНЫХ ГРУППАХ ДЕТЕЙ И ВЗРОСЛЫХ', 'статья в сборнике трудов конференции', 2018, 'русский'),
(36800749, 'БЕЛКОВО-ЛИПИДНЫЙ ПРОФИЛЬ КРОВИ ПРИ АУТОИММУННЫХ СОСТОЯНИЯХ В ЭКСПЕРИМЕНТЕ', 'статья в сборнике трудов конференции', 2018, 'русский'),
(36800750, 'ПОКАЗАТЕЛИ ЗДОРОВЬЯ ШКОЛЬНИКОВ, ЗАНИМАЮЩИХСЯ В СПОРТИВНЫХ СЕКЦИЯХ', 'статья в сборнике трудов конференции', 2018, 'русский'),
(36843488, 'МОРФОФУНКЦИОНАЛЬНЫЕ ИЗМЕНЕНИЯ В НЕЙТРОФИЛАХ ПЕРИФЕРИЧЕСКОЙ КРОВИ ПРИ ВИРУСНОМ ГЕПАТИТЕ В У ДЕТЕЙ', 'статья в сборнике трудов конференции', 2018, 'русский'),
(36845372, 'ЦИТОДИАГНОСТИКА РАКАМОЛОЧНОЙ ЖЕЛЕЗЫ', 'тезисы доклада на конференции', 2018, 'русский'),
(36845373, 'ОПУХОЛЕВЫЕ МАРКЕРЫ В ДИАГНОСТИКЕ И МОНИТОРИНГЕ РАКА МОЛОЧНОЙ ЖЕЛЕЗЫ (РМЖ)', 'тезисы доклада на конференции', 2018, 'русский'),
(36871502, 'АНТРОПОМЕТРИЧЕСКИЕ ПОКАЗАТЕЛИ ФИЗИЧЕСКОГО РАЗВИТИЯ У ДЕТЕЙ В АНДИЖАНСКОЙ ОБЛАСТИ', 'статья в сборнике трудов конференции', 2018, 'русский'),
(36871627, 'МОРФОЛОГИЧЕСКИЕ ИЗМЕНЕНИЯ НЕЙРОНОВ КВАДРАТОУГОЛЬНОЙ ДОЛЬКИ МОЗЖЕЧКА ПОСЛЕ АМПУТАЦИИ КОНЕЧНОСТИ', 'статья в сборнике трудов конференции', 2018, 'русский'),
(36871628, 'СТРУКТУРНЫЕ ИЗМЕНЕНИЯ ПО СЛОЯМ КОРЫ ВЕРХНЕЙ ПОЛУЛУННОЙ ДОЛЬКИ МОЗЖЕЧКА ПОСЛЕ АМПУТАЦИИ ПРАВОЙ ЗАДНЕЙ КОНЕЧНОСТИ У СОБАК', 'статья в сборнике трудов конференции', 2018, 'русский'),
(36871637, 'ВЛИЯНИЕ АМПУТАЦИИ НА НЕЙРОНЫ ВЕРХНЕЙ ПОЛУЛУННОЙ ДОЛЬКИ МОЗЖЕЧКА', 'статья в сборнике трудов конференции', 2018, 'русский'),
(36871638, 'МОРФОМЕТРИЧЕСКИЕ ПОКАЗАТЕЛИ ДЛИНЫ ЛЕВОЙ ПРОДОЛЬНОЙ БОРОЗДЫ ПЕЧЕНИ ОТ 7 ДО 10 МЕСЯЦЕВ ВНУТРИУТРОБНОГО ПЕРИОДА', 'статья в сборнике трудов конференции', 2018, 'русский'),
(36871639, 'МОРФОЛОГИЧЕСКИЕ И МОРФОМЕТРИЧЕСКИЕ ИЗМЕНЕНИЯ КОРКОВЫХ СТРУКТУР ГИППОКАМПА В ОНТОГЕНЕЗЕ', 'статья в сборнике трудов конференции', 2018, 'русский'),
(36871891, 'ВКЛАД ОСНОВНЫХ ФАКТОРОВ РИСКА В РАЗВИТИЕ ВНЕЗАПНОЙ СЕРДЕЧНОЙ СМЕРТИ И НЕКОТОРЫЕ АСПЕКТЫ ОПТИМИЗАЦИИ СПОСОБОВ ЕГО ПРОФИЛАКТИКИ В УСЛОВИЯХ РЕЗКО КОНТИНЕНТАЛЬНОГО КЛИМАТА', 'статья в журнале - научная статья', 26, 'русский'),
(36871892, 'ОСТРЫЙ КОРОНАРНЫЙ СИНДРОМ В УЗБЕКИСТАНЕ: СПЕЦИФИЧЕСКИЕ ЧЕРТЫ В ДИАГНОСТИКЕ, ЛЕЧЕНИИ И ПРОФИЛАКТИКЕ, ВЫЯВЛЯЕМОЙ В РЕГИСТРЕ АНДИЖАН В СРАВНЕНИИ С ДАННЫМИ ДРУГИХ СТРАН МИРА', 'статья в журнале - обзорная статья', 32, 'русский'),
(36904600, 'ОЦЕНКА АССОЦИАЦИИ ГЕНЕТИЧЕСКИХ ВАРИАНТОВ ГЕНОВ И С РАЗВИТИЕМ РАКА ЯИЧНИКОВ', 'статья в журнале - научная статья', 19, 'русский'),
(36908495, 'ОСОБЕННОСТИ ЛЕЧЕНИЯ И ЛЕЧЕНИЯ ДОПОЛНИТЕЛЬНОГО ЗАБОЛЕВАНИЯ У БОЛЬНЫХ С ЦИРРОЗОМ ПЕЧЕНИ', 'тезисы доклада на конференции', 2018, 'русский'),
(36908502, 'ОЦЕНКА УЗИ ВЕН НИЖНИХ КОНЕЧНОСТЕЙ', 'тезисы доклада на конференции', 2018, 'русский'),
(36908511, 'ЧАСТОТА И ОСОБЕННОСТИ ПЕРВИЧНОЙ ПРОФИЛАКТИКИ АРТЕРИАЛЬНОЙ ГИПОТЕНЗИИ СРЕДИ НАСЕЛЕНИЯ ФЕРГАНСКОЙ ДОЛИНЫ УЗБЕКИСТАНА', 'тезисы доклада на конференции', 2018, 'русский'),
(36908561, 'ПОПУЛЯЦИОННЫЕ ИССЛЕДОВАНИЯ ПРЕУЛЬЦЕРОЗНЫХ СОСТОЯНИЙ СРЕДИ РАЗЛИЧНЫХ ГРУПП НАСЕЛЕНИЯ ФЕРГАНСКОЙ ДОЛИНЫ УЗБЕКИСТАНА', 'тезисы доклада на конференции', 2018, 'русский'),
(36908566, 'ОСОБЕННОСТИ СИНДРОМА ЛИМФАДЕНОПАТИИ У БОЛЬНЫХ ХРОНИЧЕСКИМ ВИРУСНЫМ ГЕПАТИТОМ В', 'тезисы доклада на конференции', 2018, 'русский'),
(36908570, 'ОЦЕНКА ВЫЯВЛЕНИЯ И РАЗВИТИЯ ИНТЕРСТИЦИАЛЬНЫХ БОЛЕЗНЕЙ ЛЕГКИХ В УСЛОВИЯХ РЕЗКОКОНТИНЕНТАЛЬНГО КЛИМАТА Г. АНДИЖАНА', 'тезисы доклада на конференции', 2018, 'русский'),
(36908579, 'ВЫЯВЛЕНИЯ РАСПРОСТРАНЕННОСТИ ГИПЕРТОНИЧЕСКИХ КРИЗОВ В СВЯЗИ С ОСОБЕННОСТЯМИ ПИТАНИЯ И НЕКОТОРЫМИ ФАКТОРАМИ РИСКА', 'тезисы доклада на конференции', 2018, 'русский'),
(36908580, 'СРАВНИТЕЛЬНЫЙ АНАЛИЗ РАСПРОСТРАНЕННОСТИ ОСНОВНЫХ ФАКТОРОВ РИСКА АРТЕРИАЛЬНОЙ ГИПОТЕНЗИИ И АСПЕКТЫ ЕЕ ПРОФИЛАКТИКИ В УСЛОВИЯХ ФЕРГАНСКОЙ ДОЛИНЫ УЗБЕКИСТАНА', 'тезисы доклада на конференции', 2018, 'русский'),
(36908581, 'УЛЬТРАЗВУКОВЫЕ ОСОБЕННОСТИ ПОРТАЛЬНОЙ ГИПЕРТЕНЗИИ', 'тезисы доклада на конференции', 2018, 'русский'),
(36908612, 'ФОРМИРОВАНИЕ И ТЕЧЕНИЕ ХРОНИЧЕСКИХ НЕФРОЛОГИЧЕСКИХ СИТУАЦИЙ В ЗАВИСИМОМТИ БИОКЛИМАТИЧЕСКИХ УСЛОВИЙ Г.АНДИЖАНА', 'тезисы доклада на конференции', 2018, 'русский'),
(36908627, 'НЕКОТОРЫЕ АСПЕКТЫ УЛЬТРАЗВУКОВОЙ ДИАГНОСТИКИ ОПУХОЛЕЙ ПОЧЕК', 'тезисы доклада на конференции', 2018, 'русский'),
(36908660, 'КЛИНИЧЕСКАЯ ХАРАКТЕРИСТИКА СИНДРОМА ПЕЧЕНОЧНОЙ НЕДОСТАТОЧНОСТИ У БОЛЬНЫХ С ЦИРРОЗОМ ПЕЧЕНИ, АССОЦИИРОВАННЫМ С ВИРУСОМ ГЕПАТИТА С', 'тезисы доклада на конференции', 2018, 'русский'),
(36908668, 'ПРАВИЛЬНАЯ ОЦЕНКА В ДИФФЕРЕНЦИАЛЬНОЙ ДИАГНОСТИКЕ И ЛЕЧЕНИИ СЕРДЕЧНОЙ CIRROSIS ПЕЧЕНИ С СИНДРОМОМ PULMONAL', 'тезисы доклада на конференции', 2018, 'русский'),
(36908694, 'ОПРЕДЕЛЕНИЕ ВОЗМОЖНОСТЕЙ УЛЬТРАЗВУКОВОЙ ДИАГНОСТИКИ МЕХАНИЧЕСКОГО ХОЛЕСТАЗА ПРИ ПАРАЗИТАРНЫХ ЗАБОЛЕВАНИЙ ПЕЧЕНИ', 'тезисы доклада на конференции', 2018, 'русский'),
(36908706, 'УЛЬТРАЗВУКОВЫЕ ОСОБЕННОСТИ ПРИОБРЕТЕННЫХ ПОРОКОВ СЕРДЦА', 'тезисы доклада на конференции', 2018, 'русский'),
(36908710, 'УЛЬТРАЗВУКОВЫЕ ОСОБЕННОСТИ КАРДИОМИОПАТИИ', 'тезисы доклада на конференции', 2018, 'русский'),
(36908752, 'ДИАГНОСТИКА СУСТАВНОГО СИНДРОМА ПРИ ХРОНИЧЕСКОМ ВИРУСНОМ ГЕПАТИТЕ В У ПОДРОСТКОВ', 'тезисы доклада на конференции', 2018, 'русский'),
(36908762, 'ЭФФЕКТИВНОСТЬ ПРЕПАРАТОВ ИВЕРМЕКТИНА И ПЕРМЕТРИНА У БОЛЬНЫХ ЧЕСОТКОЙ И ДЕМОДЕКОЗОМ', 'тезисы доклада на конференции', 2018, 'русский'),
(36908769, 'ПРОЯВЛЕНИЯ ЛИХОРАДОЧНОГО СИНДРОМА ПРИ ХРОНИЧЕСКОМ ГЕПАТИТЕ В', 'тезисы доклада на конференции', 2018, 'русский'),
(36908770, 'ЧАСТОТА И ОСОБЕННОСТИ КОЖНОГО СИНДРОМА У БОЛЬНЫХ ЦИРРОЗОМ ПЕЧЕНИ АЛКОГОЛЬНОЙ ЭТИОЛОГИИ', 'тезисы доклада на конференции', 2018, 'русский'),
(36908800, 'ПРОФИЛАКТИКА ИНСУЛЬТОВ СРЕДИ БОЛЬНЫХ ГИПЕРТОНИЧЕСКОЙ БОЛЕЗНЬЮ В УСЛОВИЯХ СЕМЕЙНОЙ ПОЛИКЛИНИКИ', 'тезисы доклада на конференции', 2018, 'русский'),
(36908803, 'ИЗУЧЕНИЕ ЧАСТОТЫ И СТРУКТУРЫ ПРЕДМЕНСТРУАЛЬНОГО СИНДРОМА У ЖЕНЩИН ДЕТОРОДНОГО ВОЗРАСТА', 'тезисы доклада на конференции', 2018, 'русский'),
(36908822, 'НЕКОТОРЫЕ АСПЕКТЫ УЛЬТРАЗВУКОВОЙ ДИАГНОСТИКИ ВРОЖДЕННЫХ ПОРОКОВ СЕРДЦА У ПЛОДА', 'тезисы доклада на конференции', 2018, 'русский'),
(36909363, 'В-КЛЕТОЧНАЯ АКТИВАЦИЯ И АНТИ-В-КЛЕТОЧНАЯ ТЕРАПИЯ ПРИ РЕВМАТОИДНОМ АРТРИТЕ', 'тезисы доклада на конференции', 2018, 'русский'),
(36963581, 'РОЛЬ ФЛАВОНОИДОВ В СОВРЕМЕННОЙ МЕДИЦИНЕ', 'статья в сборнике трудов конференции', 2018, 'русский'),
(36963582, 'БИОЛОГИЧЕСКИ АКТИВНЫЕ ФЛАВОНОИДЫ', 'статья в сборнике трудов конференции', 2018, 'русский'),
(36963658, 'ФЕРМЕНТЫ ПОДЖЕЛУДОЧНОЙ ЖЕЛЕЗЫ ПРИ ВЫСОКОЙ ТЕМПЕРАТУРЕ И ИНСОЛЯЦИИ', 'статья в сборнике трудов конференции', 2018, 'русский'),
(36964268, 'ФЕРМЕНТНЫЙ ГОМЕОСТАЗ ПОДЖЕЛУДОЧНОЙ ЖЕЛЕЗЫ И КРОВИ К КАЧЕСТВУ ПИЩИ В УСЛОВИЯХ ИНСОЛЯЦИИ', 'статья в сборнике трудов конференции', 2018, 'русский'),
(36964597, 'ОЦЕНКА ИЗМЕНЧИВОСТИ НЕКОТОРЫХ БИОЛОГИЧЕСКИХ СВОЙСТВ ВОЗБУДИТЕЛЕЙ ЦИСТИТОВ У ЖЕНЩИН', 'статья в сборнике трудов конференции', 2018, 'русский'),
(36964883, 'ВЛИЯНИЕ ИНТРАДУОДЕНАЛЬНО ВВЕДЕННОЙ АМИЛАЗЫ НА ФЕРМЕНТОВЫДЕЛИТЕЛЬНУЮ ДЕЯТЕЛЬНОСТЬ ПОДЖЕЛУДОЧНОЙ ЖЕЛЕЗЫ', 'статья в сборнике трудов конференции', 2018, 'русский'),
(36964897, 'ИЗУЧЕНИЕ ВСАСЫВАТЕЛЬНОЙ ОСОБЕННОСТИ ЛИМФАТИЧЕСКИХ СОСУДОВ КИШЕЧНИКА ПОСЛЕ РЕЗЕКЦИИ ЖЕЛУДКА', 'статья в сборнике трудов конференции', 2018, 'русский'),
(36964899, 'ДИАГНОСТИКА ИНФЕКЦИЙ МОЧЕВЫХ ПУТЕЙ', 'статья в сборнике трудов конференции', 2018, 'русский'),
(36964912, 'ЛАТЕРАЛИЗАЦИЯ КАК ОСОБЕННОСТЬ ПРОЯВЛЕНИЯ АВТОНОМНОСТИ ФЕРМЕНТАТИВНОЙ АКТИВНОСТИ СЛЮНННЫХ ЖЕЛЕЗ ПРИ КАРИЕСНОМ ПОРАЖЕНИИ ЗУБОВ', 'статья в сборнике трудов конференции', 2018, 'русский'),
(36964914, 'К ВОПРОСУ ОБ ОСОБЕННОСТЯХ ИЗМЕНЕНИЙ АМИЛОЛИТИЧЕСКОЙ АКТИВНОСТИ РОТОВОЙ ЖИДКОСТИ ПРИ ОЖИРЕНИИ РАЗЛИЧНОЙ СТЕПЕНИ', 'статья в сборнике трудов конференции', 2018, 'русский'),
(36988245, 'ОПТИМИЗАЦИЯ ДИАГНОСТИКИ АКТИВНОЙ ТУБЕРКУЛЕЗНОЙ ИНФЕКЦИИ У ЧАСТО БОЛЕЮЩИХ ДЕТЕЙ, НАХОДЯЩИХСЯ НА УЧЕТЕ В СОМАТИЧЕСКИХ ПОЛИКЛИНИКАХ', 'статья в сборнике трудов конференции', 2018, 'русский'),
(36988273, 'ЗНАЧЕНИЕ ПРОВЕДЕНИЯ ДИАСКИНТЕСТА У ДЕТЕЙ, ИМЕЮЩИХ КОНТАКТ С БОЛЬНЫМИ ТУБЕРКУЛЕЗОМ, БАКТЕРИОВЫДЕЛИТЕЛЯМИ', 'статья в сборнике трудов конференции', 2018, 'русский'),
(36988314, 'ИННОВАЦИОННЫЕ МЕТОДЫ ДИАГНОСТИКИ БОЛЬНЫХ С РЕЗИСТЕНТНОЙ ФОРМОЙ ТУБЕРКУЛЕЗА В УСЛОВИЯХ АНДИЖАНСКОЙ ОБЛАСТИ', 'статья в сборнике трудов конференции', 2018, 'русский'),
(36994161, 'ЧЕЛОВЕЧЕСКИЙ КАПИТАЛ КАК ОПРЕДЕЛЯЮЩИЙ ФАКТОР СОЦИАЛЬНО-ЭКОНОМИЧЕСКОГО РАЗВИТИЯ ТЕРРИТОРИИ', 'статья в сборнике трудов конференции', 2019, 'русский'),
(37008582, 'ЭФФЕКТИВНОЕ ПРИВЛЕЧЕНИЕ ИНВЕСТИЦИЙ В ЭКОНОМИКУ', 'статья в сборнике трудов конференции', 2018, 'русский'),
(37008585, 'ПУТИ ФОРМИРОВАНИЕ БЛАГОПРИЯТНОГО ИНВЕСТИЦИОННОГО КЛИМАТА ДЛЯ ИНВЕСТОРОВ', 'статья в сборнике трудов конференции', 2018, 'русский'),
(37039312, 'ИСТОРИЯ ГОСУДАРСТВА И ПРАВА ЗАРУБЕЖНЫХ СТРАН', 'учебное пособие', 2019, 'русский'),
(37089961, 'СПОСОБ ПОВЫШЕНИЯ ЭФФЕКТИВНОСТИ ТЕРАПИИ У БОЛЬНЫХ АКНЕ', 'тезисы доклада на конференции', 2018, 'русский'),
(37115986, 'НЕКОТОРЫЕ ВОПРОСЫ КЛАССИФИКАЦИИ ЛАКО-КРАСОЧНЫХ МАТЕРИАЛОВ', 'статья в сборнике трудов конференции', 2019, 'русский'),
(37199890, 'СООТНОШЕНИЕ КОНСТИТУЦИИ РФ И НОРМ МЕЖДУНАРОДНОГО ПРАВА', 'статья в сборнике трудов конференции', 2019, 'русский'),
(37199901, 'РАЗВИТИЕ КОНЦЕПЦИИ ПРАВ ЧЕЛОВЕКА И ГРАЖДАНИНА В ОТЕЧЕСТВЕННОМ КОНСТИТУЦИОННОМ ЗАКОНОДАТЕЛЬСТВЕ', 'статья в сборнике трудов конференции', 2019, 'русский'),
(37199913, 'СТАНОВЛЕНИЕ И РАЗВИТИЕ ИНСТИТУТА ИЗБИРАТЕЛЬНОГО ПРАВА В РОССИИ В 1918 -1993 ГГ', 'статья в сборнике трудов конференции', 2019, 'русский'),
(37199987, 'ОСНОВЫ ПРОТИВОДЕЙСТВИЯ КОРРУПЦИИ: РОССИЙСКИЙ И ЗАРУБЕЖНЫЙ ОПЫТ', 'статья в сборнике трудов конференции', 2019, 'русский'),
(37218730, 'УЧЕБНОЕ ПОСОБИЕ ПО ДОМАШНЕМУ ЧТЕНИЮ ПО РОМАНУ ВОЛЬФГАНГА ХЕРРНДОРФА \"ЧИК\"', 'учебное пособие', 2019, 'русский'),
(37253925, 'ВОЗМОЖНОСТИ ВОЗОБНОВЛЕНИЯ ЭКСКУРСИОННОГО МАРШРУТА ПО ВОЕННО-ГРУЗИНСКОЙ ДОРОГЕ', 'статья в сборнике трудов конференции', 2019, 'русский'),
(37270390, 'ИССЛЕДОВАНИЕ СВЯЗИ ЭМОЦИОНАЛЬНОГО СОСТОЯНИЯ И МЫШЛЕНИЯ У ДЕТЕЙ 6-10 ЛЕТ', 'статья в сборнике трудов конференции', 2019, 'русский'),
(37280168, 'МЕЖДУНАРОДНЫЕ ОТНОШЕНИЯ И ВНЕШНЯЯ ПОЛИТИКА РОССИИ: ИСТОРИЯ И СОВРЕМЕННОСТЬ (1919-1991 ГГ.)', 'учебное пособие', 2019, 'русский'),
(37281387, 'ОПЫТ ХИРУРГИЧЕСКОГО ЛЕЧЕНИЯ НЕТРАВМАТИЧЕСКИХ ВНУТРИМОЗГОВЫХ ГЕМАТОМ В УСЛОВИЯХ ЭКСТРЕННОЙ МЕДИЦИНСКОЙ СЛУЖБЫ АНДИЖАНСКОЙ ОБЛАСТИ', 'статья в журнале - научная статья', 11, 'русский'),
(37295021, 'ИРОН АДæМОН СФæЛДЫСТАД', 'учебное пособие', 2019, 'осетинский'),
(37296296, 'ЛАТИНСКИЙ ЯЗЫК В ТАБЛИЦАХ И СХЕМАХ ДЛЯ СТУДЕНТОВ СТОМАТОЛОГИЧЕСКИХ ФАКУЛЬТЕТОВ', 'учебное пособие', 2019, 'русский'),
(37296326, 'ЛАТИНСКИЙ ЯЗЫК В ТАБЛИЦАХ И СХЕМАХ ДЛЯ СТУДЕНТОВ ФАРМАЦЕВТИЧЕСКИХ ФАКУЛЬТЕТОВ', 'учебное пособие', 2019, 'русский'),
(37341505, 'ОЦЕНКА ФИЗИЧЕСКОГО РАЗВИТИЯ ПОДРОСТКОВ ПРОЖИВАЮЩИХ В РЕСПУБЛИКЕ КАРАКАЛПАКИСТАН', 'статья в журнале - научная статья', 152, 'русский'),
(37343336, 'ФОРМИРОВАНИЕ МОДЕЛИ УПРАВЛЕНИЯ ЭФФЕКТИВНОСТЬЮ ТЕХНОЛОГИЙ', 'статья в сборнике трудов конференции', 2019, 'русский'),
(37414634, 'СТАВРОПОЛЬСКИЙ КРАЙ В ПЕРИОД ВЕЛИКОЙ ОТЕЧЕСТВЕННОЙ ВОЙНЫ (1941-1945 ГГ.)', 'монография', 2019, 'русский'),
(37414699, 'СИНТЕЗ АЗОМЕТИНОВ НА ОСНОВЕ ДВУХАТОМНЫХ ПРОСТРАНСТВЕННО-ЗАТРУДНЕННЫХ ФЕНОЛОВ', 'тезисы доклада на конференции', 2019, 'русский'),
(37473127, 'ПЕРСПЕКТИВЫ РАЗВИТИЯ АГРОПРОМЫШЛЕННОГО КОМПЛЕКСА РОССИЙСКОЙ ФЕДЕРАЦИИ', 'статья в сборнике трудов конференции', 2019, 'русский'),
(37530118, 'СОЦИАЛЬНЫЕ ПРИЧИНЫ ЭКСТРЕМИЗМА И ТЕРРОРИЗМА НА СЕВЕРНОМ КАВКАЗЕ', 'статья в сборнике трудов конференции', 2019, 'русский'),
(37530119, 'ПРОБЛЕМЫ ДЕЯТЕЛЬНОСТИ СМИ В СИСТЕМЕ ПРОТИВОДЕЙСТВИЯ ЭКСТРЕМИЗМУ И ТЕРРОРИЗМУ', 'статья в сборнике трудов конференции', 2019, 'русский'),
(37626201, 'ОБУЧЕНИЕ НАЦИОНАЛЬНЫМ ЯЗЫКАМ: ПРОБЛЕМЫ И ПЕРСПЕКТИВЫ', 'статья в сборнике трудов конференции', 2019, 'русский'),
(37640186, 'РУЧЕЙНИКИ В БЕНТОСЕ РЕКИ ХАТАЛДОН (БАССЕЙН РЕКИ ТЕРЕК)', 'статья в сборнике трудов конференции', 2019, 'русский'),
(37640187, 'ТРИХОПТЕРОФАУНА РУЧЬЕВ-ПРИТОКОВ РЕКИ ЦРАУДОН', 'статья в сборнике трудов конференции', 2019, 'русский'),
(37640200, 'АМФИБИОТИЧЕСКИЕ НАСЕКОМЫЕ РЕКИ КАМБИЛЕЕВКА (БАССЕЙН РЕКИ ТЕРЕК)', 'статья в сборнике трудов конференции', 2019, 'русский'),
(37640208, 'ПРЕСНОВОДНЫЕ БЕСПОЗВОНОЧНЫЕ РУЧЬЯ ДИГОРСКОГО УЩЕЛЬЯ (БАССЕЙН РЕКИ ТЕРЕК, СЕВЕРНЫЙ КАВКАЗ)', 'статья в сборнике трудов конференции', 2019, 'русский'),
(37640213, 'АМФИБИОТИЧЕСКИЕ НАСЕКОМЫЕ РЕКИ МАЙРАМАДАГДОН', 'статья в сборнике трудов конференции', 2019, 'русский'),
(37640214, 'ЭКОЛОГИЧЕСКИЕ ОСОБЕННОСТИ АМФИБИОНТНОЙ ФАУНЫ РЕКИ УРСДОН', 'статья в сборнике трудов конференции', 2019, 'русский'),
(37645622, 'EIN KLEINES LESEBUCH MIT FABELN UND MIT ANFÄNGEN DER ANALYSE (FüR ANFäNGER)', 'учебное пособие', 2019, 'немецкий'),
(37728990, 'ТЕОРЕТИЧЕСКИЕ И МЕТОДОЛОГИЧЕСКИЕ ОСНОВЫ ФОРМИРОВАНИЯ ЭКОЛОГИЧЕСКОЙ КУЛЬТУРЫ', 'статья в сборнике трудов конференции', 2019, 'русский'),
(37728995, 'ИЗУЧЕНИЕ ВОПРОСОВ РАДИАЦИОННОЙ БЕЗОПАСНОСТИ В СРЕДНЕЙ ШКОЛЕ', 'статья в сборнике трудов конференции', 2019, 'русский'),
(37778423, 'GRAMMATIKTRAINING MIT SCHWERPUNKT ADJEKTIVDEKLINATION', 'учебное пособие', 2019, 'немецкий'),
(38028536, 'К ЧАСТОТЕ ЖЕЛЕЗОДЕФИЦИТНЫХ СОСТОЯНИЙ СРЕДИ ШКОЛЬНИКОВ ГОРОДСКОЙ ПОПУЛЯЦИИ', 'статья в журнале - научная статья', 9, 'русский'),
(38050522, 'НОВОЕ КАЧЕСТВО СОЦИАЛЬНО-ЭКОНОМИЧЕСКОГО ПРОГРЕССА: ВЫЗОВЫ И ШАНСЫ', 'монография', 2019, 'русский'),
(38162097, 'ЭФФЕКТИВНОСТЬ ПРИМЕНЕНИЯ ЭНДОПЕРИТОНЕСОРБЦИИ В ЛЕЧЕНИИ ЭКСПЕРИМЕНТАЛЬНОГО РАЗЛИТОГО ГНОЙНОГО ПЕРИТОНИТА', 'статья в журнале - краткое сообщение', 80, 'русский'),
(38162219, 'УЧЕБНО-МЕТОДИЧЕСКОЕ ПОСОБИЕ ПО ПРОХОЖДЕНИЮ ПЕДАГОГИЧЕСКОЙ ПРАКТИКИ ДЛЯ СТУДЕНТОВ ФАКУЛЬТЕТА ФИЗИЧЕСКОЙ КУЛЬТУРЫ И СПОРТА', 'учебное пособие', 2019, 'русский'),
(38163170, 'КЛИМАТИЧЕСКИЕ ВОЗДЕЙСТВИЯ НА ЛЮДЕЙ С СЕРДЕЧНО-СОСУДИСТЫМИ ЗАБОЛЕВАНИЯМИ В ФЕРГАНСКОМ РЕГИОНЕ УЗБЕКИСТАНА', 'статья в журнале - научная статья', 67, 'русский'),
(38164023, 'ИЗМЕНЕНИЯ МОРФОМЕТРИЧЕСКИХ ПАРАМЕТРОВ НЕЙРОНОВ ХВОСТАТОГО ЯДРА ПОСЛЕ АМПУТАЦИИ КОНЕЧНОСТИ У СОБАК', 'статья в журнале - научная статья', 53, 'русский'),
(38164822, 'ИЗМЕНЕНИЕ ЛИПОЛИТИЧЕСКОЙ АКТИВНОСТИ ПОДЖЕЛУДОЧНОГО СОКА ПОД ВЛИЯНИЕМ РАЗЛИЧНЫХ БЕЛКОВ', 'статья в журнале - научная статья', 82, 'русский'),
(38171120, 'НАРУЖНАЯ ТЕРАПИЯ ИНФИЛЬТРАТИВНО-НАГНОИТЕЛЬНОЙ ТРИХОФИТИИ НАТУРАЛЬНЫМ ЭКСТРАКТОМ', 'статья в журнале - научная статья', 85, 'русский'),
(38171121, 'ЛЕЧЕНИЕ ТРИХОФИТИИ ГЛАДКОЙ КОЖИ ПРЕПАРАТОМ ИЗОКОНАЗОЛ+ДИФЛУКОРТОЛОН', 'статья в журнале - научная статья', 87, 'русский'),
(38178485, 'НАЛОГИ В ЦИФРОВОЙ ЭКОНОМИКЕ. ТЕОРИЯ И МЕТОДОЛОГИЯ', 'монография', 2019, 'русский'),
(38215380, '1.1. МЕТОДЫ ПСИХОСОЦИАЛЬНОЙ РАБОТЫ С РАЗЛИЧНЫМИ КАТЕГОРИЯМИ ГРАЖДАН', 'глава в книге', 2019, 'русский'),
(38219789, 'НАСЛЕДСТВЕННЫЙ ГЕМОХРОМАТОЗ У ДЕТЕЙ', 'статья в журнале - научная статья', 24, 'русский'),
(38230319, 'ПРЕЗЕНТАЦИЯ – ОДИН ИЗ ВИДОВ САМОСТОЯТЕЛЬНОЙ РАБОТЫ СТУДЕНТОВ НЕЯЗЫКОВЫХ ВУЗОВ', 'статья в сборнике трудов конференции', 2019, 'русский'),
(38230320, 'НОВОЕ ПЕДАГОГИЧЕСКОЕ МЫШЛЕНИЕ ТРЕБОВАНИЕ СОВРЕМЕННОГО ЭТАПА РАЗВИТИЯ', 'статья в сборнике трудов конференции', 2019, 'русский'),
(38233374, 'ВЛИЯНИЕ ВВЕДЕНИЯ ТРИПСИНА МУЖЧИНАМ НА ИЗМЕНЕНИЕ ИММУНОЛОГИЧЕСКИХ СВОЙСТВ ЦЕРВИКАЛЬНОЙ СЛИЗИ У ЖЕНЩИН В СУПРУЖЕСКИХ ПАРАХ', 'статья в журнале - научная статья', 17, 'русский'),
(38233389, 'ВЛИЯНИЕ ПИЩЕВЫХ БЕЛКОВ НА ЛИПОЛИТИЧЕСКУЮ АКТИВНОСТЬ ПОДЖЕЛУДОЧНОГО СОКА', 'статья в журнале - научная статья', 73, 'русский'),
(38234127, 'СОВРЕМЕННЫЕ ПОДХОДЫ К ИЗУЧЕНИЮ КРАЕВЕДЕНИЯ В УСЛОВИЯХ СЕВЕРНОЙ ОСЕТИИ', 'монография', 2019, 'русский'),
(38239788, 'ФОРМЫ И МЕТОДЫ НАЛОГОВОГО КОНТРОЛЯ В РОССИЙСКОЙ ФЕДЕРАЦИИ', 'монография', 2019, 'русский'),
(38242257, 'ОПРЕДЕЛЕНИЕ ПОЛИМОРФИЗМА A/G ГЕНА VDR С РИСКОМ РАЗВИТИЯ МИОПИИ', 'статья в журнале - научная статья', 74, 'русский'),
(38255016, 'ПСИХОЛОГИЧЕСКИЕ ОСОБЕННОСТИ ЦЕННОСТНЫХ ПРЕДПОЧТЕНИЙ МОЛОДЕЖНОЙ СРЕДЫ В ОБРАЗОВАТЕЛЬНОМ ПРОСТРАНСТВЕ - КОЛЛЕДЖ, ВУЗ', 'монография', 2019, 'русский'),
(38352783, 'КРАСНЫЕ ПАРТИЗАНЫ ГРАЖДАНСКОЙ ВОЙНЫ В ПОСЛЕВОЕННЫХ РЕАЛИЯХ КАВКАЗА 1920-1930-Х ГГ', 'статья в сборнике трудов конференции', 2019, 'русский'),
(38494707, 'ОСОБЕННОСТИ И ПРОБЛЕМЫ СОЦИАЛЬНО-ЭКОНОМИЧЕСКОГО РАЗВИТИЯ СЕВЕРО-КАВКАЗСКОГО ФЕДЕРАЛЬНОГО ОКРУГА', 'статья в сборнике трудов конференции', 2019, 'русский'),
(38494719, 'ОСОБЕННОСТИ ГОСУДАРСТВЕННОЙ ПОЛИТИКИ В ОБЛАСТИ ОБРАЩЕНИЯ С ВТОРИЧНЫМ СЫРЬЕМ', 'статья в сборнике трудов конференции', 2019, 'русский'),
(38502673, 'ДРОЖЖИ КОРМОВЫЕ - ПРОДУКТ МИКРОБИОЛОГИЧЕСКОГО СИНТЕЗА', 'статья в сборнике трудов конференции', 2019, 'русский'),
(38502679, 'МУШКА ДРОЗОФИЛА КАК БИОИНДИКАТОР ТЯЖЕЛЫХ МЕТАЛЛОВ В ОКРУЖАЮЩЕЙ СРЕДЕ', 'статья в сборнике трудов конференции', 2019, 'русский'),
(38502762, 'МЕХАНИЗМЫ ВОЗДЕЙСТВИЯ ПОВЕРХНОСТНО-АКТИВНЫХ ВЕЩЕСТВ НА МИКРООРГАНИЗМЫ', 'статья в сборнике трудов конференции', 2019, 'русский'),
(38503406, 'ПРИМЕНЕНИЕ ИННОВАЦИОННЫХ ТЕХНОЛОГИЙ В ПРЕПОДАВАНИИ МИКРОБИОЛОГИИ', 'статья в сборнике трудов конференции', 2019, 'русский'),
(38503431, 'О СОСТОЯНИИ ЭКОЛОГИЧЕСКОГО ОБРАЗОВАНИЯ', 'статья в сборнике трудов конференции', 2019, 'русский'),
(38518114, 'ГРАЖДАНСКО-ПРАВОВАЯ ОТВЕТСТВЕННОСТЬ ЛИЦ, НАСТУПАЮЩАЯ ПРИ БАНКРОТСТВЕ ЮРИДИЧЕСКИХ ЛИЦ', 'статья в сборнике трудов конференции', 2019, 'русский'),
(38518190, 'К ВОПРОСУ О ПОНЯТИИ ГРАЖДАНСКО-ПРАВОВОЙ ОТВЕТСТВЕННОСТИ', 'статья в сборнике трудов конференции', 2019, 'русский'),
(38537013, 'ПРОБЛЕМЫ ДИАГНОСТИКИ И ДИФФЕРЕНЦИАЛЬНОЙ ДИАГНОСТИКИ МИКОЗОВ У ВИЧ ИНФИЦИРОВАННЫХ', 'тезисы доклада на конференции', 2019, 'русский'),
(38546350, 'НЕКОТОРЫЕ ПРОБЛЕМЫ, СВЯЗАННЫЕ С ГРАЖДАНСКО-ПРАВОВЫМ ПОЛОЖЕНИЕМ КРЕСТЬЯНСКИХ (ФЕРМЕРСКИХ) ХОЗЯЙСТВ', 'статья в сборнике трудов конференции', 2019, 'русский'),
(38546352, 'ПРАВОВОЕ РЕГУЛИРОВАНИЕ НЕСОСТОЯТЕЛЬНОСТИ (БАНКРОТСТВА) КРЕДИТНЫХ ОРГАНИЗАЦИЙ В РОССИЙСКОЙ ФЕДЕРАЦИИ', 'статья в сборнике трудов конференции', 2019, 'русский'),
(38546569, 'ТРЕНИНГ САМОРЕГУЛЯЦИИ В ИССЛЕДОВАНИИ ПСИХОЭМОЦИОНАЛЬНОГО СОСТОЯНИЯ ЛИЧНОСТИ', 'статья в сборнике трудов конференции', 2019, 'русский'),
(38552218, 'ИНТЕРНЕТ-СЕРВИСЫ В РАБОТЕ ПЕДАГОГА', 'монография', 2019, 'русский'),
(38552232, 'ОЦЕНКА АНАТОМО-ФИЗИОЛОГИЧЕСКИХ ПАРАМЕТРОВ РАЗВИТИЯ ДЕТЕЙ И ПОДРОСТКОВ, ПРОЖИВАЮЩИХ В НЕБЛАГОПРИЯТНЫХ УСЛОВИЯХ', 'тезисы доклада на конференции', 2018, 'русский'),
(38552271, 'ФУНКЦИОНАЛЬНАЯ МОРФОЛОГИЯ СЛИЗИСТОЙ ОБОЛОЧКИ ТОНКОЙ КИШКИ ПРИ РАЗЛИЧНОЙ ЭНДОЭКОЛОГИИ В НЕЙ', 'тезисы доклада на конференции', 2018, 'русский'),
(38552308, 'РАЗРАБОТКА НАУЧНЫХ ОСНОВ ПРОГНОЗИРОВАНИЯ, ПРОФИЛАКТИКИ И ЛЕЧЕНИЯ ВОЗДЕЙСТВИЯ НЕБЛАГОПРИЯТНЫХ ФАКТОРОВ НА ЗДОРОВЬЕ ДЕТЕЙ ОТ РОЖДЕНИЯ ДО ПОДРОСТКОВОГО ВОЗРАСТА', 'тезисы доклада на конференции', 2018, 'русский'),
(38552354, 'АНТРОПОМЕТРИЧЕСКИЕ ПОКАЗАТЕЛИ ФИЗИЧЕСКОГО РАЗВИТИЯ У ШКОЛЬНИКОВ В АНДИЖАНСКОЙ ОБЛАСТИ', 'тезисы доклада на конференции', 2018, 'русский'),
(38552617, 'АНТРОПОМЕТРИЧЕСКИЕ ПОКАЗАТЕЛИ ФИЗИЧЕСКОГО РАЗВИТИЯ У ДЕТЕЙ В АНДИЖАНСКОЙ ОБЛАСТИ', 'тезисы доклада на конференции', 2018, 'русский'),
(38565482, 'ГИПЕРУРИКЕМИЯ И РЕФРАКТЕРНАЯ СЕРДЕЧНАЯ НЕДОСТАТОЧНОСТЬ', 'статья в журнале - тезисы доклада на конференции', 9, 'русский'),
(38565498, 'THE EPYDEMIOLOGICAL ASPECTS OF ARTERIAL HYPERTENSIONI', 'статья в журнале - материалы конференции', 21, 'английский'),
(38565499, 'THE PREVALENCE OF SOME SOCIAL-MEDICAL BEHAVIOURAL FACTOR OF THE RISK OF THE DEVELOPMENT ARTERIAL HYPERTENZII AMONGST UNORGANIZED FEMININE AND MALE POPULATION ANDIZHAN STATE', 'статья в журнале - материалы конференции', 22, 'английский'),
(38565529, 'РАСПРОСТРАНЕННОСТЬ НАРУШЕНИЙ ЛИПИДНОГО ОБМЕНА У ВИЧ-ИНФИЦИРОВАННОЙ ПОПУЛЯЦИИ В ВОЗРАСТЕ 20-69 ЛЕТ', 'статья в журнале - материалы конференции', 45, 'русский'),
(38565530, 'СРАВНИТЕЛЬНЫЙ АНАЛИЗ СВЯЗИ ФАКТОРОВ РИСКА СЕРДЕЧНО-СОСУДИСТЫХ ЗАБОЛЕВАНИЙ С ЖЕЛЕЗОДЕФИЦИТНЫМИ СОСТОЯНИЯМИ В ПОПУЛЯЦИИ НАРКОМАНОВ', 'статья в журнале - материалы конференции', 46, 'русский'),
(38565538, 'СРАВНИТЕЛЬНАЯ ХАРАКТЕРИСТИКА РАСПРОСТРАНЕННОСТИ ГИПЕРГЛИКЕМИИ В ПОПУЛЯЦИИ ВИЧ-ИНФИЦИРОВАННЫХ С РАЗНЫМИ СОЦИАЛЬНО-ЭКОНОМИЧЕСКИМИ СТАТУСАМИ', 'статья в журнале - материалы конференции', 51, 'русский'),
(38565575, 'СЕРДЕЧНО-СОСУДИСТАЯ ПАТОЛОГИЯ КАК ПРЕДИКТОР ПРЕЖДЕВРЕМЕННОГО СТАРЕНИЯ ОРГАНИЗМА', 'статья в журнале - материалы конференции', 79, 'русский'),
(38565596, 'ИЗБЫТОЧНАЯ МАССА ТЕЛА КАК ФАКТОР РИСКА РАЗВИТИЯ ПРЕДГИПЕРТЕНЗИИ', 'статья в журнале - материалы конференции', 96, 'русский'),
(38565597, 'ОЦЕНКА СЕРДЕЧНО-СОСУДИСТОГО РИСКА ПРИ ПРЕДГИПЕРТЕНЗИИ', 'статья в журнале - материалы конференции', 96, 'русский'),
(38565598, 'ОЦЕНКА ФАКТОРОВ РИСКА СЕРДЕЧНО-СОСУДИСТЫХ ЗАБОЛЕВАНИЙ В ЦЕЛЯХ ИХ ПРЕДОТВРАЩЕНИЯ И ПРОФИЛАКТИКИ', 'статья в журнале - материалы конференции', 97, 'русский'),
(38565599, 'ЭПИДЕМИОЛОГИЧЕСКИЙ ПОДХОД К ИЗУЧЕНИЮ РАСПРОСТРАНЕННОСТИ АРТЕРИАЛЬНОЙ ГИПЕРТЕНЗИИ В СОВРЕМЕННОЙ ПОПУЛЯЦИИ Г. АНДИЖАНА ФЕРГАНСКОЙ ДОЛИНЫ', 'статья в журнале - материалы конференции', 97, 'русский'),
(38565600, 'ПРОГНОСТИЧЕСКАЯ ЗНАЧИМОСТЬ СУММАРНОГО РИСКА РАЗВИТИЯ СЕРДЕЧНО-СОСУДИСТЫХ ЗАБОЛЕВАНИЙ И ФАКТОРОВ, ЕГО ОПРЕДЕЛЯЮЩИХ, У МУЖСКОГО НАСЕЛЕНИЯ Г. АНДИЖАНА', 'статья в журнале - материалы конференции', 98, 'русский'),
(38565613, 'ПРИМЕНЕНИЕ АМПРИЛАНА В ЛЕЧЕНИИ БОЛЬНЫХ ГИПЕРТОНИЧЕСКОЙ БОЛЕЗНЬЮ', 'статья в журнале - материалы конференции', 108, 'русский'),
(38565631, 'ВКЛАД ПОВЕДЕНЧЕСКИХ СОЦИАЛЬНЫХ ФАКТОРОВ РИСКА В РАЗВИТИЕ АРТЕРИАЛЬНОЙ ГИПЕРТЕНЗИИ У ВИЧ-ИНФИЦИРОВАННОЙ ПОПУЛЯЦИИ', 'статья в журнале - материалы конференции', 120, 'русский'),
(38565654, 'ИЗМЕНЕНИЕ ФУНКЦИОНАЛЬНОГО СОСТОЯНИЯ СИМПАТИКО-АДРЕНАЛОВОЙ СИСТЕМЫ И ПРОЦЕССОВ ПЕРЕКИСНОГО ОКИСЛЕНИЯ ЛИПИДОВ У БОЛЬНЫХ С МЕТАБОЛИЧЕСКИМ СИНДРОМОМ', 'статья в журнале - материалы конференции', 138, 'русский'),
(38565658, 'ВЛИЯНИЕ АГОНИСТОВ ИМИДАЗОЛИНОВЫХ РЕЦЕПТОРОВ НА СТАБИЛИЗАЦИЮ КЛИНИКО-МЕТАБОЛИЧЕСКИХ ПОКАЗАТЕЛЕЙ У ПАЦИЕНТОВ С АРТЕРИАЛЬНОЙ ГИПЕРТОНИЕЙ И МЕТАБОЛИЧЕСКИМ СИНДРОМОМ', 'статья в журнале - материалы конференции', 142, 'русский'),
(38565659, 'ОЦЕНКА СЕКРЕТОРНОЙ АКТИВНОСТИ ЖИРОВОЙ ТКАНИ ПРИ СНИЖЕНИИ МАССЫ ТЕЛА У ПАЦИЕНТОВ С МЕТАБОЛИЧЕСКИМ СИНДРОМОМ', 'статья в журнале - материалы конференции', 143, 'русский'),
(38565667, 'ВЛИЯНИЕ КОМБИНИРОВАННОГО ЛЕЧЕНИЯ НА АКТИВНОСТЬ ПРОЦЕССОВ ПЕРЕКИСНОГО ОКИСЛЕНИЯ ЛИПИДОВ У ПОЖИЛЫХ БОЛЬНЫХ ИБС С СУБКЛИНИЧЕСКИМ ГИПОТИРЕОЗОМ', 'статья в журнале - материалы конференции', 149, 'русский'),
(38565713, 'КОМБИНИРОВАННАЯ ТЕРАПИЯ БОЛЬНЫХ, СТРАДАЮЩИХ ИБС С СУБКЛИНИЧЕСКИМ ГИПОТИРЕОЗОМ', 'статья в журнале - материалы конференции', 185, 'русский'),
(38565714, 'ДИНАМИКА АКТИВНОСТИ СИМПАТИКО-АДРЕНАЛОВОЙ СИСТЕМЫ У ПОЖИЛЫХ БОЛЬНЫХ ИБС С СУБКЛИНИЧЕСКИМ ГИПОТИРЕОЗОМ В РЕЗУЛЬТАТЕ КОМБИНИРОВАННОГО ЛЕЧЕНИЯ', 'статья в журнале - материалы конференции', 186, 'русский'),
(38565718, 'ПОКАЗАТЕЛИ АКТИВНОСТИ СИМПАТИКО-АДРЕНАЛОВОЙ СИСТЕМЫ У БОЛЬНЫХ, СТРАДАЮЩИХ ИБС С СУБКЛИНИЧЕСКИМ ГИПОТИРЕОЗОМ', 'статья в журнале - материалы конференции', 189, 'русский'),
(38565726, 'ОСОБЕННОСТИ ИЗМЕНЕНИИ АКТИВНОСТИ СИМПАТИКО-АДРЕНАЛОВОЙ СИСТЕМЫ У БОЛЬНЫХ МИКРОВАСКУЛЯРНОЙ СТЕНОКАРДИЕЙ', 'статья в журнале - материалы конференции', 195, 'русский'),
(38565748, 'НАРУШЕНИЯ ПРОЦЕССОВ ПЕРОКСИДАЦИИ И ИММУННОЙ СИСТЕМЫ У БОЛЬНЫХ ИНФАРКТОМ МИОКАРДА', 'статья в журнале - материалы конференции', 212, 'русский'),
(38565761, 'ДИСЛИПИДЕМИЯ И ПРОЦЕССЫ ПЕРЕКИСНОГО ОКИСЛЕНИЯ ЛИПИДОВ ПРИ ОСТРОМ КОРОНАРНОМ СИНДРОМЕ', 'статья в журнале - материалы конференции', 221, 'русский'),
(38565763, 'К ВОПРОСУ СИМПАТОАДРЕНАЛОВОЙ АКТИВНОСТИ ОРГАНИЗМА ПРИ ОСТРОМ КОРОНАРНОМ СИНДРОМЕ', 'статья в журнале - материалы конференции', 223, 'русский'),
(38565764, 'МАРКЕРЫ ИММУННОГО ВОСПАЛЕНИЯ ПРИ ОСТРОМ КОРОНАРНОМ СИНДРОМЕ', 'статья в журнале - материалы конференции', 223, 'русский'),
(38565765, 'ОЦЕНКА УРОВНЕЙ АКТИВНОСТИ МАТРИКСНЫХ МЕТАЛЛОПРОТЕИНАЗ И ДРУГИХ МАРКЕРОВ ВОСПАЛЕНИЯ У БОЛЬНЫХ ОСТРЫМ КОРОНАРНЫМ СИНДРОМОМ', 'статья в журнале - материалы конференции', 224, 'русский'),
(38565769, 'ВЫЯВЛЕНИЕ УГРОЖАЮЩИХ ЖИЗНИ АРИТМИЙ ПРИ ХОЛТЕРОВСКОМ ЭКГ-МОНИТОРИРОВАНИИ У БОЛЬНЫХ ИБС', 'статья в журнале - материалы конференции', 228, 'русский'),
(38565771, 'ХОЛТЕРОВСКОЕ МОНИТОРИРОВАНИЕ ЭКГ КАК МЕТОД ДИАГНОСТИКИ АРИТМИЙ У БОЛЬНЫХ С ИДИОПАТИЧЕСКИМ ПРОЛАПСОМ МИТРАЛЬНОГО КЛАПАНА', 'статья в журнале - материалы конференции', 229, 'русский'),
(38565795, 'EXTRA LIVER MANIFESTATION WITH HCV-INFECTION', 'статья в журнале - материалы конференции', 247, 'английский'),
(38565823, 'НЕИНВАЗИВНЫЙ МЕТОД ДИАГНОСТИКИ СЕРДЕЧНОЙ НЕДОСТАТОЧНОСТИ', 'статья в журнале - материалы конференции', 267, 'русский'),
(38565840, 'ОСОБЕННОСТИ КЛИНИКО-ФУНКЦИОНАЛЬНЫХ И ГЕМОДИНАМИЧЕСКИХ ПРОЯВЛЕНИЙ СТРЕСС-ИНДУЦИРОВАННОЙ КАРДИОМИОПАТИИ', 'статья в журнале - материалы конференции', 280, 'русский'),
(38565898, 'ПРОГНОЗИРОВАНИЕ МАЛЫХ ПОВРЕЖДЕНИЙ МИОКАРДА ПОСЛЕ ЧРЕСКОЖНЫХ КОРОНАРНЫХ ВМЕШАТЕЛЬСТВ', 'статья в журнале - материалы конференции', 323, 'русский'),
(38565973, 'СОЧЕТАНИЕ ОСТЕОАРТРОЗА С ЗАБОЛЕВАНИЯМИ СЕРДЕЧНО-СОСУДИСТОЙ СИСТЕМЫ', 'статья в журнале - материалы конференции', 377, 'русский'),
(38565980, 'СОСТОЯНИЕ НЕСПЕЦИФИЧЕСКОЙ РЕЗИСТЕНТНОСТИ ОРГАНИЗМА У БОЛЬНЫХ СЕРДЕЧНО-СОСУДИСТОЙ ПАТОЛОГИЕЙ', 'статья в журнале - материалы конференции', 383, 'русский'),
(38571067, 'НРАВСТВЕННО-ПСИХОЛОГИЧЕСКИЙ ИММУНИТЕТ КАК ОСНОВА ПРОФИЛАКТИКИ МОРАЛЬНОГО ОТЧУЖДЕНИЯ В СОВРЕМЕННОМ ИНФОРМАЦИОННОМ МИРЕ', 'статья в сборнике трудов конференции', 2019, 'русский'),
(38595698, 'ОЦЕНКА АССОЦИАЦИИ ВАРИАНТОВ ГЕНОВ BRCA1 И BRCA2 С РАЗВИТИЕМ РАКА ЯИЧНИКОВ У БОЛЬНЫХ С ВЫСОКИМ НАСЛЕДСТВЕННЫМ РИСКОМ', 'статья в журнале - научная статья', 187, 'русский'),
(39006785, 'ON THE ISSUE OF SPEAKER\'S IDENTIFICATION IN COMMUNICATION NETWORKS AND TERMINAL EQUIPMENT OF ONBOARD SYSTEM', 'статья в сборнике трудов конференции', 2019, 'английский'),
(39150448, 'КУЛЬТУРА И МАССЫ В УСЛОВИЯХ ПОЛИТИЧЕСКОГО ПРОТИВОСТОЯНИЯ В ГОДЫ ГРАЖДАНСКОЙ ВОЙНЫ', 'монография', 2019, 'русский'),
(39165841, 'FORMATION AND DEVELOPMENT OF THE DIGITAL ECONOMY IN MODERN CONDITIONS -DEVELOPMENT WITHIN THE FRAMEWORK OF INDUSTRY 4.0', 'статья в сборнике трудов конференции', 2019, 'английский'),
(39199146, 'ВЛИЯНИЕ ОСАНКИ НА УРОВЕНЬ ФИЗИЧЕСКОГО РАЗВИТИЯ ШКОЛЬНИКОВ', 'статья в журнале - краткое сообщение', 254, 'русский'),
(39204055, 'ОЦЕНКА АЛЛЕРГИИ ПРЕПАРАТОМ \" СИНГЛОН И L-ЦЕТ\" У БОЛЬНЫХ КРАПИВНИЦЕЙ', 'тезисы доклада на конференции', 2019, 'русский');
INSERT INTO `publications` (`id`, `title`, `type`, `year`, `language`) VALUES
(39211167, 'ИСПОЛЬЗОВАНИЕ ИНТЕРАКТИВНОЙ ДОСКИ КАК УСЛОВИЕ ПОВЫШЕНИЯ КАЧЕСТВА ОБУЧЕНИЯ НА УРОКАХ ГЕОГРАФИИ', 'статья в сборнике трудов конференции', 2019, 'русский'),
(39220520, 'МОБИЛЬНАЯ КОМПЬЮТЕРНАЯ СИСТЕМА ДЛЯ ДИАГНОСТИКИ СОСТОЯНИЯ ОРГАНОВ ЖЕЛУДОЧНО-КИШЕЧНОГО ТРАКТА НА ОСНОВЕ BLUETOOTH ТЕХНОЛОГИЙ', 'статья в журнале - научная статья', 54, 'русский'),
(39237677, 'СОВРЕМЕННЫЕ ТЕНДЕНЦИИ ИСПОЛЬЗОВАНИЯ КОРСЕТА', 'статья в сборнике трудов конференции', 2019, 'русский'),
(39238201, 'УСОВЕРШЕНСТВОВАННЫЕ СПОСОБЫ ХИРУРГИЧЕСКОГО ЛЕЧЕНИЯНАУЧНЫЕ ИССЛЕДОВАНИЯ М НПОСЛЕОЖОГОВЫХ ДЕФЕКТОВ МЯГКИХ И КОСТНЫХ ТКАНЕЙ СВОДА ЧЕРЕПА', 'статья в журнале - краткое сообщение', 54, 'русский'),
(39248847, 'НЕКОТОРЫЕ ВОЗМОЖНОСТИ УЛЬТРАЗВУКОВОЙ ДОППЛЕРОГРАФИИ ПЕЧЕНИ В ДИАГНОСТИКЕ СИНДРОМА ПОРТАЛЬНОЙ ГИПЕРТЕНЗИИ', 'статья в сборнике трудов конференции', 2018, 'русский'),
(39249033, 'НЕКОТОРЫЕ ОСОБЕННОСТИ ПРИОБРЕТЕННЫХ ПОРОКОВ СЕРДЦА У БОЛЬНЫХ НА ОСНОВАНИИ КОМПЛЕКСНОГО УЛЬТРАЗВУКОВОГО ИССЛЕДОВАНИЯ ДЛЯ УСОВЕРШЕНСТВОВАНИЯ ДИАГНОСТИКИ И ОПТИМИЗАЦИИ ДИСПАНСЕРНОГО НАБЛЮДЕНИЯ', 'статья в сборнике трудов конференции', 2018, 'русский'),
(39249034, 'НЕКОТОРЫЕ ОСОБЕННОСТИ УЛЬТРАЗВУКОВОЙ ДИАГНОСТИКИ НЕОПУХОЛЕВЫХ ЗАБОЛЕВАНИЙ ЩИТОВИДНОЙ ЖЕЛЕЗЫ', 'статья в сборнике трудов конференции', 2018, 'русский'),
(39249076, 'ИЗМЕНЕНИЕ НЕСПЕЦИФИЧЕСКИХ ФАКТОРОВ ЗАЩИТЫ БОЛЬНЫХ ХРОНИЧЕСКИМ САЛЬПИНГООФОРИТОМ ПОД ДЕЙСТВИЕМ КОМПЛЕКСНОЙ ФИЗИЧЕСКОЙ РЕАБИЛИТАЦИИ', 'статья в сборнике трудов конференции', 2018, 'русский'),
(39249136, 'НЕКОТОРЫЕ ОСОБЕННОСТИ УЛЬТРАЗВУКОВОЙ СИМПТОМОЛОГИИ РАЗЛИЧНЫХ ВРОЖДЕННЫХ ПОРОКОВ СЕРДЦА У ПЛОДА', 'статья в сборнике трудов конференции', 2018, 'русский'),
(39249219, 'УЛЬТРАЗВУКОВАЯ ОЦЕНКА НОВООБРАЗОВАНИЙ ПОЧЕК', 'статья в сборнике трудов конференции', 2018, 'русский'),
(39249586, 'СОЦИАЛЬНО-НРАВСТВЕННОЕ ЗДОРОВЬЕ ЖЕНЩИН РЕПРОДУКТИВНОГО ВОЗРАСТА', 'статья в сборнике трудов конференции', 2019, 'русский'),
(39253626, 'PECULIARITIES OF TAXATION OF MEDIA RESOURCES IN EDUCATION', 'статья в сборнике трудов конференции', 2019, 'английский'),
(39255801, 'СФЕРА ОБРАЗОВАНИЯ И СОВРЕМЕННЫЕ ПЕДАГОГИЧЕСКИЕ ТЕХНОЛОГИИ', 'статья в сборнике трудов конференции', 2019, 'русский'),
(39255818, 'ИНТЕРНЕТ ТЕХНОЛОГИИ КАК ЭФФЕКТИВНЫЙ СПОСОБ ФОРМИРОВАНИЯ КОММУНИКАТИВНОЙ КОМПЕТЕНТНОСТИ СТУДЕНТОВ', 'статья в сборнике трудов конференции', 2019, 'русский'),
(39257236, 'НЕКОТОРЫЕ ОСОБЕННОСТИ УЛЬТРАЗВУКОВОЙ ДИАГНОСТИКИ МЕХАНИЧЕСКОЙ ХОЛЕСТАЗА ПРИ ПАРАЗИТАРНЫХ ЗАБОЛЕВАНИЙ ПЕЧЕНИ', 'статья в сборнике трудов конференции', 2018, 'русский'),
(39267031, 'THE IMPORTANCE OF INFORMATION TECHNOLOGY IN THE ACTIVITIES OF TAX AUTHORITIES', 'статья в сборнике трудов конференции', 2019, 'английский'),
(39267242, 'MEDIA RESOURCES IN EDUCATION: THE TAXATION ASPECT', 'статья в сборнике трудов конференции', 2019, 'английский'),
(39267284, 'TAX ON PROPERTY OF PHYSICAL PERSONS: PROBLEMS AND CONSEQUENCES OF REFORMATION', 'статья в сборнике трудов конференции', 2019, 'английский'),
(39268879, 'ПРИМЕНЕНИЕ ИНТЕРАКТИВНОЙ ФОРМЫ ОБУЧЕНИЯ РУССКОМУ ЯЗЫКУ В СИСТЕМЕ ПРОФЕССИОНАЛЬНОГО ОБРАЗОВАНИЯ', 'статья в сборнике трудов конференции', 2019, 'русский'),
(39322276, 'УЧЕБНО-МЕТОДИЧЕСКОЕ ПОСОБИЕ ДЛЯ СТУДЕНТОВ (БАКАЛАВРОВ И МАГИСТРОВ), ОБУЧАЮЩИХСЯ ПО НАПРАВЛЕНИЯМ ПЕДАГОГИЧЕСКОГО ОБРАЗОВАНИЯ', 'учебное пособие', 2019, 'русский'),
(39386900, 'УЧЕБНО-МЕТОДИЧЕСКОЕ ПОСОБИЕ ПО ДОМАШНЕМУ ЧТЕНИЮ ПО РОМАНУ ЭРИХА КЕСТНЕРА \"ТРОЕ В СНЕГУ\"', 'учебное пособие', 2019, 'многоязычный'),
(39389528, 'УЧЕБНО-МЕТОДИЧЕСКОЕ ПОСОБИЕ ПО ДОМАШНЕМУ ЧТЕНИЮ ПО КНИГЕ ЭРИХА КЕСТНЕРА \"ДВОЙНАЯ ЛОТТОЧКА\"', 'учебное пособие', 2019, 'многоязычный'),
(39552196, 'О ВЛОЖЕНИИ ЭЛЕМЕНТАРНОЙ СЕТИ В ПРОМЕЖУТОК СЕТЕЙ', 'статья в сборнике трудов конференции', 2019, 'русский'),
(39576686, 'ФОРМИРОВАНИЕ ФУНКЦИОНАЛЬНОЙСИСТЕМЫ \"МАКРООРГАНИЗМ - МИКРОФЛОРАКИШЕЧНИКА - ВНЕШНЯЯ СРЕДА\"И МЕХАНИЗМОВ ГОМЕОСТАЗА', 'статья в журнале - научная статья', 25, 'русский'),
(39576713, 'СОЧЕТАНИЕ АЛЛЕРГИЧЕСКОГО РИНИТА С ЗАБОЛЕВАНИЯМИ ВЕРХНИХ ДЫХАТЕЛЬНЫХ ПУТЕЙ У ДЕТЕЙ', 'статья в журнале - краткое сообщение', 69, 'русский'),
(40534800, 'КРЕМНИЙОРГАНИЧЕСКИЕ КОМПОЗИЦИОННЫЕ МАТЕРИАЛЫ, ПРЕДНАЗНАЧЕННЫЕ ДЛЯ ПАССИВАЦИИ, ЗАЩИТЫ И ГЕРМЕТИЗАЦИИ ИЗДЕЛИЙ МИКРО- И НАНОЭЛЕКТРОНИКИ', 'статья в сборнике трудов конференции', 2019, 'русский'),
(40547377, 'ВЛИЯНИЕ ГЛИЦИНА НА АКТИВНОСТЬ КАТАЛАЗЫ И СУПЕРОКСИДДИСМУТАЗЫ В ДИНАМИКЕ ЭКСПЕРИМЕНТАЛЬНОГО ИНФАРКТА МИОКАРДА', 'тезисы доклада на конференции', 2019, 'русский'),
(40547378, 'ВЛИЯНИЕ ХЛОРГЕКСИДИНА НА СКОРОСТЬ ОБРАЗОВАНИЕ ЗУБНОГО НАЛЕТА', 'тезисы доклада на конференции', 2019, 'русский'),
(40547379, 'ИММУНОМОДУЛЯЦИЯ ПРИ ЧАСТЫХ ПРОСТУДНЫХ ЗАБОЛЕВАНИЯХ У ДЕТЕЙ', 'тезисы доклада на конференции', 2019, 'русский'),
(40621373, 'ЧИТАЕМ НЕМЕЦКУЮ ЛИТЕРАТУРУ В ОРИГИНАЛЕ (НА МАТЕРИАЛЕ ДЕТЕКТИВНЫХ РАССКАЗОВ) ИЗ СЕРИИ РАССКАЗОВ ФЕЛИКС &ТЕО', 'учебное пособие', 2019, 'многоязычный'),
(40631411, 'ПСИХИЧЕСКАЯ НАДЕЖНОСТЬ СПОРТСМЕНОВ, ЗАНИМАЮЩИХСЯ ЕДИНОБОРСТВАМИ', 'монография', 2019, 'русский'),
(40654179, 'СОЦИАЛЬНО-ПСИХОЛОГИЧЕСКИЕ ОСОБЕННОСТИ КОПИНГ - ПОВЕДЕНИЯ МУЖЧИН И ЖЕНЩИН', 'статья в сборнике трудов конференции', 2019, 'русский'),
(40844574, 'ИЗБИРАТЕЛЬНОСТЬ ТОРМОЖЕНИЯ ПАНКРЕАТИЧЕСКОГО ФЕРМЕНТОВЫДЕЛЕНИЯ ПРИ ИНТРАДУОДЕНАЛЬНОМ ВВЕДЕНИИ АМИЛАЗЫ', 'статья в сборнике трудов конференции', 2019, 'русский'),
(40844623, 'МОРФОЛОГИЧЕСКИЕ И МИКОЛОГИЧЕСКИЕ ИССЛЕДОВАНИЯ МИНДАЛИН У БОЛЬНЫХ ХРОНИЧЕСКИМ ТОНЗИЛЛИТОМ', 'статья в сборнике трудов конференции', 2019, 'русский'),
(40844625, 'ОПРЕДЕЛЕНИЕ ПУТЕЙ ЛИМФОТОКА ИЗ НОСА И ОКОЛОНОСОВЫХ ПАЗУХ У СОБАК В ЭКСПЕРИМЕНТЕ', 'статья в сборнике трудов конференции', 2019, 'русский'),
(41017854, 'ЧИТАЕМ НЕМЕЦКУЮ ЛИТЕРАТУРУ В ОРИГИНАЛЕ (НА МАТЕРИАЛЕ ДЕТЕКТИВНЫХ РАССКАЗОВ) ИЗ СЕРИИ РАССКАЗОВ ФЕЛИКС &ТЕО', 'учебное пособие', 2019, 'многоязычный'),
(41017861, 'ЧИТАЕМ НЕМЕЦКУЮ ЛИТЕРАТУРУ В ОРИГИНАЛЕ (НА МАТЕРИАЛЕ ДЕТЕКТИВНЫХ РАССКАЗОВ) ИЗ СЕРИИ РАССКАЗОВ ФЕЛИКС & ТЕО', 'учебное пособие', 2019, 'многоязычный');

-- --------------------------------------------------------

--
-- Структура таблицы `publications_to_authors`
--

CREATE TABLE `publications_to_authors` (
  `id` int(11) NOT NULL,
  `publicationid` int(11) NOT NULL,
  `authorid` int(11) NOT NULL
) ENGINE=InnoDB DEFAULT CHARSET=utf8;

--
-- Дамп данных таблицы `publications_to_authors`
--

INSERT INTO `publications_to_authors` (`id`, `publicationid`, `authorid`) VALUES
(152, 39204055, 1001122),
(153, 38565498, 787570),
(154, 38565499, 311470),
(155, 38552308, 1041893),
(156, 38552232, 956797),
(157, 38552232, 854520),
(158, 36691485, 984767),
(159, 36908762, 962751),
(160, 36963581, 593089),
(161, 35620001, 265823),
(162, 35189947, 696217),
(163, 35189947, 696217),
(164, 35189949, 1031591),
(165, 35189949, 1031591),
(166, 35234846, 999378),
(167, 35234846, 999378),
(168, 35234851, 466995),
(169, 35234851, 466995),
(170, 35234853, 872606),
(171, 35234853, 872606),
(172, 35234853, 975614),
(173, 35234853, 975614),
(174, 35234831, 39727),
(175, 35234831, 39727),
(176, 36486892, 373368),
(177, 36486892, 373368),
(178, 36486900, 463625),
(179, 36486900, 463625),
(180, 29125924, 568188),
(181, 29125924, 568188),
(182, 29125924, 593090),
(183, 29125924, 593090),
(184, 35608397, 904594),
(185, 35608397, 904594),
(186, 30755158, 593091),
(187, 36409865, 390224),
(188, 28394883, 464554),
(189, 35268853, 464109),
(190, 35268853, 464109),
(191, 35268853, 645979),
(192, 35268853, 645979),
(193, 26564966, 987551),
(194, 26564966, 987551),
(195, 29187347, 449058),
(196, 29331814, 391996),
(197, 29769851, 336551),
(198, 29769869, 476438),
(199, 29769882, 332968),
(200, 20167668, 778156),
(201, 20782552, 786930),
(202, 20408901, 287582),
(203, 18737498, 583964),
(204, 18737498, 534182),
(205, 21706296, 266961),
(206, 18022116, 504703),
(207, 15643581, 685809),
(208, 15643581, 195017),
(209, 16986841, 641155),
(210, 16861682, 265344),
(211, 17044610, 390072),
(212, 21142923, 481775),
(213, 21109107, 677271),
(214, 21109095, 849971),
(215, 21109095, 195246),
(216, 15627935, 530654),
(217, 16620241, 678531),
(218, 37039312, 781679),
(219, 16620241, 551445),
(220, 37039312, 772375),
(221, 37039312, 871974),
(222, 37295021, 518541),
(223, 37295021, 770839),
(224, 37295021, 74287),
(225, 37295021, 454883),
(226, 37414634, 368067),
(227, 37414634, 513183),
(228, 37414634, 562634),
(229, 37414634, 489643),
(230, 37414634, 593264),
(231, 37414634, 383114),
(232, 37414634, 1035272),
(233, 12927898, 496514),
(234, 37414634, 459070),
(235, 37414634, 115663),
(236, 12972621, 567165),
(237, 37414634, 440982),
(238, 12919128, 396793),
(239, 37414634, 403604),
(240, 37414634, 773591),
(241, 37414634, 1020829),
(242, 37414634, 807575),
(243, 12517284, 788176),
(244, 37414634, 424908),
(245, 12517284, 906880),
(246, 37414634, 761696),
(247, 37645622, 355370),
(248, 37645622, 768391),
(249, 37645622, 497832),
(250, 37645622, 325363),
(251, 37645622, 689717),
(252, 37778423, 511999),
(253, 37778423, 558641),
(254, 37778423, 816207),
(255, 37778423, 816803),
(256, 38178485, 543075),
(257, 38178485, 175738),
(258, 38178485, 768881),
(259, 22810872, 970742),
(260, 38178485, 272630),
(261, 38178485, 280877),
(262, 38178485, 129004),
(263, 38178485, 643026),
(264, 38178485, 826177),
(265, 38178485, 614699),
(266, 12938750, 605795),
(267, 38178485, 710985),
(268, 38178485, 303886),
(269, 38178485, 309197),
(270, 38178485, 780250),
(271, 9489716, 834167),
(272, 38178485, 338012),
(273, 38178485, 903884),
(274, 38178485, 619889),
(275, 38178485, 364459),
(276, 38178485, 179214),
(277, 38178485, 373811),
(278, 38178485, 667016),
(279, 38178485, 408746),
(280, 38178485, 622925),
(281, 38178485, 20321),
(282, 38178485, 437483),
(283, 38178485, 452391),
(284, 38178485, 129009),
(285, 38178485, 706449),
(286, 38178485, 765105),
(287, 14778220, 350747),
(288, 39150448, 696851),
(289, 9250467, 631662),
(290, 39386900, 740500),
(291, 14671836, 90010),
(292, 39386900, 779018),
(293, 39386900, 799594),
(294, 39386900, 755609),
(295, 40631411, 771800),
(296, 40631411, 772177),
(297, 37280168, 557786),
(298, 37280168, 768820),
(299, 10018097, 651646),
(300, 37280168, 311699),
(301, 37280168, 473780),
(302, 38552218, 451000),
(303, 37473127, 255071),
(304, 37640200, 931097),
(305, 37640200, 930575),
(306, 38518114, 777720),
(307, 38494719, 891196),
(308, 37343336, 211888),
(309, 39237677, 540375),
(310, 39237677, 772863),
(311, 37728990, 399715),
(312, 17076433, 255588),
(313, 37296326, 771133),
(314, 37640208, 351470),
(315, 37530118, 686725),
(316, 37199890, 714686),
(317, 19134513, 640234),
(318, 38162219, 776854),
(319, 38162219, 774933),
(320, 38219789, 697225),
(321, 37728995, 311760),
(322, 38219789, 91343),
(323, 38219789, 438366),
(324, 37640213, 930972),
(325, 40534800, 132186),
(326, 40534800, 132187),
(327, 37640214, 872478),
(328, 37640214, 473568),
(329, 37640214, 930565),
(330, 37530119, 771302),
(331, 38255016, 772008),
(332, 39211167, 765678),
(333, 38571067, 375465),
(334, 38502762, 118404),
(335, 38503406, 930577),
(336, 37270390, 596021),
(337, 37270390, 410791),
(338, 38494707, 667052),
(339, 38494707, 667052),
(340, 38494707, 716626),
(341, 38494707, 716626),
(342, 38494707, 728524),
(343, 37626201, 358439),
(344, 37253925, 671206),
(345, 37253925, 772934),
(346, 38050522, 72268),
(347, 38050522, 994550),
(348, 38050522, 991237),
(349, 38050522, 975526),
(350, 38050522, 1036766),
(351, 38050522, 936045),
(352, 38050522, 1020667),
(353, 38050522, 1035064),
(354, 38050522, 749109),
(355, 38050522, 1034928),
(356, 38050522, 1003830),
(357, 38050522, 1027118),
(358, 38050522, 433942),
(359, 38050522, 930183),
(360, 38050522, 1003792),
(361, 38050522, 1014282),
(362, 38050522, 1025664),
(363, 38050522, 1032087),
(364, 38050522, 281271),
(365, 38050522, 708608),
(366, 38050522, 829170),
(367, 38050522, 691188),
(368, 38050522, 704571),
(369, 37640187, 931195),
(370, 37640187, 931038),
(371, 37640187, 346963),
(372, 38546350, 580752),
(373, 36994161, 467681),
(374, 39267284, 175745),
(375, 39267284, 397413),
(376, 39267284, 230686),
(377, 39267031, 75329),
(378, 39267242, 287564),
(379, 39552196, 8620),
(380, 39552196, 8622),
(381, 38234127, 326640),
(382, 38234127, 346997),
(383, 38502673, 926514),
(384, 39165841, 400133),
(385, 39165841, 714688),
(386, 39165841, 768652),
(387, 39165841, 472307),
(388, 37414699, 129056),
(389, 37414699, 811296),
(390, 39322276, 298743),
(391, 39322276, 354718),
(392, 39322276, 179982),
(393, 39322276, 272455),
(394, 39006785, 888270);

-- --------------------------------------------------------

--
-- Структура таблицы `publications_to_organisations`
--

CREATE TABLE `publications_to_organisations` (
  `id` int(11) NOT NULL,
  `publicationid` int(11) NOT NULL,
  `orgsid` int(11) NOT NULL
) ENGINE=InnoDB DEFAULT CHARSET=utf8;

--
-- Дамп данных таблицы `publications_to_organisations`
--

INSERT INTO `publications_to_organisations` (`id`, `publicationid`, `orgsid`) VALUES
(774, 9084493, 1273),
(777, 9173316, 1273),
(789, 9216450, 1273),
(791, 9216468, 1273),
(787, 9216732, 1273),
(793, 9216823, 1273),
(794, 9216825, 1273),
(795, 9216854, 1273),
(797, 9216873, 1273),
(798, 9216874, 1273),
(799, 9216887, 1273),
(800, 9216888, 1273),
(801, 9216893, 1273),
(750, 9248473, 1273),
(737, 9248513, 1273),
(739, 9248514, 1273),
(741, 9248536, 1273),
(742, 9248576, 1273),
(743, 9248577, 1273),
(744, 9248582, 1273),
(745, 9248587, 1273),
(746, 9248598, 1273),
(747, 9248601, 1273),
(748, 9248604, 1273),
(749, 9248608, 1273),
(751, 9248669, 1273),
(734, 9248738, 1273),
(735, 9248807, 1273),
(736, 9249012, 1273),
(738, 9249020, 1273),
(740, 9249105, 1273),
(762, 9250365, 1273),
(760, 9250466, 1273),
(761, 9250467, 1273),
(826, 9250684, 1273),
(785, 9300134, 1273),
(728, 9489629, 1273),
(729, 9489630, 1273),
(730, 9489716, 1273),
(731, 9489820, 1273),
(732, 9489821, 1273),
(721, 9928267, 1273),
(803, 9938459, 1273),
(720, 9953940, 1273),
(725, 9955767, 1273),
(776, 10018097, 1273),
(722, 10332241, 1273),
(684, 12364736, 1273),
(688, 12517258, 1273),
(689, 12517275, 1273),
(690, 12517277, 1273),
(691, 12517284, 1273),
(692, 12517287, 1273),
(694, 12798759, 1273),
(695, 12798761, 1273),
(696, 12798763, 1273),
(697, 12798778, 1273),
(686, 12919128, 1273),
(700, 12922899, 1273),
(681, 12927898, 1273),
(786, 12936557, 1273),
(727, 12938750, 1273),
(719, 12957185, 1273),
(685, 12972621, 1273),
(708, 13010846, 1273),
(709, 13010854, 1273),
(701, 13014972, 1273),
(702, 13014973, 1273),
(703, 13014977, 1273),
(704, 13014978, 1273),
(705, 13014979, 1273),
(707, 13014980, 1273),
(699, 13017334, 1273),
(733, 13024502, 1273),
(665, 13085245, 1273),
(715, 13332878, 1273),
(716, 13332888, 1273),
(717, 13332895, 1273),
(718, 13332901, 1273),
(666, 13756770, 1273),
(667, 13756772, 1273),
(660, 13859331, 1273),
(668, 14628028, 1273),
(669, 14628030, 1273),
(764, 14671836, 1273),
(758, 14778220, 1273),
(670, 15202794, 1273),
(671, 15202803, 1273),
(673, 15202812, 1273),
(674, 15202822, 1273),
(675, 15223058, 1273),
(683, 15247122, 1273),
(676, 15251495, 1273),
(661, 15543002, 1273),
(662, 15543006, 1273),
(618, 15560428, 1273),
(677, 15566033, 1273),
(678, 15566101, 1273),
(679, 15566114, 1273),
(619, 15617182, 1273),
(654, 15627935, 1273),
(621, 15643581, 1273),
(726, 16256545, 1273),
(752, 16330972, 1273),
(657, 16363943, 1273),
(658, 16363955, 1273),
(659, 16363957, 1273),
(628, 16363960, 1273),
(629, 16537037, 1273),
(631, 16537049, 1273),
(630, 16537056, 1273),
(632, 16537177, 1273),
(655, 16620241, 1273),
(620, 16815372, 1273),
(633, 16861682, 1273),
(634, 16861796, 1273),
(623, 16986841, 1273),
(635, 17044610, 1273),
(809, 17076433, 1273),
(783, 17107658, 1273),
(768, 17253870, 1273),
(600, 17306339, 1273),
(604, 17641604, 1273),
(605, 17685217, 1273),
(606, 17850396, 1273),
(603, 17865896, 1273),
(723, 17888158, 1273),
(724, 17888168, 1273),
(710, 17889595, 1273),
(607, 17937421, 1273),
(594, 18022116, 1273),
(592, 18022577, 1273),
(608, 18061713, 1273),
(613, 18081836, 1273),
(611, 18141755, 1273),
(612, 18236241, 1273),
(780, 18354331, 1273),
(583, 18737498, 1273),
(650, 18816594, 1273),
(651, 18816595, 1273),
(609, 18912903, 1273),
(588, 18933990, 1273),
(804, 19058574, 1273),
(805, 19058576, 1273),
(806, 19058599, 1273),
(614, 19093792, 1273),
(586, 19096537, 1273),
(587, 19096538, 1273),
(811, 19120523, 1273),
(812, 19134463, 1273),
(814, 19134483, 1273),
(815, 19134492, 1273),
(817, 19134493, 1273),
(818, 19134505, 1273),
(819, 19134512, 1273),
(822, 19134513, 1273),
(825, 19141530, 1273),
(570, 20167668, 1273),
(680, 20224756, 1273),
(582, 20306980, 1273),
(601, 20373107, 1273),
(576, 20408901, 1273),
(577, 20409982, 1273),
(589, 20413128, 1273),
(590, 20413131, 1273),
(610, 20434204, 1273),
(574, 20782552, 1273),
(575, 20782556, 1273),
(687, 20819903, 1273),
(571, 20931399, 1273),
(711, 21046045, 1273),
(649, 21109095, 1273),
(647, 21109098, 1273),
(648, 21109107, 1273),
(573, 21115498, 1273),
(646, 21142923, 1273),
(572, 21240743, 1273),
(549, 21267460, 1273),
(584, 21273657, 1273),
(530, 21311280, 1273),
(602, 21315227, 1273),
(548, 21457039, 1273),
(652, 21587530, 1273),
(653, 21587545, 1273),
(617, 21706201, 1273),
(593, 21706296, 1273),
(591, 22025876, 1273),
(533, 22134841, 1273),
(531, 22253585, 1273),
(532, 22253594, 1273),
(585, 22253697, 1273),
(545, 22413369, 1273),
(622, 22627854, 1273),
(538, 22741801, 1273),
(539, 22741802, 1273),
(540, 22741836, 1273),
(541, 22741852, 1273),
(581, 22742245, 1273),
(578, 22742266, 1273),
(579, 22742267, 1273),
(580, 22742306, 1273),
(714, 22810872, 1273),
(713, 22811852, 1273),
(550, 22901614, 1273),
(546, 22989584, 1273),
(544, 23048425, 1273),
(488, 23060859, 1273),
(495, 23576333, 1273),
(769, 23776185, 1273),
(772, 23776186, 1273),
(435, 23799497, 1273),
(437, 23903965, 1273),
(439, 23904000, 1273),
(445, 23904203, 1273),
(447, 23904394, 1273),
(567, 23952845, 1273),
(569, 23952874, 1273),
(494, 24072936, 1273),
(568, 24164348, 1273),
(534, 24217048, 1273),
(535, 24217049, 1273),
(536, 24217052, 1273),
(537, 24217053, 1273),
(524, 24265105, 1273),
(525, 24308526, 1273),
(526, 24308527, 1273),
(527, 24308530, 1273),
(528, 24308559, 1273),
(529, 24308562, 1273),
(682, 24353032, 1273),
(467, 24389284, 1273),
(469, 24389285, 1273),
(471, 24389286, 1273),
(448, 24610630, 1273),
(441, 24611987, 1273),
(443, 24611997, 1273),
(615, 24829563, 1273),
(616, 24829566, 1273),
(501, 24845800, 1273),
(517, 25026368, 1273),
(542, 25029439, 1273),
(543, 25029440, 1273),
(566, 25137781, 1273),
(516, 25263859, 1273),
(433, 25427827, 1273),
(465, 25611349, 1273),
(462, 25771352, 1273),
(463, 25772148, 1273),
(460, 25772405, 1273),
(450, 25785353, 1273),
(452, 25789280, 1273),
(454, 25789388, 1273),
(455, 25789730, 1273),
(459, 25789776, 1273),
(457, 25790086, 1273),
(384, 25921725, 1273),
(378, 26001506, 1273),
(431, 26001860, 1273),
(388, 26028931, 1273),
(345, 26200856, 1273),
(347, 26200857, 1273),
(350, 26200899, 1273),
(351, 26200900, 1273),
(353, 26200901, 1273),
(355, 26200902, 1273),
(357, 26200903, 1273),
(380, 26230055, 1273),
(382, 26230056, 1273),
(595, 26385565, 1273),
(596, 26385566, 1273),
(498, 26452280, 1273),
(499, 26452281, 1273),
(500, 26452305, 1273),
(496, 26452337, 1273),
(497, 26452338, 1273),
(473, 26472330, 1273),
(475, 26472346, 1273),
(477, 26472347, 1273),
(479, 26472348, 1273),
(480, 26472349, 1273),
(482, 26472351, 1273),
(484, 26472352, 1273),
(485, 26472359, 1273),
(486, 26472375, 1273),
(487, 26472388, 1273),
(390, 26481230, 1273),
(392, 26481231, 1273),
(394, 26481232, 1273),
(396, 26481272, 1273),
(547, 26492632, 1273),
(398, 26501419, 1273),
(399, 26501420, 1273),
(492, 26506840, 1273),
(493, 26506841, 1273),
(489, 26508438, 1273),
(490, 26508439, 1273),
(491, 26508440, 1273),
(386, 26509535, 1273),
(415, 26564966, 1273),
(417, 26638982, 1273),
(411, 27197046, 1273),
(409, 27470079, 1273),
(663, 27881567, 1273),
(413, 27945096, 1273),
(363, 28228007, 1273),
(365, 28228009, 1273),
(374, 28394638, 1273),
(376, 28394642, 1273),
(367, 28394879, 1273),
(369, 28394881, 1273),
(371, 28394882, 1273),
(372, 28394883, 1273),
(309, 28410774, 1273),
(311, 28410775, 1273),
(312, 28410776, 1273),
(315, 28410788, 1273),
(317, 28410792, 1273),
(424, 28872684, 1273),
(426, 28872690, 1273),
(422, 28872706, 1273),
(321, 28875227, 1273),
(420, 28945184, 1273),
(430, 29040626, 1273),
(428, 29040640, 1273),
(268, 29125924, 1273),
(782, 29186778, 1273),
(508, 29187340, 1273),
(509, 29187347, 1273),
(808, 29270932, 1273),
(712, 29271095, 1273),
(510, 29331771, 1273),
(511, 29331772, 1273),
(512, 29331773, 1273),
(513, 29331812, 1273),
(514, 29331814, 1273),
(515, 29417114, 1273),
(359, 29434508, 1273),
(636, 29735880, 1273),
(637, 29735881, 1273),
(638, 29735882, 1273),
(639, 29735883, 1273),
(640, 29736101, 1273),
(641, 29736102, 1273),
(642, 29736103, 1273),
(643, 29736104, 1273),
(644, 29736110, 1273),
(645, 29736181, 1273),
(551, 29769851, 1273),
(552, 29769852, 1273),
(553, 29769869, 1273),
(554, 29769871, 1273),
(558, 29769876, 1273),
(555, 29769880, 1273),
(556, 29769882, 1273),
(557, 29769892, 1273),
(507, 29815594, 1273),
(598, 29815670, 1273),
(599, 29815671, 1273),
(418, 29815917, 1273),
(520, 29834339, 1273),
(521, 29834426, 1273),
(289, 29834514, 1273),
(523, 29834553, 1273),
(522, 29834556, 1273),
(519, 29834619, 1273),
(518, 29834620, 1273),
(306, 29838987, 1273),
(560, 29846122, 1273),
(561, 29846139, 1273),
(559, 29846146, 1273),
(562, 29857780, 1273),
(563, 29857781, 1273),
(564, 29857790, 1273),
(565, 29857791, 1273),
(361, 29873305, 1273),
(348, 29873380, 1273),
(280, 29879211, 1273),
(260, 29879263, 1273),
(262, 29879265, 1273),
(264, 29879266, 1273),
(273, 29879302, 1273),
(278, 29879355, 1273),
(279, 29879374, 1273),
(282, 29879391, 1273),
(322, 29972927, 1273),
(330, 29981089, 1273),
(331, 30004847, 1273),
(337, 30091939, 1273),
(339, 30091940, 1273),
(341, 30091941, 1273),
(343, 30091942, 1273),
(328, 30290513, 1273),
(326, 30290515, 1273),
(333, 30740054, 1273),
(324, 30752761, 1273),
(320, 30755158, 1273),
(308, 30865669, 1273),
(291, 32296305, 1273),
(304, 32338522, 1273),
(207, 32413793, 1273),
(209, 32413794, 1273),
(211, 32413795, 1273),
(212, 32413796, 1273),
(213, 32413797, 1273),
(323, 32651181, 1273),
(283, 32686251, 1273),
(285, 32686267, 1273),
(124, 32796065, 1273),
(155, 34969978, 1273),
(196, 34999148, 1273),
(335, 35097227, 1273),
(215, 35189947, 1273),
(217, 35189949, 1273),
(219, 35189950, 1273),
(221, 35189951, 1273),
(223, 35189954, 1273),
(225, 35189955, 1273),
(227, 35189961, 1273),
(229, 35189962, 1273),
(243, 35234827, 1273),
(245, 35234828, 1273),
(247, 35234831, 1273),
(249, 35234834, 1273),
(231, 35234846, 1273),
(233, 35234848, 1273),
(235, 35234849, 1273),
(237, 35234851, 1273),
(239, 35234852, 1273),
(241, 35234853, 1273),
(779, 35256343, 1273),
(403, 35268853, 1273),
(405, 35268860, 1273),
(401, 35268866, 1273),
(753, 35303486, 1273),
(754, 35303495, 1273),
(755, 35303496, 1273),
(756, 35303497, 1273),
(757, 35303498, 1273),
(160, 35410586, 1273),
(266, 35572973, 1273),
(275, 35573039, 1273),
(287, 35603185, 1273),
(270, 35608397, 1273),
(194, 35620001, 1273),
(199, 35646712, 1273),
(200, 35646713, 1273),
(202, 35646714, 1273),
(204, 35646715, 1273),
(206, 35646825, 1273),
(192, 36002187, 1273),
(195, 36066412, 1273),
(319, 36409865, 1273),
(254, 36486892, 1273),
(256, 36486900, 1273),
(151, 36538638, 1273),
(152, 36538639, 1273),
(119, 36538754, 1273),
(121, 36538767, 1273),
(122, 36538769, 1273),
(153, 36538792, 1273),
(407, 36543403, 1273),
(293, 36619663, 1273),
(295, 36619664, 1273),
(297, 36619665, 1273),
(299, 36619666, 1273),
(301, 36619667, 1273),
(303, 36619668, 1273),
(134, 36691485, 1273),
(145, 36691668, 1273),
(187, 36800748, 1273),
(186, 36800749, 1273),
(185, 36800750, 1273),
(188, 36843488, 1273),
(191, 36845372, 1273),
(117, 36845373, 1273),
(136, 36871502, 1273),
(141, 36871627, 1273),
(142, 36871628, 1273),
(140, 36871637, 1273),
(139, 36871638, 1273),
(138, 36871639, 1273),
(197, 36871891, 1273),
(198, 36871892, 1273),
(258, 36904600, 1273),
(176, 36908495, 1273),
(181, 36908502, 1273),
(182, 36908511, 1273),
(125, 36908561, 1273),
(126, 36908566, 1273),
(129, 36908570, 1273),
(132, 36908579, 1273),
(133, 36908580, 1273),
(135, 36908581, 1273),
(137, 36908612, 1273),
(143, 36908627, 1273),
(144, 36908660, 1273),
(146, 36908668, 1273),
(148, 36908694, 1273),
(149, 36908706, 1273),
(150, 36908710, 1273),
(154, 36908752, 1273),
(156, 36908762, 1273),
(157, 36908769, 1273),
(159, 36908770, 1273),
(171, 36908800, 1273),
(174, 36908803, 1273),
(128, 36908822, 1273),
(120, 36909363, 1273),
(177, 36963581, 1273),
(178, 36963582, 1273),
(175, 36963658, 1273),
(172, 36964268, 1273),
(170, 36964597, 1273),
(162, 36964883, 1273),
(163, 36964897, 1273),
(165, 36964899, 1273),
(168, 36964912, 1273),
(169, 36964914, 1273),
(147, 36988245, 1273),
(183, 36988273, 1273),
(123, 36988314, 1273),
(855, 36994161, 5051),
(180, 37008582, 1273),
(179, 37008585, 1273),
(656, 37039312, 5051),
(158, 37089961, 1273),
(61, 37115986, 1273),
(821, 37199890, 5051),
(835, 37199901, 5051),
(838, 37199913, 5051),
(840, 37199987, 5051),
(828, 37218730, 5051),
(848, 37253925, 5051),
(844, 37270390, 5051),
(775, 37280168, 5051),
(193, 37281387, 1273),
(664, 37295021, 5051),
(820, 37296296, 5051),
(810, 37296326, 5051),
(114, 37341505, 1273),
(796, 37343336, 5051),
(672, 37414634, 5051),
(866, 37414699, 5051),
(781, 37473127, 5051),
(816, 37530118, 5051),
(833, 37530119, 5051),
(847, 37626201, 5051),
(849, 37640186, 5051),
(851, 37640187, 5051),
(784, 37640200, 5051),
(813, 37640208, 5051),
(830, 37640213, 5051),
(832, 37640214, 5051),
(693, 37645622, 5051),
(807, 37728990, 5051),
(829, 37728995, 5051),
(698, 37778423, 5051),
(115, 38028536, 1273),
(850, 38050522, 5051),
(68, 38162097, 1273),
(824, 38162219, 5051),
(75, 38163170, 1273),
(597, 38164023, 1273),
(74, 38164822, 1273),
(72, 38171120, 1273),
(73, 38171121, 1273),
(706, 38178485, 5051),
(860, 38215380, 5051),
(827, 38219789, 1273),
(59, 38230319, 1273),
(60, 38230320, 1273),
(251, 38233374, 1273),
(252, 38233389, 1273),
(863, 38234127, 5051),
(823, 38239788, 5051),
(113, 38242257, 1273),
(836, 38255016, 5051),
(854, 38352783, 5051),
(845, 38494707, 5051),
(792, 38494719, 5051),
(864, 38502673, 5051),
(869, 38502679, 5051),
(842, 38502762, 5051),
(843, 38503406, 5051),
(834, 38503431, 5051),
(790, 38518114, 5051),
(861, 38518190, 5051),
(54, 38537013, 1273),
(852, 38546350, 5051),
(853, 38546352, 5051),
(788, 38546569, 5051),
(778, 38552218, 5051),
(127, 38552232, 1273),
(184, 38552271, 1273),
(118, 38552308, 1273),
(130, 38552354, 1273),
(131, 38552617, 1273),
(106, 38565482, 1273),
(88, 38565498, 1273),
(89, 38565499, 1273),
(102, 38565529, 1273),
(103, 38565530, 1273),
(104, 38565538, 1273),
(105, 38565575, 1273),
(107, 38565596, 1273),
(108, 38565597, 1273),
(208, 38565598, 1273),
(210, 38565599, 1273),
(111, 38565600, 1273),
(203, 38565613, 1273),
(205, 38565631, 1273),
(79, 38565654, 1273),
(80, 38565658, 1273),
(81, 38565659, 1273),
(82, 38565667, 1273),
(83, 38565713, 1273),
(84, 38565714, 1273),
(85, 38565718, 1273),
(86, 38565726, 1273),
(87, 38565748, 1273),
(90, 38565761, 1273),
(91, 38565763, 1273),
(92, 38565764, 1273),
(93, 38565765, 1273),
(94, 38565769, 1273),
(95, 38565771, 1273),
(96, 38565795, 1273),
(97, 38565823, 1273),
(98, 38565840, 1273),
(99, 38565898, 1273),
(100, 38565973, 1273),
(101, 38565980, 1273),
(841, 38571067, 5051),
(201, 38595698, 1273),
(868, 39006785, 5051),
(759, 39150448, 5051),
(865, 39165841, 5051),
(116, 39199146, 1273),
(58, 39204055, 1273),
(837, 39211167, 5051),
(112, 39220520, 1273),
(802, 39237677, 5051),
(69, 39238201, 1273),
(164, 39248847, 1273),
(189, 39249033, 1273),
(190, 39249034, 1273),
(161, 39249076, 1273),
(166, 39249136, 1273),
(167, 39249219, 1273),
(839, 39249586, 5051),
(857, 39253626, 5051),
(66, 39255801, 1273),
(65, 39255818, 1273),
(173, 39257236, 1273),
(858, 39267031, 5051),
(859, 39267242, 5051),
(856, 39267284, 5051),
(67, 39268879, 1273),
(867, 39322276, 5051),
(763, 39386900, 5051),
(765, 39389528, 5051),
(862, 39552196, 5051),
(70, 39576686, 1273),
(71, 39576713, 1273),
(831, 40534800, 5051),
(62, 40547377, 1273),
(63, 40547378, 1273),
(64, 40547379, 1273),
(766, 40621373, 5051),
(767, 40631411, 5051),
(773, 40654179, 5051),
(55, 40844574, 1273),
(56, 40844623, 1273),
(57, 40844625, 1273),
(770, 41017854, 5051),
(771, 41017861, 5051);

-- --------------------------------------------------------

--
-- Структура таблицы `publications_to_publications`
--

CREATE TABLE `publications_to_publications` (
  `id` int(11) NOT NULL,
  `origin_publ_id` int(11) NOT NULL,
  `end_publ_id` int(11) NOT NULL
) ENGINE=InnoDB DEFAULT CHARSET=utf8;

--
-- Индексы сохранённых таблиц
--

--
-- Индексы таблицы `authors`
--
ALTER TABLE `authors`
  ADD PRIMARY KEY (`id`);

--
-- Индексы таблицы `authors_to_organisations`
--
ALTER TABLE `authors_to_organisations`
  ADD PRIMARY KEY (`id`),
  ADD UNIQUE KEY `orgsid` (`authorid`,`orgsid`),
  ADD KEY `orgsid_2` (`orgsid`);

--
-- Индексы таблицы `mylog`
--
ALTER TABLE `mylog`
  ADD PRIMARY KEY (`id`);

--
-- Индексы таблицы `organisations`
--
ALTER TABLE `organisations`
  ADD PRIMARY KEY (`id`),
  ADD KEY `type` (`type`),
  ADD KEY `city` (`city`),
  ADD KEY `country` (`country`),
  ADD KEY `region` (`region`),
  ADD KEY `name` (`name`(255)),
  ADD KEY `name_en` (`name_en`(255));

--
-- Индексы таблицы `publications`
--
ALTER TABLE `publications`
  ADD PRIMARY KEY (`id`);

--
-- Индексы таблицы `publications_to_authors`
--
ALTER TABLE `publications_to_authors`
  ADD PRIMARY KEY (`id`),
  ADD KEY `publicationid` (`publicationid`),
  ADD KEY `authorid` (`authorid`);

--
-- Индексы таблицы `publications_to_organisations`
--
ALTER TABLE `publications_to_organisations`
  ADD PRIMARY KEY (`id`),
  ADD UNIQUE KEY `publicationid` (`publicationid`,`orgsid`),
  ADD KEY `orgsid` (`orgsid`);

--
-- Индексы таблицы `publications_to_publications`
--
ALTER TABLE `publications_to_publications`
  ADD PRIMARY KEY (`id`),
  ADD UNIQUE KEY `origin_publ_id` (`origin_publ_id`,`end_publ_id`),
  ADD KEY `end_publ_id` (`end_publ_id`);

--
-- AUTO_INCREMENT для сохранённых таблиц
--

--
-- AUTO_INCREMENT для таблицы `authors`
--
ALTER TABLE `authors`
  MODIFY `id` int(11) NOT NULL AUTO_INCREMENT, AUTO_INCREMENT=1041894;

--
-- AUTO_INCREMENT для таблицы `authors_to_organisations`
--
ALTER TABLE `authors_to_organisations`
  MODIFY `id` int(11) NOT NULL AUTO_INCREMENT, AUTO_INCREMENT=307;

--
-- AUTO_INCREMENT для таблицы `mylog`
--
ALTER TABLE `mylog`
  MODIFY `id` int(11) NOT NULL AUTO_INCREMENT;

--
-- AUTO_INCREMENT для таблицы `publications_to_authors`
--
ALTER TABLE `publications_to_authors`
  MODIFY `id` int(11) NOT NULL AUTO_INCREMENT, AUTO_INCREMENT=395;

--
-- AUTO_INCREMENT для таблицы `publications_to_organisations`
--
ALTER TABLE `publications_to_organisations`
  MODIFY `id` int(11) NOT NULL AUTO_INCREMENT, AUTO_INCREMENT=870;

--
-- AUTO_INCREMENT для таблицы `publications_to_publications`
--
ALTER TABLE `publications_to_publications`
  MODIFY `id` int(11) NOT NULL AUTO_INCREMENT;

--
-- Ограничения внешнего ключа сохраненных таблиц
--

--
-- Ограничения внешнего ключа таблицы `authors_to_organisations`
--
ALTER TABLE `authors_to_organisations`
  ADD CONSTRAINT `authors_to_organisations_ibfk_1` FOREIGN KEY (`orgsid`) REFERENCES `organisations` (`id`) ON DELETE CASCADE ON UPDATE CASCADE,
  ADD CONSTRAINT `authors_to_organisations_ibfk_2` FOREIGN KEY (`authorid`) REFERENCES `authors` (`id`) ON DELETE CASCADE ON UPDATE CASCADE;

--
-- Ограничения внешнего ключа таблицы `publications_to_authors`
--
ALTER TABLE `publications_to_authors`
  ADD CONSTRAINT `publications_to_authors_ibfk_1` FOREIGN KEY (`publicationid`) REFERENCES `publications` (`id`) ON DELETE CASCADE ON UPDATE CASCADE,
  ADD CONSTRAINT `publications_to_authors_ibfk_2` FOREIGN KEY (`authorid`) REFERENCES `authors` (`id`) ON DELETE CASCADE ON UPDATE CASCADE;

--
-- Ограничения внешнего ключа таблицы `publications_to_organisations`
--
ALTER TABLE `publications_to_organisations`
  ADD CONSTRAINT `publications_to_organisations_ibfk_1` FOREIGN KEY (`publicationid`) REFERENCES `publications` (`id`) ON DELETE CASCADE ON UPDATE CASCADE,
  ADD CONSTRAINT `publications_to_organisations_ibfk_2` FOREIGN KEY (`orgsid`) REFERENCES `organisations` (`id`) ON DELETE CASCADE ON UPDATE CASCADE;

--
-- Ограничения внешнего ключа таблицы `publications_to_publications`
--
ALTER TABLE `publications_to_publications`
  ADD CONSTRAINT `publications_to_publications_ibfk_1` FOREIGN KEY (`origin_publ_id`) REFERENCES `publications` (`id`) ON DELETE CASCADE ON UPDATE CASCADE,
  ADD CONSTRAINT `publications_to_publications_ibfk_2` FOREIGN KEY (`end_publ_id`) REFERENCES `publications` (`id`) ON DELETE CASCADE ON UPDATE CASCADE;
COMMIT;

/*!40101 SET CHARACTER_SET_CLIENT=@OLD_CHARACTER_SET_CLIENT */;
/*!40101 SET CHARACTER_SET_RESULTS=@OLD_CHARACTER_SET_RESULTS */;
/*!40101 SET COLLATION_CONNECTION=@OLD_COLLATION_CONNECTION */;
